cohort,hhidpn,T1_wave,T1_year,T2_wave,T2_year,child_contact_source_T1,child_contact_source_T2,weekly_contact_children_T1,weekly_contact_children_T2,child_contact_status_T1,child_contact_status_T2,child_contact_change_T2_minus_T1,child_contact_transition,weekly_contact_children_in_person_T1,weekly_contact_children_in_person_T2,weekly_contact_children_phone_mail_email_T1,weekly_contact_children_phone_mail_email_T2,child_contact_raw_T1,child_contact_raw_T2
A,3010,8,2006,10,2010,R8KCNT,R10KCNT,0.0,0.0,less_than_weekly,less_than_weekly,0.0,persistently_below_weekly,0.0,0.0,0.0,0.0,0,0
A,3020,8,2006,10,2010,R8KCNT,R10KCNT,1.0,0.0,weekly,less_than_weekly,-1.0,decreased_below_weekly,0.0,0.0,1.0,0.0,1,0
A,10004010,8,2006,10,2010,R8KCNT,R10KCNT,1.0,1.0,weekly,weekly,0.0,maintained_weekly,0.0,,1.0,1.0,1,1
A,10013010,8,2006,10,2010,R8KCNT,R10KCNT,0.0,0.0,less_than_weekly,less_than_weekly,0.0,persistently_below_weekly,0.0,0.0,0.0,0.0,0,0
A,10038010,8,2006,10,2010,R8KCNT,R10KCNT,1.0,1.0,weekly,weekly,0.0,maintained_weekly,0.0,0.0,1.0,1.0,1,1
A,10038040,8,2006,10,2010,R8KCNT,R10KCNT,1.0,1.0,weekly,weekly,0.0,maintained_weekly,1.0,0.0,1.0,1.0,1,1
A,10059020,8,2006,10,2010,R8KCNT,R10KCNT,1.0,1.0,weekly,weekly,0.0,maintained_weekly,0.0,0.0,1.0,1.0,1,1
A,10109030,8,2006,10,2010,R8KCNT,R10KCNT,1.0,1.0,weekly,weekly,0.0,maintained_weekly,1.0,1.0,1.0,1.0,1,1
A,10147010,8,2006,10,2010,R8KCNT,R10KCNT,1.0,1.0,weekly,weekly,0.0,maintained_weekly,1.0,1.0,1.0,1.0,1,1
A,10404010,8,2006,10,2010,R8KCNT,R10KCNT,1.0,1.0,weekly,weekly,0.0,maintained_weekly,0.0,0.0,1.0,1.0,1,1
A,10451010,8,2006,10,2010,R8KCNT,R10KCNT,1.0,1.0,weekly,weekly,0.0,maintained_weekly,0.0,0.0,1.0,1.0,1,1
A,10451020,8,2006,10,2010,R8KCNT,R10KCNT,1.0,1.0,weekly,weekly,0.0,maintained_weekly,0.0,0.0,1.0,1.0,1,1
A,10453010,8,2006,10,2010,R8KCNT,R10KCNT,1.0,1.0,weekly,weekly,0.0,maintained_weekly,0.0,1.0,1.0,1.0,1,1
A,10453020,8,2006,10,2010,R8KCNT,R10KCNT,1.0,1.0,weekly,weekly,0.0,maintained_weekly,0.0,1.0,1.0,0.0,1,1
A,10458020,8,2006,10,2010,R8KCNT,R10KCNT,0.0,,less_than_weekly,not_interviewed_or_plain_missing,,,0.0,,0.0,,0,.
A,10481010,8,2006,10,2010,R8KCNT,R10KCNT,1.0,1.0,weekly,weekly,0.0,maintained_weekly,0.0,0.0,1.0,1.0,1,1
A,10481020,8,2006,10,2010,R8KCNT,R10KCNT,1.0,1.0,weekly,weekly,0.0,maintained_weekly,0.0,0.0,1.0,1.0,1,1
A,10571010,8,2006,10,2010,R8KCNT,R10KCNT,1.0,1.0,weekly,weekly,0.0,maintained_weekly,1.0,1.0,1.0,1.0,1,1
A,10648010,8,2006,10,2010,R8KCNT,R10KCNT,0.0,1.0,less_than_weekly,weekly,1.0,increased_to_weekly,0.0,0.0,0.0,1.0,0,1
A,10648020,8,2006,10,2010,R8KCNT,R10KCNT,,,no_children,no_children,,,,,,,.k,.k
A,10769010,8,2006,10,2010,R8KCNT,R10KCNT,1.0,1.0,weekly,weekly,0.0,maintained_weekly,0.0,0.0,1.0,1.0,1,1
A,10818010,8,2006,10,2010,R8KCNT,R10KCNT,0.0,0.0,less_than_weekly,less_than_weekly,0.0,persistently_below_weekly,0.0,0.0,0.0,0.0,0,0
A,10902010,8,2006,10,2010,R8KCNT,R10KCNT,0.0,,less_than_weekly,missing_response,,,0.0,,0.0,,0,.m
A,10917010,8,2006,10,2010,R8KCNT,R10KCNT,1.0,1.0,weekly,weekly,0.0,maintained_weekly,0.0,1.0,1.0,1.0,1,1
A,10989010,8,2006,10,2010,R8KCNT,R10KCNT,1.0,1.0,weekly,weekly,0.0,maintained_weekly,0.0,1.0,1.0,0.0,1,1
A,10989020,8,2006,10,2010,R8KCNT,R10KCNT,1.0,1.0,weekly,weekly,0.0,maintained_weekly,0.0,1.0,1.0,1.0,1,1
A,11067020,8,2006,10,2010,R8KCNT,R10KCNT,,,no_children,no_children,,,,,,,.k,.k
A,11067030,8,2006,10,2010,R8KCNT,R10KCNT,,,no_children,no_children,,,,,,,.k,.k
A,11071010,8,2006,10,2010,R8KCNT,R10KCNT,1.0,1.0,weekly,weekly,0.0,maintained_weekly,1.0,0.0,1.0,1.0,1,1
A,11071020,8,2006,10,2010,R8KCNT,R10KCNT,0.0,0.0,less_than_weekly,less_than_weekly,0.0,persistently_below_weekly,0.0,0.0,0.0,0.0,0,0
A,11141010,8,2006,10,2010,R8KCNT,R10KCNT,1.0,1.0,weekly,weekly,0.0,maintained_weekly,0.0,0.0,1.0,1.0,1,1
A,11141020,8,2006,10,2010,R8KCNT,R10KCNT,0.0,0.0,less_than_weekly,less_than_weekly,0.0,persistently_below_weekly,0.0,0.0,0.0,0.0,0,0
A,11179010,8,2006,10,2010,R8KCNT,R10KCNT,1.0,1.0,weekly,weekly,0.0,maintained_weekly,0.0,0.0,1.0,1.0,1,1
A,11179020,8,2006,10,2010,R8KCNT,R10KCNT,1.0,,weekly,no_children,,,0.0,,1.0,,1,.k
A,11230010,8,2006,10,2010,R8KCNT,R10KCNT,1.0,1.0,weekly,weekly,0.0,maintained_weekly,0.0,,1.0,1.0,1,1
A,11248010,8,2006,10,2010,R8KCNT,R10KCNT,1.0,1.0,weekly,weekly,0.0,maintained_weekly,0.0,0.0,1.0,1.0,1,1
A,11256010,8,2006,10,2010,R8KCNT,R10KCNT,,,no_children,no_children,,,,,,,.k,.k
A,11333020,8,2006,10,2010,R8KCNT,R10KCNT,1.0,1.0,weekly,weekly,0.0,maintained_weekly,1.0,1.0,1.0,1.0,1,1
A,11333030,8,2006,10,2010,R8KCNT,R10KCNT,1.0,1.0,weekly,weekly,0.0,maintained_weekly,1.0,1.0,1.0,1.0,1,1
A,11341010,8,2006,10,2010,R8KCNT,R10KCNT,1.0,1.0,weekly,weekly,0.0,maintained_weekly,0.0,0.0,1.0,1.0,1,1
A,11347020,8,2006,10,2010,R8KCNT,R10KCNT,0.0,0.0,less_than_weekly,less_than_weekly,0.0,persistently_below_weekly,0.0,0.0,0.0,0.0,0,0
A,11347030,8,2006,10,2010,R8KCNT,R10KCNT,0.0,0.0,less_than_weekly,less_than_weekly,0.0,persistently_below_weekly,0.0,0.0,0.0,0.0,0,0
A,11378010,8,2006,10,2010,R8KCNT,R10KCNT,1.0,1.0,weekly,weekly,0.0,maintained_weekly,1.0,1.0,1.0,1.0,1,1
A,11378020,8,2006,10,2010,R8KCNT,R10KCNT,1.0,1.0,weekly,weekly,0.0,maintained_weekly,1.0,1.0,1.0,1.0,1,1
A,11379020,8,2006,10,2010,R8KCNT,R10KCNT,0.0,0.0,less_than_weekly,less_than_weekly,0.0,persistently_below_weekly,0.0,0.0,0.0,0.0,0,0
A,11575020,8,2006,10,2010,R8KCNT,R10KCNT,1.0,1.0,weekly,weekly,0.0,maintained_weekly,0.0,0.0,1.0,1.0,1,1
A,11582020,8,2006,10,2010,R8KCNT,R10KCNT,1.0,1.0,weekly,weekly,0.0,maintained_weekly,0.0,0.0,1.0,1.0,1,1
A,11590020,8,2006,10,2010,R8KCNT,R10KCNT,1.0,1.0,weekly,weekly,0.0,maintained_weekly,0.0,1.0,1.0,1.0,1,1
A,11608010,8,2006,10,2010,R8KCNT,R10KCNT,1.0,1.0,weekly,weekly,0.0,maintained_weekly,0.0,0.0,1.0,1.0,1,1
A,11608040,8,2006,10,2010,R8KCNT,R10KCNT,1.0,0.0,weekly,less_than_weekly,-1.0,decreased_below_weekly,0.0,0.0,1.0,0.0,1,0
A,11620010,8,2006,10,2010,R8KCNT,R10KCNT,,1.0,missing_response,weekly,,,,1.0,,1.0,.m,1
A,11678010,8,2006,10,2010,R8KCNT,R10KCNT,1.0,1.0,weekly,weekly,0.0,maintained_weekly,1.0,0.0,1.0,1.0,1,1
A,11765010,8,2006,10,2010,R8KCNT,R10KCNT,,,missing_response,no_children,,,,,,,.m,.k
A,11802010,8,2006,10,2010,R8KCNT,R10KCNT,1.0,,weekly,leave_behind_not_completed_or_ineligible,,,0.0,,1.0,,1,.l
A,11841010,8,2006,10,2010,R8KCNT,R10KCNT,1.0,1.0,weekly,weekly,0.0,maintained_weekly,0.0,0.0,1.0,1.0,1,1
A,11854010,8,2006,10,2010,R8KCNT,R10KCNT,1.0,1.0,weekly,weekly,0.0,maintained_weekly,1.0,0.0,1.0,1.0,1,1
A,11854020,8,2006,10,2010,R8KCNT,R10KCNT,1.0,1.0,weekly,weekly,0.0,maintained_weekly,1.0,1.0,1.0,1.0,1,1
A,11856010,8,2006,10,2010,R8KCNT,R10KCNT,1.0,,weekly,leave_behind_not_completed_or_ineligible,,,1.0,,1.0,,1,.l
A,11876010,8,2006,10,2010,R8KCNT,R10KCNT,1.0,1.0,weekly,weekly,0.0,maintained_weekly,1.0,0.0,1.0,1.0,1,1
A,11937010,8,2006,10,2010,R8KCNT,R10KCNT,0.0,0.0,less_than_weekly,less_than_weekly,0.0,persistently_below_weekly,0.0,0.0,0.0,0.0,0,0
A,11999010,8,2006,10,2010,R8KCNT,R10KCNT,1.0,1.0,weekly,weekly,0.0,maintained_weekly,0.0,0.0,1.0,1.0,1,1
A,11999020,8,2006,10,2010,R8KCNT,R10KCNT,1.0,1.0,weekly,weekly,0.0,maintained_weekly,0.0,0.0,1.0,1.0,1,1
A,12005010,8,2006,10,2010,R8KCNT,R10KCNT,1.0,1.0,weekly,weekly,0.0,maintained_weekly,1.0,1.0,1.0,1.0,1,1
A,12124020,8,2006,10,2010,R8KCNT,R10KCNT,1.0,,weekly,leave_behind_not_completed_or_ineligible,,,1.0,,1.0,,1,.l
A,12124030,8,2006,10,2010,R8KCNT,R10KCNT,1.0,1.0,weekly,weekly,0.0,maintained_weekly,1.0,0.0,1.0,1.0,1,1
A,12162010,8,2006,10,2010,R8KCNT,R10KCNT,,,no_children,no_children,,,,,,,.k,.k
A,12232010,8,2006,10,2010,R8KCNT,R10KCNT,0.0,1.0,less_than_weekly,weekly,1.0,increased_to_weekly,0.0,1.0,0.0,1.0,0,1
A,12232040,8,2006,10,2010,R8KCNT,R10KCNT,0.0,,less_than_weekly,no_children,,,0.0,,0.0,,0,.k
A,12235010,8,2006,10,2010,R8KCNT,R10KCNT,1.0,1.0,weekly,weekly,0.0,maintained_weekly,0.0,0.0,1.0,1.0,1,1
A,12235040,8,2006,10,2010,R8KCNT,R10KCNT,1.0,1.0,weekly,weekly,0.0,maintained_weekly,0.0,0.0,1.0,1.0,1,1
A,12242010,8,2006,10,2010,R8KCNT,R10KCNT,1.0,1.0,weekly,weekly,0.0,maintained_weekly,1.0,1.0,1.0,1.0,1,1
A,12242020,8,2006,10,2010,R8KCNT,R10KCNT,1.0,1.0,weekly,weekly,0.0,maintained_weekly,0.0,1.0,1.0,1.0,1,1
A,12252020,8,2006,10,2010,R8KCNT,R10KCNT,1.0,1.0,weekly,weekly,0.0,maintained_weekly,1.0,1.0,1.0,1.0,1,1
A,12292010,8,2006,10,2010,R8KCNT,R10KCNT,1.0,1.0,weekly,weekly,0.0,maintained_weekly,1.0,0.0,1.0,1.0,1,1
A,12292020,8,2006,10,2010,R8KCNT,R10KCNT,1.0,,weekly,leave_behind_not_completed_or_ineligible,,,1.0,,0.0,,1,.l
A,12310010,8,2006,10,2010,R8KCNT,R10KCNT,0.0,0.0,less_than_weekly,less_than_weekly,0.0,persistently_below_weekly,0.0,0.0,0.0,0.0,0,0
A,12319010,8,2006,10,2010,R8KCNT,R10KCNT,1.0,1.0,weekly,weekly,0.0,maintained_weekly,0.0,0.0,1.0,1.0,1,1
A,12393020,8,2006,10,2010,R8KCNT,R10KCNT,1.0,1.0,weekly,weekly,0.0,maintained_weekly,1.0,0.0,1.0,1.0,1,1
A,12393030,8,2006,10,2010,R8KCNT,R10KCNT,0.0,0.0,less_than_weekly,less_than_weekly,0.0,persistently_below_weekly,0.0,0.0,0.0,0.0,0,0
A,12418020,8,2006,10,2010,R8KCNT,R10KCNT,,,no_children,not_interviewed_or_plain_missing,,,,,,,.k,.
A,12445010,8,2006,10,2010,R8KCNT,R10KCNT,1.0,1.0,weekly,weekly,0.0,maintained_weekly,0.0,0.0,1.0,1.0,1,1
A,12455010,8,2006,10,2010,R8KCNT,R10KCNT,,1.0,leave_behind_not_completed_or_ineligible,weekly,,,,1.0,,1.0,.l,1
A,12458020,8,2006,10,2010,R8KCNT,R10KCNT,1.0,0.0,weekly,less_than_weekly,-1.0,decreased_below_weekly,1.0,0.0,1.0,0.0,1,0
A,12484010,8,2006,10,2010,R8KCNT,R10KCNT,1.0,1.0,weekly,weekly,0.0,maintained_weekly,1.0,1.0,1.0,1.0,1,1
A,12484020,8,2006,10,2010,R8KCNT,R10KCNT,1.0,1.0,weekly,weekly,0.0,maintained_weekly,1.0,0.0,1.0,1.0,1,1
A,12507010,8,2006,10,2010,R8KCNT,R10KCNT,,,no_children,no_children,,,,,,,.k,.k
A,12529020,8,2006,10,2010,R8KCNT,R10KCNT,,1.0,leave_behind_not_completed_or_ineligible,weekly,,,,1.0,,1.0,.l,1
A,12543010,8,2006,10,2010,R8KCNT,R10KCNT,,,no_children,no_children,,,,,,,.k,.k
A,12586010,8,2006,10,2010,R8KCNT,R10KCNT,0.0,1.0,less_than_weekly,weekly,1.0,increased_to_weekly,0.0,0.0,0.0,1.0,0,1
A,12586020,8,2006,10,2010,R8KCNT,R10KCNT,1.0,1.0,weekly,weekly,0.0,maintained_weekly,0.0,0.0,1.0,1.0,1,1
A,12588010,8,2006,10,2010,R8KCNT,R10KCNT,1.0,0.0,weekly,less_than_weekly,-1.0,decreased_below_weekly,0.0,0.0,1.0,0.0,1,0
A,12588020,8,2006,10,2010,R8KCNT,R10KCNT,1.0,1.0,weekly,weekly,0.0,maintained_weekly,0.0,0.0,1.0,1.0,1,1
A,12605010,8,2006,10,2010,R8KCNT,R10KCNT,1.0,1.0,weekly,weekly,0.0,maintained_weekly,1.0,1.0,1.0,1.0,1,1
A,12611010,8,2006,10,2010,R8KCNT,R10KCNT,1.0,1.0,weekly,weekly,0.0,maintained_weekly,1.0,0.0,1.0,1.0,1,1
A,12611020,8,2006,10,2010,R8KCNT,R10KCNT,1.0,1.0,weekly,weekly,0.0,maintained_weekly,1.0,0.0,1.0,1.0,1,1
A,12629010,8,2006,10,2010,R8KCNT,R10KCNT,1.0,1.0,weekly,weekly,0.0,maintained_weekly,0.0,0.0,1.0,1.0,1,1
A,12695020,8,2006,10,2010,R8KCNT,R10KCNT,1.0,1.0,weekly,weekly,0.0,maintained_weekly,1.0,1.0,1.0,1.0,1,1
A,12744010,8,2006,10,2010,R8KCNT,R10KCNT,1.0,0.0,weekly,less_than_weekly,-1.0,decreased_below_weekly,0.0,0.0,1.0,0.0,1,0
A,12744011,8,2006,10,2010,R8KCNT,R10KCNT,0.0,,less_than_weekly,leave_behind_not_completed_or_ineligible,,,0.0,,0.0,,0,.l
A,12745010,8,2006,10,2010,R8KCNT,R10KCNT,1.0,0.0,weekly,less_than_weekly,-1.0,decreased_below_weekly,1.0,0.0,0.0,0.0,1,0
A,12745020,8,2006,10,2010,R8KCNT,R10KCNT,1.0,0.0,weekly,less_than_weekly,-1.0,decreased_below_weekly,1.0,0.0,0.0,0.0,1,0
A,12792010,8,2006,10,2010,R8KCNT,R10KCNT,,,no_children,no_children,,,,,,,.k,.k
A,12854010,8,2006,10,2010,R8KCNT,R10KCNT,1.0,1.0,weekly,weekly,0.0,maintained_weekly,0.0,0.0,1.0,1.0,1,1
A,12864020,8,2006,10,2010,R8KCNT,R10KCNT,1.0,1.0,weekly,weekly,0.0,maintained_weekly,0.0,0.0,1.0,1.0,1,1
A,12909020,8,2006,10,2010,R8KCNT,R10KCNT,,,no_children,no_children,,,,,,,.k,.k
A,12964040,8,2006,10,2010,R8KCNT,R10KCNT,,,leave_behind_not_completed_or_ineligible,no_children,,,,,,,.l,.k
A,12979010,8,2006,10,2010,R8KCNT,R10KCNT,0.0,1.0,less_than_weekly,weekly,1.0,increased_to_weekly,0.0,1.0,0.0,1.0,0,1
A,12979020,8,2006,10,2010,R8KCNT,R10KCNT,1.0,1.0,weekly,weekly,0.0,maintained_weekly,0.0,,1.0,1.0,1,1
A,12987020,8,2006,10,2010,R8KCNT,R10KCNT,1.0,1.0,weekly,weekly,0.0,maintained_weekly,0.0,0.0,1.0,1.0,1,1
A,13063010,8,2006,10,2010,R8KCNT,R10KCNT,,1.0,missing_response,weekly,,,,1.0,,1.0,.m,1
A,13140010,8,2006,10,2010,R8KCNT,R10KCNT,1.0,1.0,weekly,weekly,0.0,maintained_weekly,1.0,1.0,1.0,1.0,1,1
A,13140040,8,2006,10,2010,R8KCNT,R10KCNT,1.0,1.0,weekly,weekly,0.0,maintained_weekly,1.0,1.0,1.0,1.0,1,1
A,13158010,8,2006,10,2010,R8KCNT,R10KCNT,0.0,1.0,less_than_weekly,weekly,1.0,increased_to_weekly,0.0,0.0,0.0,1.0,0,1
A,13176020,8,2006,10,2010,R8KCNT,R10KCNT,1.0,1.0,weekly,weekly,0.0,maintained_weekly,1.0,1.0,1.0,1.0,1,1
A,13194010,8,2006,10,2010,R8KCNT,R10KCNT,1.0,,weekly,leave_behind_not_completed_or_ineligible,,,1.0,,1.0,,1,.l
A,13208010,8,2006,10,2010,R8KCNT,R10KCNT,1.0,0.0,weekly,less_than_weekly,-1.0,decreased_below_weekly,0.0,0.0,1.0,0.0,1,0
A,13208040,8,2006,10,2010,R8KCNT,R10KCNT,0.0,0.0,less_than_weekly,less_than_weekly,0.0,persistently_below_weekly,0.0,0.0,0.0,0.0,0,0
A,13211010,8,2006,10,2010,R8KCNT,R10KCNT,1.0,1.0,weekly,weekly,0.0,maintained_weekly,1.0,1.0,1.0,1.0,1,1
A,13231010,8,2006,10,2010,R8KCNT,R10KCNT,0.0,1.0,less_than_weekly,weekly,1.0,increased_to_weekly,0.0,0.0,0.0,1.0,0,1
A,13231020,8,2006,10,2010,R8KCNT,R10KCNT,0.0,0.0,less_than_weekly,less_than_weekly,0.0,persistently_below_weekly,0.0,0.0,0.0,0.0,0,0
A,13371010,8,2006,10,2010,R8KCNT,R10KCNT,0.0,0.0,less_than_weekly,less_than_weekly,0.0,persistently_below_weekly,0.0,0.0,0.0,0.0,0,0
A,13390020,8,2006,10,2010,R8KCNT,R10KCNT,1.0,1.0,weekly,weekly,0.0,maintained_weekly,0.0,0.0,1.0,1.0,1,1
A,13392020,8,2006,10,2010,R8KCNT,R10KCNT,,1.0,leave_behind_not_completed_or_ineligible,weekly,,,,1.0,,1.0,.l,1
A,13399010,8,2006,10,2010,R8KCNT,R10KCNT,1.0,,weekly,no_children,,,0.0,,1.0,,1,.k
A,13418010,8,2006,10,2010,R8KCNT,R10KCNT,1.0,1.0,weekly,weekly,0.0,maintained_weekly,1.0,1.0,1.0,1.0,1,1
A,13552020,8,2006,10,2010,R8KCNT,R10KCNT,1.0,1.0,weekly,weekly,0.0,maintained_weekly,0.0,0.0,1.0,1.0,1,1
A,13552030,8,2006,10,2010,R8KCNT,R10KCNT,0.0,0.0,less_than_weekly,less_than_weekly,0.0,persistently_below_weekly,0.0,0.0,0.0,0.0,0,0
A,13573010,8,2006,10,2010,R8KCNT,R10KCNT,,1.0,missing_response,weekly,,,,1.0,,1.0,.m,1
A,13590030,8,2006,10,2010,R8KCNT,R10KCNT,1.0,1.0,weekly,weekly,0.0,maintained_weekly,1.0,1.0,1.0,1.0,1,1
A,13590040,8,2006,10,2010,R8KCNT,R10KCNT,1.0,1.0,weekly,weekly,0.0,maintained_weekly,1.0,1.0,1.0,1.0,1,1
A,13598010,8,2006,10,2010,R8KCNT,R10KCNT,1.0,,weekly,no_children,,,0.0,,1.0,,1,.k
A,13598020,8,2006,10,2010,R8KCNT,R10KCNT,1.0,1.0,weekly,weekly,0.0,maintained_weekly,1.0,1.0,1.0,0.0,1,1
A,13635010,8,2006,10,2010,R8KCNT,R10KCNT,,,no_children,no_children,,,,,,,.k,.k
A,13635020,8,2006,10,2010,R8KCNT,R10KCNT,,,no_children,no_children,,,,,,,.k,.k
A,13637010,8,2006,10,2010,R8KCNT,R10KCNT,0.0,0.0,less_than_weekly,less_than_weekly,0.0,persistently_below_weekly,0.0,0.0,0.0,0.0,0,0
A,13637040,8,2006,10,2010,R8KCNT,R10KCNT,,1.0,leave_behind_not_completed_or_ineligible,weekly,,,,0.0,,1.0,.l,1
A,13671010,8,2006,10,2010,R8KCNT,R10KCNT,,1.0,leave_behind_not_completed_or_ineligible,weekly,,,,1.0,,1.0,.l,1
A,13671020,8,2006,10,2010,R8KCNT,R10KCNT,,1.0,leave_behind_not_completed_or_ineligible,weekly,,,,1.0,,1.0,.l,1
A,13734010,8,2006,10,2010,R8KCNT,R10KCNT,1.0,1.0,weekly,weekly,0.0,maintained_weekly,1.0,0.0,1.0,1.0,1,1
A,13734020,8,2006,10,2010,R8KCNT,R10KCNT,1.0,1.0,weekly,weekly,0.0,maintained_weekly,1.0,0.0,1.0,1.0,1,1
A,13738010,8,2006,10,2010,R8KCNT,R10KCNT,1.0,1.0,weekly,weekly,0.0,maintained_weekly,1.0,0.0,1.0,1.0,1,1
A,13738020,8,2006,10,2010,R8KCNT,R10KCNT,0.0,0.0,less_than_weekly,less_than_weekly,0.0,persistently_below_weekly,0.0,0.0,0.0,0.0,0,0
A,13757030,8,2006,10,2010,R8KCNT,R10KCNT,1.0,1.0,weekly,weekly,0.0,maintained_weekly,1.0,0.0,1.0,1.0,1,1
A,13857010,8,2006,10,2010,R8KCNT,R10KCNT,0.0,0.0,less_than_weekly,less_than_weekly,0.0,persistently_below_weekly,0.0,0.0,0.0,0.0,0,0
A,13857020,8,2006,10,2010,R8KCNT,R10KCNT,0.0,0.0,less_than_weekly,less_than_weekly,0.0,persistently_below_weekly,0.0,0.0,0.0,0.0,0,0
A,13858020,8,2006,10,2010,R8KCNT,R10KCNT,,0.0,leave_behind_not_completed_or_ineligible,less_than_weekly,,,,0.0,,0.0,.l,0
A,13858030,8,2006,10,2010,R8KCNT,R10KCNT,1.0,1.0,weekly,weekly,0.0,maintained_weekly,1.0,1.0,1.0,1.0,1,1
A,13894010,8,2006,10,2010,R8KCNT,R10KCNT,1.0,1.0,weekly,weekly,0.0,maintained_weekly,0.0,0.0,1.0,1.0,1,1
A,13894011,8,2006,10,2010,R8KCNT,R10KCNT,,1.0,not_interviewed_or_plain_missing,weekly,,,,0.0,,1.0,.,1
A,13899040,8,2006,10,2010,R8KCNT,R10KCNT,1.0,1.0,weekly,weekly,0.0,maintained_weekly,0.0,0.0,1.0,1.0,1,1
A,13899041,8,2006,10,2010,R8KCNT,R10KCNT,0.0,0.0,less_than_weekly,less_than_weekly,0.0,persistently_below_weekly,0.0,0.0,0.0,0.0,0,0
A,13902010,8,2006,10,2010,R8KCNT,R10KCNT,1.0,1.0,weekly,weekly,0.0,maintained_weekly,1.0,1.0,1.0,1.0,1,1
A,13902020,8,2006,10,2010,R8KCNT,R10KCNT,1.0,1.0,weekly,weekly,0.0,maintained_weekly,0.0,1.0,1.0,1.0,1,1
A,13916010,8,2006,10,2010,R8KCNT,R10KCNT,1.0,0.0,weekly,less_than_weekly,-1.0,decreased_below_weekly,0.0,0.0,1.0,0.0,1,0
A,14028010,8,2006,10,2010,R8KCNT,R10KCNT,1.0,0.0,weekly,less_than_weekly,-1.0,decreased_below_weekly,1.0,0.0,1.0,0.0,1,0
A,14028020,8,2006,10,2010,R8KCNT,R10KCNT,1.0,,weekly,no_children,,,1.0,,1.0,,1,.k
A,14069010,8,2006,10,2010,R8KCNT,R10KCNT,1.0,0.0,weekly,less_than_weekly,-1.0,decreased_below_weekly,0.0,0.0,1.0,0.0,1,0
A,14069020,8,2006,10,2010,R8KCNT,R10KCNT,1.0,1.0,weekly,weekly,0.0,maintained_weekly,0.0,0.0,1.0,1.0,1,1
A,14072010,8,2006,10,2010,R8KCNT,R10KCNT,1.0,1.0,weekly,weekly,0.0,maintained_weekly,1.0,1.0,1.0,1.0,1,1
A,14072040,8,2006,10,2010,R8KCNT,R10KCNT,1.0,1.0,weekly,weekly,0.0,maintained_weekly,1.0,1.0,1.0,1.0,1,1
A,14081010,8,2006,10,2010,R8KCNT,R10KCNT,,1.0,leave_behind_not_completed_or_ineligible,weekly,,,,1.0,,1.0,.l,1
A,14085010,8,2006,10,2010,R8KCNT,R10KCNT,,,no_children,no_children,,,,,,,.k,.k
A,14092010,8,2006,10,2010,R8KCNT,R10KCNT,1.0,1.0,weekly,weekly,0.0,maintained_weekly,1.0,1.0,1.0,1.0,1,1
A,14092040,8,2006,10,2010,R8KCNT,R10KCNT,1.0,1.0,weekly,weekly,0.0,maintained_weekly,1.0,0.0,1.0,1.0,1,1
A,14098010,8,2006,10,2010,R8KCNT,R10KCNT,1.0,1.0,weekly,weekly,0.0,maintained_weekly,1.0,1.0,1.0,1.0,1,1
A,14115020,8,2006,10,2010,R8KCNT,R10KCNT,1.0,0.0,weekly,less_than_weekly,-1.0,decreased_below_weekly,1.0,0.0,1.0,0.0,1,0
A,14115021,8,2006,10,2010,R8KCNT,R10KCNT,,1.0,not_interviewed_or_plain_missing,weekly,,,,0.0,,1.0,.,1
A,14157010,8,2006,10,2010,R8KCNT,R10KCNT,1.0,1.0,weekly,weekly,0.0,maintained_weekly,1.0,1.0,1.0,1.0,1,1
A,14188020,8,2006,10,2010,R8KCNT,R10KCNT,1.0,1.0,weekly,weekly,0.0,maintained_weekly,1.0,1.0,1.0,1.0,1,1
A,14188030,8,2006,10,2010,R8KCNT,R10KCNT,1.0,1.0,weekly,weekly,0.0,maintained_weekly,1.0,1.0,1.0,1.0,1,1
A,14202010,8,2006,10,2010,R8KCNT,R10KCNT,1.0,1.0,weekly,weekly,0.0,maintained_weekly,1.0,1.0,1.0,1.0,1,1
A,14215030,8,2006,10,2010,R8KCNT,R10KCNT,0.0,0.0,less_than_weekly,less_than_weekly,0.0,persistently_below_weekly,0.0,0.0,0.0,,0,0
A,14223010,8,2006,10,2010,R8KCNT,R10KCNT,,1.0,leave_behind_not_completed_or_ineligible,weekly,,,,1.0,,1.0,.l,1
A,14224010,8,2006,10,2010,R8KCNT,R10KCNT,1.0,,weekly,not_interviewed_or_plain_missing,,,1.0,,1.0,,1,.
A,14247010,8,2006,10,2010,R8KCNT,R10KCNT,1.0,1.0,weekly,weekly,0.0,maintained_weekly,0.0,0.0,1.0,1.0,1,1
A,14251010,8,2006,10,2010,R8KCNT,R10KCNT,,,no_children,no_children,,,,,,,.k,.k
A,14259030,8,2006,10,2010,R8KCNT,R10KCNT,1.0,0.0,weekly,less_than_weekly,-1.0,decreased_below_weekly,0.0,0.0,1.0,0.0,1,0
A,14270010,8,2006,10,2010,R8KCNT,R10KCNT,1.0,1.0,weekly,weekly,0.0,maintained_weekly,0.0,0.0,1.0,1.0,1,1
A,14272010,8,2006,10,2010,R8KCNT,R10KCNT,1.0,1.0,weekly,weekly,0.0,maintained_weekly,1.0,0.0,1.0,1.0,1,1
A,14275010,8,2006,10,2010,R8KCNT,R10KCNT,0.0,,less_than_weekly,missing_response,,,0.0,,0.0,,0,.m
A,14307010,8,2006,10,2010,R8KCNT,R10KCNT,1.0,1.0,weekly,weekly,0.0,maintained_weekly,0.0,1.0,1.0,1.0,1,1
A,14332010,8,2006,10,2010,R8KCNT,R10KCNT,1.0,1.0,weekly,weekly,0.0,maintained_weekly,1.0,0.0,1.0,1.0,1,1
A,14411010,8,2006,10,2010,R8KCNT,R10KCNT,1.0,1.0,weekly,weekly,0.0,maintained_weekly,0.0,1.0,1.0,1.0,1,1
A,14420010,8,2006,10,2010,R8KCNT,R10KCNT,0.0,0.0,less_than_weekly,less_than_weekly,0.0,persistently_below_weekly,0.0,0.0,0.0,0.0,0,0
A,14420020,8,2006,10,2010,R8KCNT,R10KCNT,0.0,1.0,less_than_weekly,weekly,1.0,increased_to_weekly,0.0,0.0,0.0,1.0,0,1
A,14433020,8,2006,10,2010,R8KCNT,R10KCNT,1.0,,weekly,not_interviewed_or_plain_missing,,,1.0,,0.0,,1,.
A,14434020,8,2006,10,2010,R8KCNT,R10KCNT,1.0,1.0,weekly,weekly,0.0,maintained_weekly,0.0,0.0,1.0,1.0,1,1
A,14434030,8,2006,10,2010,R8KCNT,R10KCNT,1.0,1.0,weekly,weekly,0.0,maintained_weekly,0.0,0.0,1.0,1.0,1,1
A,14436020,8,2006,10,2010,R8KCNT,R10KCNT,1.0,0.0,weekly,less_than_weekly,-1.0,decreased_below_weekly,0.0,0.0,1.0,0.0,1,0
A,14436021,8,2006,10,2010,R8KCNT,R10KCNT,0.0,0.0,less_than_weekly,less_than_weekly,0.0,persistently_below_weekly,0.0,0.0,0.0,0.0,0,0
A,14568020,8,2006,10,2010,R8KCNT,R10KCNT,1.0,1.0,weekly,weekly,0.0,maintained_weekly,0.0,0.0,1.0,1.0,1,1
A,14587010,8,2006,10,2010,R8KCNT,R10KCNT,0.0,0.0,less_than_weekly,less_than_weekly,0.0,persistently_below_weekly,0.0,0.0,0.0,0.0,0,0
A,14605010,8,2006,10,2010,R8KCNT,R10KCNT,0.0,0.0,less_than_weekly,less_than_weekly,0.0,persistently_below_weekly,0.0,0.0,0.0,0.0,0,0
A,14617020,8,2006,10,2010,R8KCNT,R10KCNT,1.0,1.0,weekly,weekly,0.0,maintained_weekly,1.0,1.0,1.0,1.0,1,1
A,14619020,8,2006,10,2010,R8KCNT,R10KCNT,1.0,1.0,weekly,weekly,0.0,maintained_weekly,0.0,0.0,1.0,1.0,1,1
A,14619021,8,2006,10,2010,R8KCNT,R10KCNT,0.0,0.0,less_than_weekly,less_than_weekly,0.0,persistently_below_weekly,0.0,0.0,0.0,0.0,0,0
A,14624010,8,2006,10,2010,R8KCNT,R10KCNT,0.0,0.0,less_than_weekly,less_than_weekly,0.0,persistently_below_weekly,0.0,0.0,0.0,0.0,0,0
A,14655030,8,2006,10,2010,R8KCNT,R10KCNT,1.0,1.0,weekly,weekly,0.0,maintained_weekly,1.0,1.0,1.0,1.0,1,1
A,14701010,8,2006,10,2010,R8KCNT,R10KCNT,0.0,0.0,less_than_weekly,less_than_weekly,0.0,persistently_below_weekly,0.0,0.0,0.0,0.0,0,0
A,14746010,8,2006,10,2010,R8KCNT,R10KCNT,,,no_children,no_children,,,,,,,.k,.k
A,14748020,8,2006,10,2010,R8KCNT,R10KCNT,1.0,1.0,weekly,weekly,0.0,maintained_weekly,1.0,1.0,1.0,1.0,1,1
A,14754010,8,2006,10,2010,R8KCNT,R10KCNT,1.0,0.0,weekly,less_than_weekly,-1.0,decreased_below_weekly,0.0,0.0,1.0,0.0,1,0
A,14756010,8,2006,10,2010,R8KCNT,R10KCNT,0.0,1.0,less_than_weekly,weekly,1.0,increased_to_weekly,0.0,1.0,0.0,1.0,0,1
A,14756040,8,2006,10,2010,R8KCNT,R10KCNT,1.0,1.0,weekly,weekly,0.0,maintained_weekly,0.0,1.0,1.0,1.0,1,1
A,14758020,8,2006,10,2010,R8KCNT,R10KCNT,,,no_children,no_children,,,,,,,.k,.k
A,14758030,8,2006,10,2010,R8KCNT,R10KCNT,,,no_children,no_children,,,,,,,.k,.k
A,14787010,8,2006,10,2010,R8KCNT,R10KCNT,1.0,1.0,weekly,weekly,0.0,maintained_weekly,1.0,1.0,1.0,1.0,1,1
A,14869010,8,2006,10,2010,R8KCNT,R10KCNT,0.0,1.0,less_than_weekly,weekly,1.0,increased_to_weekly,0.0,0.0,0.0,1.0,0,1
A,14955010,8,2006,10,2010,R8KCNT,R10KCNT,1.0,1.0,weekly,weekly,0.0,maintained_weekly,1.0,1.0,1.0,1.0,1,1
A,14959010,8,2006,10,2010,R8KCNT,R10KCNT,1.0,1.0,weekly,weekly,0.0,maintained_weekly,1.0,1.0,1.0,1.0,1,1
A,14959020,8,2006,10,2010,R8KCNT,R10KCNT,1.0,1.0,weekly,weekly,0.0,maintained_weekly,0.0,0.0,1.0,1.0,1,1
A,14981010,8,2006,10,2010,R8KCNT,R10KCNT,,1.0,not_interviewed_or_plain_missing,weekly,,,,1.0,,1.0,.,1
A,15015020,8,2006,10,2010,R8KCNT,R10KCNT,,,no_children,no_children,,,,,,,.k,.k
A,15048010,8,2006,10,2010,R8KCNT,R10KCNT,1.0,0.0,weekly,less_than_weekly,-1.0,decreased_below_weekly,0.0,0.0,1.0,0.0,1,0
A,15056020,8,2006,10,2010,R8KCNT,R10KCNT,1.0,1.0,weekly,weekly,0.0,maintained_weekly,0.0,1.0,1.0,1.0,1,1
A,15159010,8,2006,10,2010,R8KCNT,R10KCNT,1.0,1.0,weekly,weekly,0.0,maintained_weekly,1.0,1.0,1.0,1.0,1,1
A,15172010,8,2006,10,2010,R8KCNT,R10KCNT,1.0,1.0,weekly,weekly,0.0,maintained_weekly,0.0,0.0,1.0,1.0,1,1
A,15204010,8,2006,10,2010,R8KCNT,R10KCNT,1.0,1.0,weekly,weekly,0.0,maintained_weekly,0.0,1.0,1.0,1.0,1,1
A,15204020,8,2006,10,2010,R8KCNT,R10KCNT,1.0,1.0,weekly,weekly,0.0,maintained_weekly,,1.0,1.0,1.0,1,1
A,15209010,8,2006,10,2010,R8KCNT,R10KCNT,1.0,1.0,weekly,weekly,0.0,maintained_weekly,1.0,1.0,1.0,1.0,1,1
A,15225010,8,2006,10,2010,R8KCNT,R10KCNT,0.0,0.0,less_than_weekly,less_than_weekly,0.0,persistently_below_weekly,0.0,0.0,0.0,0.0,0,0
A,15225020,8,2006,10,2010,R8KCNT,R10KCNT,,,no_children,no_children,,,,,,,.k,.k
A,15230010,8,2006,10,2010,R8KCNT,R10KCNT,1.0,1.0,weekly,weekly,0.0,maintained_weekly,0.0,0.0,1.0,1.0,1,1
A,15230020,8,2006,10,2010,R8KCNT,R10KCNT,1.0,1.0,weekly,weekly,0.0,maintained_weekly,0.0,0.0,1.0,1.0,1,1
A,15236010,8,2006,10,2010,R8KCNT,R10KCNT,0.0,1.0,less_than_weekly,weekly,1.0,increased_to_weekly,0.0,0.0,0.0,1.0,0,1
A,15268020,8,2006,10,2010,R8KCNT,R10KCNT,1.0,1.0,weekly,weekly,0.0,maintained_weekly,0.0,0.0,1.0,1.0,1,1
A,15344010,8,2006,10,2010,R8KCNT,R10KCNT,1.0,1.0,weekly,weekly,0.0,maintained_weekly,1.0,1.0,0.0,1.0,1,1
A,15344020,8,2006,10,2010,R8KCNT,R10KCNT,1.0,1.0,weekly,weekly,0.0,maintained_weekly,1.0,1.0,1.0,1.0,1,1
A,15372010,8,2006,10,2010,R8KCNT,R10KCNT,1.0,1.0,weekly,weekly,0.0,maintained_weekly,1.0,0.0,1.0,1.0,1,1
A,15447010,8,2006,10,2010,R8KCNT,R10KCNT,1.0,,weekly,not_interviewed_or_plain_missing,,,0.0,,1.0,,1,.
A,15516010,8,2006,10,2010,R8KCNT,R10KCNT,1.0,1.0,weekly,weekly,0.0,maintained_weekly,1.0,1.0,1.0,1.0,1,1
A,15516020,8,2006,10,2010,R8KCNT,R10KCNT,1.0,1.0,weekly,weekly,0.0,maintained_weekly,1.0,1.0,1.0,1.0,1,1
A,15581011,8,2006,10,2010,R8KCNT,R10KCNT,,1.0,not_interviewed_or_plain_missing,weekly,,,,0.0,,1.0,.,1
A,15625010,8,2006,10,2010,R8KCNT,R10KCNT,1.0,1.0,weekly,weekly,0.0,maintained_weekly,1.0,1.0,1.0,1.0,1,1
A,15726040,8,2006,10,2010,R8KCNT,R10KCNT,1.0,1.0,weekly,weekly,0.0,maintained_weekly,1.0,0.0,1.0,1.0,1,1
A,15776010,8,2006,10,2010,R8KCNT,R10KCNT,1.0,0.0,weekly,less_than_weekly,-1.0,decreased_below_weekly,0.0,0.0,1.0,0.0,1,0
A,15776020,8,2006,10,2010,R8KCNT,R10KCNT,1.0,1.0,weekly,weekly,0.0,maintained_weekly,1.0,1.0,1.0,1.0,1,1
A,15781010,8,2006,10,2010,R8KCNT,R10KCNT,,,no_children,no_children,,,,,,,.k,.k
A,15784020,8,2006,10,2010,R8KCNT,R10KCNT,1.0,1.0,weekly,weekly,0.0,maintained_weekly,1.0,1.0,1.0,1.0,1,1
A,15793010,8,2006,10,2010,R8KCNT,R10KCNT,1.0,1.0,weekly,weekly,0.0,maintained_weekly,1.0,1.0,1.0,1.0,1,1
A,15793011,8,2006,10,2010,R8KCNT,R10KCNT,,1.0,not_interviewed_or_plain_missing,weekly,,,,1.0,,1.0,.,1
A,15833010,8,2006,10,2010,R8KCNT,R10KCNT,1.0,1.0,weekly,weekly,0.0,maintained_weekly,0.0,1.0,1.0,1.0,1,1
A,15833020,8,2006,10,2010,R8KCNT,R10KCNT,1.0,1.0,weekly,weekly,0.0,maintained_weekly,1.0,1.0,1.0,1.0,1,1
A,15834010,8,2006,10,2010,R8KCNT,R10KCNT,1.0,1.0,weekly,weekly,0.0,maintained_weekly,1.0,1.0,1.0,1.0,1,1
A,15840020,8,2006,10,2010,R8KCNT,R10KCNT,1.0,1.0,weekly,weekly,0.0,maintained_weekly,1.0,1.0,1.0,1.0,1,1
A,15897020,8,2006,10,2010,R8KCNT,R10KCNT,0.0,0.0,less_than_weekly,less_than_weekly,0.0,persistently_below_weekly,0.0,0.0,0.0,0.0,0,0
A,15911010,8,2006,10,2010,R8KCNT,R10KCNT,0.0,0.0,less_than_weekly,less_than_weekly,0.0,persistently_below_weekly,0.0,0.0,0.0,0.0,0,0
A,15911022,8,2006,10,2010,R8KCNT,R10KCNT,1.0,1.0,weekly,weekly,0.0,maintained_weekly,0.0,0.0,1.0,1.0,1,1
A,15981010,8,2006,10,2010,R8KCNT,R10KCNT,1.0,1.0,weekly,weekly,0.0,maintained_weekly,1.0,1.0,1.0,1.0,1,1
A,15981040,8,2006,10,2010,R8KCNT,R10KCNT,1.0,1.0,weekly,weekly,0.0,maintained_weekly,1.0,1.0,1.0,1.0,1,1
A,15983010,8,2006,10,2010,R8KCNT,R10KCNT,0.0,1.0,less_than_weekly,weekly,1.0,increased_to_weekly,0.0,0.0,0.0,1.0,0,1
A,15995010,8,2006,10,2010,R8KCNT,R10KCNT,0.0,0.0,less_than_weekly,less_than_weekly,0.0,persistently_below_weekly,0.0,0.0,0.0,0.0,0,0
A,15995020,8,2006,10,2010,R8KCNT,R10KCNT,,1.0,leave_behind_not_completed_or_ineligible,weekly,,,,0.0,,1.0,.l,1
A,16024010,8,2006,10,2010,R8KCNT,R10KCNT,1.0,1.0,weekly,weekly,0.0,maintained_weekly,1.0,1.0,1.0,1.0,1,1
A,16024020,8,2006,10,2010,R8KCNT,R10KCNT,1.0,0.0,weekly,less_than_weekly,-1.0,decreased_below_weekly,1.0,0.0,1.0,0.0,1,0
A,16048010,8,2006,10,2010,R8KCNT,R10KCNT,1.0,1.0,weekly,weekly,0.0,maintained_weekly,,0.0,1.0,1.0,1,1
A,16048020,8,2006,10,2010,R8KCNT,R10KCNT,1.0,,weekly,no_children,,,0.0,,1.0,,1,.k
A,16054020,8,2006,10,2010,R8KCNT,R10KCNT,1.0,1.0,weekly,weekly,0.0,maintained_weekly,1.0,1.0,1.0,1.0,1,1
A,16062010,8,2006,10,2010,R8KCNT,R10KCNT,1.0,1.0,weekly,weekly,0.0,maintained_weekly,0.0,0.0,1.0,1.0,1,1
A,16064010,8,2006,10,2010,R8KCNT,R10KCNT,1.0,0.0,weekly,less_than_weekly,-1.0,decreased_below_weekly,0.0,0.0,1.0,0.0,1,0
A,16086010,8,2006,10,2010,R8KCNT,R10KCNT,1.0,1.0,weekly,weekly,0.0,maintained_weekly,0.0,0.0,1.0,1.0,1,1
A,16086020,8,2006,10,2010,R8KCNT,R10KCNT,1.0,1.0,weekly,weekly,0.0,maintained_weekly,0.0,0.0,1.0,1.0,1,1
A,16107010,8,2006,10,2010,R8KCNT,R10KCNT,1.0,1.0,weekly,weekly,0.0,maintained_weekly,0.0,0.0,1.0,1.0,1,1
A,16116010,8,2006,10,2010,R8KCNT,R10KCNT,1.0,1.0,weekly,weekly,0.0,maintained_weekly,,1.0,1.0,1.0,1,1
A,16116020,8,2006,10,2010,R8KCNT,R10KCNT,1.0,1.0,weekly,weekly,0.0,maintained_weekly,1.0,1.0,1.0,1.0,1,1
A,16174010,8,2006,10,2010,R8KCNT,R10KCNT,0.0,1.0,less_than_weekly,weekly,1.0,increased_to_weekly,0.0,1.0,0.0,1.0,0,1
A,16197020,8,2006,10,2010,R8KCNT,R10KCNT,0.0,0.0,less_than_weekly,less_than_weekly,0.0,persistently_below_weekly,0.0,0.0,0.0,0.0,0,0
A,16211010,8,2006,10,2010,R8KCNT,R10KCNT,,,no_children,no_children,,,,,,,.k,.k
A,16220010,8,2006,10,2010,R8KCNT,R10KCNT,1.0,1.0,weekly,weekly,0.0,maintained_weekly,1.0,0.0,1.0,1.0,1,1
A,16233010,8,2006,10,2010,R8KCNT,R10KCNT,1.0,1.0,weekly,weekly,0.0,maintained_weekly,0.0,0.0,1.0,1.0,1,1
A,16233020,8,2006,10,2010,R8KCNT,R10KCNT,0.0,1.0,less_than_weekly,weekly,1.0,increased_to_weekly,0.0,0.0,0.0,1.0,0,1
A,16245010,8,2006,10,2010,R8KCNT,R10KCNT,1.0,1.0,weekly,weekly,0.0,maintained_weekly,1.0,1.0,1.0,1.0,1,1
A,16245040,8,2006,10,2010,R8KCNT,R10KCNT,1.0,1.0,weekly,weekly,0.0,maintained_weekly,0.0,1.0,1.0,1.0,1,1
A,16247030,8,2006,10,2010,R8KCNT,R10KCNT,1.0,1.0,weekly,weekly,0.0,maintained_weekly,0.0,0.0,1.0,1.0,1,1
A,16376020,8,2006,10,2010,R8KCNT,R10KCNT,1.0,1.0,weekly,weekly,0.0,maintained_weekly,1.0,1.0,1.0,1.0,1,1
A,16404010,8,2006,10,2010,R8KCNT,R10KCNT,0.0,0.0,less_than_weekly,less_than_weekly,0.0,persistently_below_weekly,0.0,0.0,0.0,0.0,0,0
A,16404020,8,2006,10,2010,R8KCNT,R10KCNT,1.0,1.0,weekly,weekly,0.0,maintained_weekly,0.0,0.0,1.0,1.0,1,1
A,16407010,8,2006,10,2010,R8KCNT,R10KCNT,1.0,1.0,weekly,weekly,0.0,maintained_weekly,0.0,0.0,1.0,1.0,1,1
A,16407011,8,2006,10,2010,R8KCNT,R10KCNT,1.0,0.0,weekly,less_than_weekly,-1.0,decreased_below_weekly,0.0,0.0,1.0,0.0,1,0
A,16412010,8,2006,10,2010,R8KCNT,R10KCNT,1.0,1.0,weekly,weekly,0.0,maintained_weekly,0.0,0.0,1.0,1.0,1,1
A,16412020,8,2006,10,2010,R8KCNT,R10KCNT,1.0,1.0,weekly,weekly,0.0,maintained_weekly,0.0,0.0,1.0,1.0,1,1
A,16420010,8,2006,10,2010,R8KCNT,R10KCNT,1.0,1.0,weekly,weekly,0.0,maintained_weekly,0.0,1.0,1.0,0.0,1,1
A,16420020,8,2006,10,2010,R8KCNT,R10KCNT,1.0,1.0,weekly,weekly,0.0,maintained_weekly,1.0,0.0,1.0,1.0,1,1
A,16430010,8,2006,10,2010,R8KCNT,R10KCNT,1.0,1.0,weekly,weekly,0.0,maintained_weekly,1.0,0.0,1.0,1.0,1,1
A,16433010,8,2006,10,2010,R8KCNT,R10KCNT,0.0,1.0,less_than_weekly,weekly,1.0,increased_to_weekly,0.0,0.0,0.0,1.0,0,1
A,16433020,8,2006,10,2010,R8KCNT,R10KCNT,1.0,1.0,weekly,weekly,0.0,maintained_weekly,0.0,1.0,1.0,1.0,1,1
A,16444010,8,2006,10,2010,R8KCNT,R10KCNT,1.0,1.0,weekly,weekly,0.0,maintained_weekly,0.0,1.0,1.0,1.0,1,1
A,16449020,8,2006,10,2010,R8KCNT,R10KCNT,1.0,1.0,weekly,weekly,0.0,maintained_weekly,1.0,0.0,1.0,1.0,1,1
A,16460010,8,2006,10,2010,R8KCNT,R10KCNT,0.0,0.0,less_than_weekly,less_than_weekly,0.0,persistently_below_weekly,0.0,0.0,0.0,0.0,0,0
A,16468010,8,2006,10,2010,R8KCNT,R10KCNT,,1.0,leave_behind_not_completed_or_ineligible,weekly,,,,0.0,,1.0,.l,1
A,16475010,8,2006,10,2010,R8KCNT,R10KCNT,,,no_children,no_children,,,,,,,.k,.k
A,16478010,8,2006,10,2010,R8KCNT,R10KCNT,1.0,1.0,weekly,weekly,0.0,maintained_weekly,0.0,1.0,1.0,1.0,1,1
A,16484020,8,2006,10,2010,R8KCNT,R10KCNT,,,no_children,no_children,,,,,,,.k,.k
A,16484030,8,2006,10,2010,R8KCNT,R10KCNT,1.0,1.0,weekly,weekly,0.0,maintained_weekly,0.0,1.0,1.0,1.0,1,1
A,16491010,8,2006,10,2010,R8KCNT,R10KCNT,1.0,0.0,weekly,less_than_weekly,-1.0,decreased_below_weekly,1.0,0.0,1.0,0.0,1,0
A,16528030,8,2006,10,2010,R8KCNT,R10KCNT,1.0,1.0,weekly,weekly,0.0,maintained_weekly,1.0,1.0,1.0,1.0,1,1
A,16528040,8,2006,10,2010,R8KCNT,R10KCNT,1.0,1.0,weekly,weekly,0.0,maintained_weekly,1.0,0.0,1.0,1.0,1,1
A,16558010,8,2006,10,2010,R8KCNT,R10KCNT,1.0,1.0,weekly,weekly,0.0,maintained_weekly,1.0,0.0,1.0,1.0,1,1
A,16606010,8,2006,10,2010,R8KCNT,R10KCNT,1.0,1.0,weekly,weekly,0.0,maintained_weekly,1.0,0.0,1.0,1.0,1,1
A,16631010,8,2006,10,2010,R8KCNT,R10KCNT,1.0,1.0,weekly,weekly,0.0,maintained_weekly,1.0,1.0,1.0,1.0,1,1
A,16631020,8,2006,10,2010,R8KCNT,R10KCNT,1.0,1.0,weekly,weekly,0.0,maintained_weekly,1.0,1.0,1.0,1.0,1,1
A,16648010,8,2006,10,2010,R8KCNT,R10KCNT,1.0,1.0,weekly,weekly,0.0,maintained_weekly,0.0,0.0,1.0,1.0,1,1
A,16660010,8,2006,10,2010,R8KCNT,R10KCNT,1.0,1.0,weekly,weekly,0.0,maintained_weekly,0.0,0.0,1.0,1.0,1,1
A,16663010,8,2006,10,2010,R8KCNT,R10KCNT,,,no_children,leave_behind_not_completed_or_ineligible,,,,,,,.k,.l
A,16672020,8,2006,10,2010,R8KCNT,R10KCNT,1.0,1.0,weekly,weekly,0.0,maintained_weekly,1.0,1.0,1.0,1.0,1,1
A,16698010,8,2006,10,2010,R8KCNT,R10KCNT,,,no_children,no_children,,,,,,,.k,.k
A,16700020,8,2006,10,2010,R8KCNT,R10KCNT,1.0,1.0,weekly,weekly,0.0,maintained_weekly,1.0,1.0,1.0,1.0,1,1
A,16705010,8,2006,10,2010,R8KCNT,R10KCNT,1.0,1.0,weekly,weekly,0.0,maintained_weekly,0.0,0.0,1.0,1.0,1,1
A,16705020,8,2006,10,2010,R8KCNT,R10KCNT,1.0,1.0,weekly,weekly,0.0,maintained_weekly,0.0,0.0,1.0,1.0,1,1
A,16711010,8,2006,10,2010,R8KCNT,R10KCNT,1.0,1.0,weekly,weekly,0.0,maintained_weekly,1.0,0.0,1.0,1.0,1,1
A,16715040,8,2006,10,2010,R8KCNT,R10KCNT,0.0,0.0,less_than_weekly,less_than_weekly,0.0,persistently_below_weekly,0.0,0.0,0.0,0.0,0,0
A,16747010,8,2006,10,2010,R8KCNT,R10KCNT,0.0,,less_than_weekly,no_children,,,0.0,,0.0,,0,.k
A,16747020,8,2006,10,2010,R8KCNT,R10KCNT,0.0,1.0,less_than_weekly,weekly,1.0,increased_to_weekly,0.0,0.0,0.0,1.0,0,1
A,16770010,8,2006,10,2010,R8KCNT,R10KCNT,,,leave_behind_not_completed_or_ineligible,no_children,,,,,,,.l,.k
A,16799010,8,2006,10,2010,R8KCNT,R10KCNT,0.0,1.0,less_than_weekly,weekly,1.0,increased_to_weekly,0.0,0.0,0.0,1.0,0,1
A,16810010,8,2006,10,2010,R8KCNT,R10KCNT,1.0,1.0,weekly,weekly,0.0,maintained_weekly,0.0,1.0,1.0,1.0,1,1
A,16810011,8,2006,10,2010,R8KCNT,R10KCNT,1.0,1.0,weekly,weekly,0.0,maintained_weekly,1.0,1.0,1.0,1.0,1,1
A,16856010,8,2006,10,2010,R8KCNT,R10KCNT,1.0,1.0,weekly,weekly,0.0,maintained_weekly,1.0,1.0,1.0,1.0,1,1
A,16870010,8,2006,10,2010,R8KCNT,R10KCNT,1.0,1.0,weekly,weekly,0.0,maintained_weekly,0.0,0.0,1.0,1.0,1,1
A,16870011,8,2006,10,2010,R8KCNT,R10KCNT,1.0,0.0,weekly,less_than_weekly,-1.0,decreased_below_weekly,1.0,0.0,0.0,0.0,1,0
A,16873030,8,2006,10,2010,R8KCNT,R10KCNT,,,no_children,no_children,,,,,,,.k,.k
A,16931020,8,2006,10,2010,R8KCNT,R10KCNT,0.0,1.0,less_than_weekly,weekly,1.0,increased_to_weekly,0.0,0.0,0.0,1.0,0,1
A,16931030,8,2006,10,2010,R8KCNT,R10KCNT,1.0,1.0,weekly,weekly,0.0,maintained_weekly,0.0,0.0,1.0,1.0,1,1
A,16954010,8,2006,10,2010,R8KCNT,R10KCNT,,,leave_behind_not_completed_or_ineligible,no_children,,,,,,,.l,.k
A,16956010,8,2006,10,2010,R8KCNT,R10KCNT,1.0,1.0,weekly,weekly,0.0,maintained_weekly,0.0,0.0,1.0,1.0,1,1
A,16973020,8,2006,10,2010,R8KCNT,R10KCNT,0.0,0.0,less_than_weekly,less_than_weekly,0.0,persistently_below_weekly,0.0,0.0,0.0,0.0,0,0
A,16973032,8,2006,10,2010,R8KCNT,R10KCNT,0.0,0.0,less_than_weekly,less_than_weekly,0.0,persistently_below_weekly,0.0,0.0,0.0,0.0,0,0
A,16996010,8,2006,10,2010,R8KCNT,R10KCNT,1.0,1.0,weekly,weekly,0.0,maintained_weekly,1.0,1.0,1.0,1.0,1,1
A,16996020,8,2006,10,2010,R8KCNT,R10KCNT,1.0,1.0,weekly,weekly,0.0,maintained_weekly,1.0,1.0,1.0,1.0,1,1
A,17028010,8,2006,10,2010,R8KCNT,R10KCNT,1.0,0.0,weekly,less_than_weekly,-1.0,decreased_below_weekly,0.0,0.0,1.0,0.0,1,0
A,17042020,8,2006,10,2010,R8KCNT,R10KCNT,1.0,1.0,weekly,weekly,0.0,maintained_weekly,1.0,1.0,1.0,1.0,1,1
A,17061010,8,2006,10,2010,R8KCNT,R10KCNT,,,no_children,no_children,,,,,,,.k,.k
A,17075010,8,2006,10,2010,R8KCNT,R10KCNT,1.0,1.0,weekly,weekly,0.0,maintained_weekly,0.0,0.0,1.0,1.0,1,1
A,17075020,8,2006,10,2010,R8KCNT,R10KCNT,1.0,1.0,weekly,weekly,0.0,maintained_weekly,0.0,0.0,1.0,1.0,1,1
A,17175010,8,2006,10,2010,R8KCNT,R10KCNT,,,no_children,no_children,,,,,,,.k,.k
A,17199010,8,2006,10,2010,R8KCNT,R10KCNT,1.0,1.0,weekly,weekly,0.0,maintained_weekly,0.0,0.0,1.0,1.0,1,1
A,17201020,8,2006,10,2010,R8KCNT,R10KCNT,1.0,1.0,weekly,weekly,0.0,maintained_weekly,1.0,0.0,1.0,1.0,1,1
A,17209010,8,2006,10,2010,R8KCNT,R10KCNT,,1.0,no_children,weekly,,,,1.0,,1.0,.k,1
A,17234010,8,2006,10,2010,R8KCNT,R10KCNT,1.0,1.0,weekly,weekly,0.0,maintained_weekly,1.0,1.0,1.0,1.0,1,1
A,17234040,8,2006,10,2010,R8KCNT,R10KCNT,1.0,1.0,weekly,weekly,0.0,maintained_weekly,1.0,1.0,1.0,1.0,1,1
A,17282020,8,2006,10,2010,R8KCNT,R10KCNT,1.0,1.0,weekly,weekly,0.0,maintained_weekly,0.0,0.0,1.0,1.0,1,1
A,17319010,8,2006,10,2010,R8KCNT,R10KCNT,1.0,1.0,weekly,weekly,0.0,maintained_weekly,1.0,,1.0,1.0,1,1
A,17392010,8,2006,10,2010,R8KCNT,R10KCNT,1.0,1.0,weekly,weekly,0.0,maintained_weekly,0.0,1.0,1.0,0.0,1,1
A,17392040,8,2006,10,2010,R8KCNT,R10KCNT,1.0,1.0,weekly,weekly,0.0,maintained_weekly,0.0,1.0,1.0,1.0,1,1
A,17449010,8,2006,10,2010,R8KCNT,R10KCNT,,1.0,not_interviewed_or_plain_missing,weekly,,,,0.0,,1.0,.,1
A,17520010,8,2006,10,2010,R8KCNT,R10KCNT,1.0,1.0,weekly,weekly,0.0,maintained_weekly,0.0,0.0,1.0,1.0,1,1
A,17520011,8,2006,10,2010,R8KCNT,R10KCNT,,1.0,no_children,weekly,,,,0.0,,1.0,.k,1
A,17521020,8,2006,10,2010,R8KCNT,R10KCNT,1.0,1.0,weekly,weekly,0.0,maintained_weekly,0.0,1.0,1.0,1.0,1,1
A,17526010,8,2006,10,2010,R8KCNT,R10KCNT,,,no_children,no_children,,,,,,,.k,.k
A,17527020,8,2006,10,2010,R8KCNT,R10KCNT,0.0,0.0,less_than_weekly,less_than_weekly,0.0,persistently_below_weekly,0.0,0.0,0.0,0.0,0,0
A,17642010,8,2006,10,2010,R8KCNT,R10KCNT,,,leave_behind_not_completed_or_ineligible,no_children,,,,,,,.l,.k
A,17661030,8,2006,10,2010,R8KCNT,R10KCNT,1.0,1.0,weekly,weekly,0.0,maintained_weekly,0.0,0.0,1.0,1.0,1,1
A,17714020,8,2006,10,2010,R8KCNT,R10KCNT,1.0,1.0,weekly,weekly,0.0,maintained_weekly,1.0,1.0,1.0,1.0,1,1
A,17773010,8,2006,10,2010,R8KCNT,R10KCNT,1.0,1.0,weekly,weekly,0.0,maintained_weekly,1.0,0.0,1.0,1.0,1,1
A,17790040,8,2006,10,2010,R8KCNT,R10KCNT,1.0,1.0,weekly,weekly,0.0,maintained_weekly,0.0,0.0,1.0,1.0,1,1
A,17833010,8,2006,10,2010,R8KCNT,R10KCNT,1.0,0.0,weekly,less_than_weekly,-1.0,decreased_below_weekly,0.0,0.0,1.0,0.0,1,0
A,17833020,8,2006,10,2010,R8KCNT,R10KCNT,0.0,,less_than_weekly,missing_response,,,0.0,,0.0,,0,.m
A,17922010,8,2006,10,2010,R8KCNT,R10KCNT,1.0,1.0,weekly,weekly,0.0,maintained_weekly,0.0,0.0,1.0,1.0,1,1
A,17923010,8,2006,10,2010,R8KCNT,R10KCNT,0.0,0.0,less_than_weekly,less_than_weekly,0.0,persistently_below_weekly,0.0,0.0,0.0,0.0,0,0
A,17933010,8,2006,10,2010,R8KCNT,R10KCNT,1.0,1.0,weekly,weekly,0.0,maintained_weekly,0.0,0.0,1.0,1.0,1,1
A,17933020,8,2006,10,2010,R8KCNT,R10KCNT,1.0,1.0,weekly,weekly,0.0,maintained_weekly,0.0,0.0,1.0,1.0,1,1
A,17952010,8,2006,10,2010,R8KCNT,R10KCNT,1.0,1.0,weekly,weekly,0.0,maintained_weekly,0.0,0.0,1.0,1.0,1,1
A,17952040,8,2006,10,2010,R8KCNT,R10KCNT,,,no_children,no_children,,,,,,,.k,.k
A,18092010,8,2006,10,2010,R8KCNT,R10KCNT,1.0,,weekly,missing_response,,,0.0,,1.0,,1,.m
A,18100010,8,2006,10,2010,R8KCNT,R10KCNT,0.0,0.0,less_than_weekly,less_than_weekly,0.0,persistently_below_weekly,0.0,0.0,0.0,0.0,0,0
A,18158010,8,2006,10,2010,R8KCNT,R10KCNT,,0.0,missing_response,less_than_weekly,,,,0.0,,0.0,.m,0
A,18166010,8,2006,10,2010,R8KCNT,R10KCNT,1.0,1.0,weekly,weekly,0.0,maintained_weekly,1.0,1.0,1.0,1.0,1,1
A,18175020,8,2006,10,2010,R8KCNT,R10KCNT,1.0,1.0,weekly,weekly,0.0,maintained_weekly,0.0,0.0,1.0,1.0,1,1
A,18175030,8,2006,10,2010,R8KCNT,R10KCNT,1.0,1.0,weekly,weekly,0.0,maintained_weekly,0.0,1.0,1.0,1.0,1,1
A,18216010,8,2006,10,2010,R8KCNT,R10KCNT,1.0,1.0,weekly,weekly,0.0,maintained_weekly,1.0,0.0,1.0,1.0,1,1
A,18216020,8,2006,10,2010,R8KCNT,R10KCNT,,1.0,leave_behind_not_completed_or_ineligible,weekly,,,,1.0,,1.0,.l,1
A,18243010,8,2006,10,2010,R8KCNT,R10KCNT,1.0,1.0,weekly,weekly,0.0,maintained_weekly,1.0,1.0,1.0,1.0,1,1
A,18245010,8,2006,10,2010,R8KCNT,R10KCNT,1.0,,weekly,leave_behind_not_completed_or_ineligible,,,1.0,,1.0,,1,.l
A,18285020,8,2006,10,2010,R8KCNT,R10KCNT,1.0,1.0,weekly,weekly,0.0,maintained_weekly,1.0,1.0,1.0,1.0,1,1
A,18285030,8,2006,10,2010,R8KCNT,R10KCNT,1.0,1.0,weekly,weekly,0.0,maintained_weekly,1.0,1.0,1.0,1.0,1,1
A,18301010,8,2006,10,2010,R8KCNT,R10KCNT,1.0,1.0,weekly,weekly,0.0,maintained_weekly,1.0,1.0,1.0,1.0,1,1
A,18301040,8,2006,10,2010,R8KCNT,R10KCNT,1.0,1.0,weekly,weekly,0.0,maintained_weekly,1.0,0.0,1.0,1.0,1,1
A,18309010,8,2006,10,2010,R8KCNT,R10KCNT,1.0,1.0,weekly,weekly,0.0,maintained_weekly,1.0,1.0,1.0,1.0,1,1
A,18309020,8,2006,10,2010,R8KCNT,R10KCNT,1.0,1.0,weekly,weekly,0.0,maintained_weekly,0.0,1.0,1.0,1.0,1,1
A,18345020,8,2006,10,2010,R8KCNT,R10KCNT,1.0,1.0,weekly,weekly,0.0,maintained_weekly,0.0,1.0,1.0,1.0,1,1
A,18352010,8,2006,10,2010,R8KCNT,R10KCNT,,,no_children,no_children,,,,,,,.k,.k
A,18360010,8,2006,10,2010,R8KCNT,R10KCNT,1.0,1.0,weekly,weekly,0.0,maintained_weekly,0.0,1.0,1.0,1.0,1,1
A,18494022,8,2006,10,2010,R8KCNT,R10KCNT,,0.0,not_interviewed_or_plain_missing,less_than_weekly,,,,0.0,,0.0,.,0
A,18536010,8,2006,10,2010,R8KCNT,R10KCNT,0.0,0.0,less_than_weekly,less_than_weekly,0.0,persistently_below_weekly,0.0,0.0,0.0,0.0,0,0
A,18566010,8,2006,10,2010,R8KCNT,R10KCNT,1.0,1.0,weekly,weekly,0.0,maintained_weekly,1.0,0.0,1.0,1.0,1,1
A,18566020,8,2006,10,2010,R8KCNT,R10KCNT,0.0,0.0,less_than_weekly,less_than_weekly,0.0,persistently_below_weekly,0.0,0.0,0.0,0.0,0,0
A,18680020,8,2006,10,2010,R8KCNT,R10KCNT,,1.0,leave_behind_not_completed_or_ineligible,weekly,,,,1.0,,1.0,.l,1
A,18686020,8,2006,10,2010,R8KCNT,R10KCNT,1.0,1.0,weekly,weekly,0.0,maintained_weekly,1.0,1.0,1.0,1.0,1,1
A,18686030,8,2006,10,2010,R8KCNT,R10KCNT,1.0,1.0,weekly,weekly,0.0,maintained_weekly,1.0,1.0,1.0,1.0,1,1
A,18733010,8,2006,10,2010,R8KCNT,R10KCNT,0.0,1.0,less_than_weekly,weekly,1.0,increased_to_weekly,0.0,0.0,0.0,1.0,0,1
A,18739010,8,2006,10,2010,R8KCNT,R10KCNT,1.0,1.0,weekly,weekly,0.0,maintained_weekly,1.0,0.0,1.0,1.0,1,1
A,18739040,8,2006,10,2010,R8KCNT,R10KCNT,1.0,1.0,weekly,weekly,0.0,maintained_weekly,0.0,1.0,1.0,1.0,1,1
A,18782010,8,2006,10,2010,R8KCNT,R10KCNT,1.0,1.0,weekly,weekly,0.0,maintained_weekly,1.0,0.0,1.0,1.0,1,1
A,18782040,8,2006,10,2010,R8KCNT,R10KCNT,1.0,1.0,weekly,weekly,0.0,maintained_weekly,1.0,1.0,1.0,1.0,1,1
A,18865010,8,2006,10,2010,R8KCNT,R10KCNT,1.0,1.0,weekly,weekly,0.0,maintained_weekly,1.0,1.0,1.0,1.0,1,1
A,18889010,8,2006,10,2010,R8KCNT,R10KCNT,1.0,1.0,weekly,weekly,0.0,maintained_weekly,1.0,1.0,1.0,1.0,1,1
A,18896010,8,2006,10,2010,R8KCNT,R10KCNT,1.0,1.0,weekly,weekly,0.0,maintained_weekly,0.0,0.0,1.0,1.0,1,1
A,18961010,8,2006,10,2010,R8KCNT,R10KCNT,0.0,0.0,less_than_weekly,less_than_weekly,0.0,persistently_below_weekly,0.0,0.0,0.0,0.0,0,0
A,18963010,8,2006,10,2010,R8KCNT,R10KCNT,1.0,1.0,weekly,weekly,0.0,maintained_weekly,0.0,0.0,1.0,1.0,1,1
A,18983020,8,2006,10,2010,R8KCNT,R10KCNT,1.0,1.0,weekly,weekly,0.0,maintained_weekly,1.0,1.0,1.0,1.0,1,1
A,19031020,8,2006,10,2010,R8KCNT,R10KCNT,1.0,1.0,weekly,weekly,0.0,maintained_weekly,0.0,0.0,1.0,1.0,1,1
A,19054020,8,2006,10,2010,R8KCNT,R10KCNT,1.0,1.0,weekly,weekly,0.0,maintained_weekly,0.0,0.0,1.0,1.0,1,1
A,19054021,8,2006,10,2010,R8KCNT,R10KCNT,,1.0,not_interviewed_or_plain_missing,weekly,,,,0.0,,1.0,.,1
A,19065020,8,2006,10,2010,R8KCNT,R10KCNT,1.0,1.0,weekly,weekly,0.0,maintained_weekly,0.0,0.0,1.0,1.0,1,1
A,19142030,8,2006,10,2010,R8KCNT,R10KCNT,1.0,1.0,weekly,weekly,0.0,maintained_weekly,0.0,0.0,1.0,1.0,1,1
A,19213020,8,2006,10,2010,R8KCNT,R10KCNT,1.0,1.0,weekly,weekly,0.0,maintained_weekly,0.0,1.0,1.0,1.0,1,1
A,19286010,8,2006,10,2010,R8KCNT,R10KCNT,0.0,0.0,less_than_weekly,less_than_weekly,0.0,persistently_below_weekly,0.0,0.0,0.0,0.0,0,0
A,19286020,8,2006,10,2010,R8KCNT,R10KCNT,1.0,1.0,weekly,weekly,0.0,maintained_weekly,0.0,0.0,1.0,1.0,1,1
A,19298010,8,2006,10,2010,R8KCNT,R10KCNT,1.0,1.0,weekly,weekly,0.0,maintained_weekly,0.0,0.0,1.0,1.0,1,1
A,19298011,8,2006,10,2010,R8KCNT,R10KCNT,1.0,1.0,weekly,weekly,0.0,maintained_weekly,1.0,1.0,1.0,1.0,1,1
A,19298020,8,2006,10,2010,R8KCNT,R10KCNT,1.0,,weekly,leave_behind_not_completed_or_ineligible,,,0.0,,1.0,,1,.l
A,19424010,8,2006,10,2010,R8KCNT,R10KCNT,1.0,1.0,weekly,weekly,0.0,maintained_weekly,0.0,0.0,1.0,1.0,1,1
A,19433040,8,2006,10,2010,R8KCNT,R10KCNT,1.0,1.0,weekly,weekly,0.0,maintained_weekly,1.0,1.0,1.0,1.0,1,1
A,19454010,8,2006,10,2010,R8KCNT,R10KCNT,1.0,1.0,weekly,weekly,0.0,maintained_weekly,0.0,0.0,1.0,1.0,1,1
A,19454020,8,2006,10,2010,R8KCNT,R10KCNT,1.0,1.0,weekly,weekly,0.0,maintained_weekly,0.0,0.0,1.0,1.0,1,1
A,19569010,8,2006,10,2010,R8KCNT,R10KCNT,1.0,1.0,weekly,weekly,0.0,maintained_weekly,0.0,1.0,1.0,1.0,1,1
A,19662010,8,2006,10,2010,R8KCNT,R10KCNT,1.0,1.0,weekly,weekly,0.0,maintained_weekly,1.0,1.0,1.0,1.0,1,1
A,19715010,8,2006,10,2010,R8KCNT,R10KCNT,1.0,1.0,weekly,weekly,0.0,maintained_weekly,1.0,1.0,1.0,1.0,1,1
A,19715040,8,2006,10,2010,R8KCNT,R10KCNT,0.0,0.0,less_than_weekly,less_than_weekly,0.0,persistently_below_weekly,0.0,0.0,0.0,0.0,0,0
A,19738010,8,2006,10,2010,R8KCNT,R10KCNT,1.0,1.0,weekly,weekly,0.0,maintained_weekly,0.0,0.0,1.0,1.0,1,1
A,19738020,8,2006,10,2010,R8KCNT,R10KCNT,,1.0,leave_behind_not_completed_or_ineligible,weekly,,,,0.0,,1.0,.l,1
A,19742010,8,2006,10,2010,R8KCNT,R10KCNT,1.0,0.0,weekly,less_than_weekly,-1.0,decreased_below_weekly,1.0,0.0,0.0,0.0,1,0
A,19742040,8,2006,10,2010,R8KCNT,R10KCNT,1.0,1.0,weekly,weekly,0.0,maintained_weekly,1.0,1.0,1.0,1.0,1,1
A,19796010,8,2006,10,2010,R8KCNT,R10KCNT,1.0,1.0,weekly,weekly,0.0,maintained_weekly,1.0,1.0,1.0,1.0,1,1
A,19822010,8,2006,10,2010,R8KCNT,R10KCNT,1.0,1.0,weekly,weekly,0.0,maintained_weekly,0.0,0.0,1.0,1.0,1,1
A,19973010,8,2006,10,2010,R8KCNT,R10KCNT,1.0,0.0,weekly,less_than_weekly,-1.0,decreased_below_weekly,0.0,0.0,1.0,0.0,1,0
A,19973040,8,2006,10,2010,R8KCNT,R10KCNT,1.0,1.0,weekly,weekly,0.0,maintained_weekly,0.0,0.0,1.0,1.0,1,1
A,19976010,8,2006,10,2010,R8KCNT,R10KCNT,1.0,1.0,weekly,weekly,0.0,maintained_weekly,1.0,1.0,1.0,1.0,1,1
A,20077010,8,2006,10,2010,R8KCNT,R10KCNT,0.0,0.0,less_than_weekly,less_than_weekly,0.0,persistently_below_weekly,0.0,0.0,0.0,0.0,0,0
A,20077040,8,2006,10,2010,R8KCNT,R10KCNT,1.0,1.0,weekly,weekly,0.0,maintained_weekly,0.0,0.0,1.0,1.0,1,1
A,20114010,8,2006,10,2010,R8KCNT,R10KCNT,1.0,0.0,weekly,less_than_weekly,-1.0,decreased_below_weekly,0.0,0.0,1.0,0.0,1,0
A,20190010,8,2006,10,2010,R8KCNT,R10KCNT,1.0,1.0,weekly,weekly,0.0,maintained_weekly,1.0,0.0,1.0,1.0,1,1
A,20201010,8,2006,10,2010,R8KCNT,R10KCNT,1.0,,weekly,leave_behind_not_completed_or_ineligible,,,1.0,,0.0,,1,.l
A,20221011,8,2006,10,2010,R8KCNT,R10KCNT,,1.0,leave_behind_not_completed_or_ineligible,weekly,,,,1.0,,1.0,.l,1
A,20247010,8,2006,10,2010,R8KCNT,R10KCNT,1.0,1.0,weekly,weekly,0.0,maintained_weekly,0.0,0.0,1.0,1.0,1,1
A,20248010,8,2006,10,2010,R8KCNT,R10KCNT,1.0,1.0,weekly,weekly,0.0,maintained_weekly,1.0,1.0,1.0,0.0,1,1
A,20293041,8,2006,10,2010,R8KCNT,R10KCNT,0.0,0.0,less_than_weekly,less_than_weekly,0.0,persistently_below_weekly,0.0,0.0,0.0,0.0,0,0
A,20306020,8,2006,10,2010,R8KCNT,R10KCNT,1.0,1.0,weekly,weekly,0.0,maintained_weekly,1.0,1.0,1.0,1.0,1,1
A,20315020,8,2006,10,2010,R8KCNT,R10KCNT,0.0,0.0,less_than_weekly,less_than_weekly,0.0,persistently_below_weekly,0.0,0.0,0.0,0.0,0,0
A,20316010,8,2006,10,2010,R8KCNT,R10KCNT,1.0,1.0,weekly,weekly,0.0,maintained_weekly,1.0,0.0,0.0,1.0,1,1
A,20316020,8,2006,10,2010,R8KCNT,R10KCNT,,1.0,missing_response,weekly,,,,0.0,,1.0,.m,1
A,20346020,8,2006,10,2010,R8KCNT,R10KCNT,1.0,1.0,weekly,weekly,0.0,maintained_weekly,1.0,1.0,1.0,1.0,1,1
A,20384010,8,2006,10,2010,R8KCNT,R10KCNT,1.0,0.0,weekly,less_than_weekly,-1.0,decreased_below_weekly,0.0,0.0,1.0,0.0,1,0
A,20442010,8,2006,10,2010,R8KCNT,R10KCNT,1.0,1.0,weekly,weekly,0.0,maintained_weekly,1.0,1.0,1.0,1.0,1,1
A,20442020,8,2006,10,2010,R8KCNT,R10KCNT,1.0,1.0,weekly,weekly,0.0,maintained_weekly,1.0,1.0,1.0,1.0,1,1
A,20446010,8,2006,10,2010,R8KCNT,R10KCNT,1.0,1.0,weekly,weekly,0.0,maintained_weekly,0.0,0.0,1.0,1.0,1,1
A,20446020,8,2006,10,2010,R8KCNT,R10KCNT,0.0,0.0,less_than_weekly,less_than_weekly,0.0,persistently_below_weekly,0.0,0.0,0.0,0.0,0,0
A,20448020,8,2006,10,2010,R8KCNT,R10KCNT,1.0,1.0,weekly,weekly,0.0,maintained_weekly,1.0,1.0,1.0,1.0,1,1
A,20448030,8,2006,10,2010,R8KCNT,R10KCNT,1.0,0.0,weekly,less_than_weekly,-1.0,decreased_below_weekly,0.0,0.0,1.0,0.0,1,0
A,20455020,8,2006,10,2010,R8KCNT,R10KCNT,1.0,1.0,weekly,weekly,0.0,maintained_weekly,1.0,0.0,1.0,1.0,1,1
A,20480010,8,2006,10,2010,R8KCNT,R10KCNT,1.0,1.0,weekly,weekly,0.0,maintained_weekly,1.0,1.0,1.0,1.0,1,1
A,20524010,8,2006,10,2010,R8KCNT,R10KCNT,1.0,1.0,weekly,weekly,0.0,maintained_weekly,1.0,0.0,1.0,1.0,1,1
A,20524020,8,2006,10,2010,R8KCNT,R10KCNT,1.0,1.0,weekly,weekly,0.0,maintained_weekly,0.0,1.0,1.0,1.0,1,1
A,20527010,8,2006,10,2010,R8KCNT,R10KCNT,0.0,0.0,less_than_weekly,less_than_weekly,0.0,persistently_below_weekly,0.0,0.0,0.0,0.0,0,0
A,20527040,8,2006,10,2010,R8KCNT,R10KCNT,1.0,0.0,weekly,less_than_weekly,-1.0,decreased_below_weekly,0.0,0.0,1.0,0.0,1,0
A,20540020,8,2006,10,2010,R8KCNT,R10KCNT,,,no_children,no_children,,,,,,,.k,.k
A,20554010,8,2006,10,2010,R8KCNT,R10KCNT,1.0,1.0,weekly,weekly,0.0,maintained_weekly,1.0,1.0,1.0,1.0,1,1
A,20554020,8,2006,10,2010,R8KCNT,R10KCNT,1.0,1.0,weekly,weekly,0.0,maintained_weekly,1.0,1.0,1.0,1.0,1,1
A,20558010,8,2006,10,2010,R8KCNT,R10KCNT,1.0,1.0,weekly,weekly,0.0,maintained_weekly,1.0,1.0,1.0,1.0,1,1
A,20558020,8,2006,10,2010,R8KCNT,R10KCNT,1.0,1.0,weekly,weekly,0.0,maintained_weekly,0.0,0.0,1.0,1.0,1,1
A,20561010,8,2006,10,2010,R8KCNT,R10KCNT,1.0,1.0,weekly,weekly,0.0,maintained_weekly,0.0,0.0,1.0,1.0,1,1
A,20561040,8,2006,10,2010,R8KCNT,R10KCNT,0.0,0.0,less_than_weekly,less_than_weekly,0.0,persistently_below_weekly,0.0,0.0,0.0,0.0,0,0
A,20575010,8,2006,10,2010,R8KCNT,R10KCNT,1.0,1.0,weekly,weekly,0.0,maintained_weekly,1.0,0.0,1.0,1.0,1,1
A,20608010,8,2006,10,2010,R8KCNT,R10KCNT,1.0,1.0,weekly,weekly,0.0,maintained_weekly,1.0,1.0,1.0,1.0,1,1
A,20678010,8,2006,10,2010,R8KCNT,R10KCNT,1.0,1.0,weekly,weekly,0.0,maintained_weekly,0.0,0.0,1.0,1.0,1,1
A,20678040,8,2006,10,2010,R8KCNT,R10KCNT,,1.0,missing_response,weekly,,,,0.0,,1.0,.m,1
A,20679010,8,2006,10,2010,R8KCNT,R10KCNT,1.0,1.0,weekly,weekly,0.0,maintained_weekly,1.0,1.0,1.0,1.0,1,1
A,20696010,8,2006,10,2010,R8KCNT,R10KCNT,0.0,0.0,less_than_weekly,less_than_weekly,0.0,persistently_below_weekly,0.0,0.0,0.0,0.0,0,0
A,20696020,8,2006,10,2010,R8KCNT,R10KCNT,1.0,1.0,weekly,weekly,0.0,maintained_weekly,0.0,0.0,1.0,1.0,1,1
A,20700010,8,2006,10,2010,R8KCNT,R10KCNT,,,no_children,no_children,,,,,,,.k,.k
A,20700011,8,2006,10,2010,R8KCNT,R10KCNT,0.0,1.0,less_than_weekly,weekly,1.0,increased_to_weekly,0.0,0.0,0.0,1.0,0,1
A,20831010,8,2006,10,2010,R8KCNT,R10KCNT,,,no_children,no_children,,,,,,,.k,.k
A,20860010,8,2006,10,2010,R8KCNT,R10KCNT,1.0,1.0,weekly,weekly,0.0,maintained_weekly,0.0,0.0,1.0,1.0,1,1
A,20861020,8,2006,10,2010,R8KCNT,R10KCNT,1.0,1.0,weekly,weekly,0.0,maintained_weekly,1.0,0.0,1.0,1.0,1,1
A,20870010,8,2006,10,2010,R8KCNT,R10KCNT,1.0,1.0,weekly,weekly,0.0,maintained_weekly,1.0,1.0,1.0,1.0,1,1
A,20870020,8,2006,10,2010,R8KCNT,R10KCNT,1.0,1.0,weekly,weekly,0.0,maintained_weekly,1.0,1.0,1.0,1.0,1,1
A,20911020,8,2006,10,2010,R8KCNT,R10KCNT,1.0,1.0,weekly,weekly,0.0,maintained_weekly,0.0,0.0,1.0,1.0,1,1
A,21002010,8,2006,10,2010,R8KCNT,R10KCNT,1.0,1.0,weekly,weekly,0.0,maintained_weekly,0.0,0.0,1.0,1.0,1,1
A,21011010,8,2006,10,2010,R8KCNT,R10KCNT,1.0,1.0,weekly,weekly,0.0,maintained_weekly,0.0,0.0,1.0,1.0,1,1
A,21015020,8,2006,10,2010,R8KCNT,R10KCNT,1.0,1.0,weekly,weekly,0.0,maintained_weekly,0.0,1.0,1.0,1.0,1,1
A,21040020,8,2006,10,2010,R8KCNT,R10KCNT,,1.0,leave_behind_not_completed_or_ineligible,weekly,,,,0.0,,1.0,.l,1
A,21081010,8,2006,10,2010,R8KCNT,R10KCNT,0.0,1.0,less_than_weekly,weekly,1.0,increased_to_weekly,0.0,0.0,0.0,1.0,0,1
A,21137020,8,2006,10,2010,R8KCNT,R10KCNT,1.0,1.0,weekly,weekly,0.0,maintained_weekly,1.0,1.0,1.0,1.0,1,1
A,21141020,8,2006,10,2010,R8KCNT,R10KCNT,1.0,1.0,weekly,weekly,0.0,maintained_weekly,0.0,0.0,1.0,1.0,1,1
A,21192010,8,2006,10,2010,R8KCNT,R10KCNT,1.0,1.0,weekly,weekly,0.0,maintained_weekly,1.0,1.0,1.0,1.0,1,1
A,21192040,8,2006,10,2010,R8KCNT,R10KCNT,1.0,1.0,weekly,weekly,0.0,maintained_weekly,1.0,1.0,1.0,1.0,1,1
A,21227010,8,2006,10,2010,R8KCNT,R10KCNT,1.0,1.0,weekly,weekly,0.0,maintained_weekly,1.0,1.0,1.0,1.0,1,1
A,21227020,8,2006,10,2010,R8KCNT,R10KCNT,1.0,1.0,weekly,weekly,0.0,maintained_weekly,0.0,1.0,1.0,1.0,1,1
A,21233010,8,2006,10,2010,R8KCNT,R10KCNT,1.0,1.0,weekly,weekly,0.0,maintained_weekly,0.0,0.0,1.0,1.0,1,1
A,21233020,8,2006,10,2010,R8KCNT,R10KCNT,1.0,1.0,weekly,weekly,0.0,maintained_weekly,0.0,0.0,1.0,1.0,1,1
A,21269010,8,2006,10,2010,R8KCNT,R10KCNT,1.0,1.0,weekly,weekly,0.0,maintained_weekly,0.0,0.0,1.0,1.0,1,1
A,21316020,8,2006,10,2010,R8KCNT,R10KCNT,0.0,1.0,less_than_weekly,weekly,1.0,increased_to_weekly,0.0,0.0,0.0,1.0,0,1
A,21316021,8,2006,10,2010,R8KCNT,R10KCNT,0.0,0.0,less_than_weekly,less_than_weekly,0.0,persistently_below_weekly,0.0,0.0,0.0,0.0,0,0
A,21332010,8,2006,10,2010,R8KCNT,R10KCNT,1.0,0.0,weekly,less_than_weekly,-1.0,decreased_below_weekly,0.0,0.0,1.0,0.0,1,0
A,21332020,8,2006,10,2010,R8KCNT,R10KCNT,0.0,0.0,less_than_weekly,less_than_weekly,0.0,persistently_below_weekly,0.0,0.0,0.0,0.0,0,0
A,21412010,8,2006,10,2010,R8KCNT,R10KCNT,1.0,1.0,weekly,weekly,0.0,maintained_weekly,1.0,1.0,1.0,1.0,1,1
A,21412020,8,2006,10,2010,R8KCNT,R10KCNT,1.0,1.0,weekly,weekly,0.0,maintained_weekly,1.0,1.0,1.0,1.0,1,1
A,21416010,8,2006,10,2010,R8KCNT,R10KCNT,0.0,1.0,less_than_weekly,weekly,1.0,increased_to_weekly,0.0,0.0,0.0,1.0,0,1
A,21416040,8,2006,10,2010,R8KCNT,R10KCNT,0.0,1.0,less_than_weekly,weekly,1.0,increased_to_weekly,0.0,1.0,0.0,1.0,0,1
A,21422010,8,2006,10,2010,R8KCNT,R10KCNT,,1.0,not_interviewed_or_plain_missing,weekly,,,,1.0,,1.0,.,1
A,21422040,8,2006,10,2010,R8KCNT,R10KCNT,,1.0,not_interviewed_or_plain_missing,weekly,,,,1.0,,0.0,.,1
A,21442010,8,2006,10,2010,R8KCNT,R10KCNT,1.0,1.0,weekly,weekly,0.0,maintained_weekly,0.0,0.0,1.0,1.0,1,1
A,21442020,8,2006,10,2010,R8KCNT,R10KCNT,1.0,1.0,weekly,weekly,0.0,maintained_weekly,0.0,0.0,1.0,1.0,1,1
A,21448010,8,2006,10,2010,R8KCNT,R10KCNT,0.0,1.0,less_than_weekly,weekly,1.0,increased_to_weekly,0.0,1.0,0.0,1.0,0,1
A,21452010,8,2006,10,2010,R8KCNT,R10KCNT,1.0,1.0,weekly,weekly,0.0,maintained_weekly,0.0,0.0,1.0,1.0,1,1
A,21468010,8,2006,10,2010,R8KCNT,R10KCNT,1.0,1.0,weekly,weekly,0.0,maintained_weekly,1.0,0.0,1.0,1.0,1,1
A,21468020,8,2006,10,2010,R8KCNT,R10KCNT,0.0,1.0,less_than_weekly,weekly,1.0,increased_to_weekly,0.0,0.0,0.0,1.0,0,1
A,21505010,8,2006,10,2010,R8KCNT,R10KCNT,1.0,1.0,weekly,weekly,0.0,maintained_weekly,0.0,0.0,1.0,1.0,1,1
A,21520010,8,2006,10,2010,R8KCNT,R10KCNT,1.0,1.0,weekly,weekly,0.0,maintained_weekly,0.0,0.0,1.0,1.0,1,1
A,21583010,8,2006,10,2010,R8KCNT,R10KCNT,1.0,1.0,weekly,weekly,0.0,maintained_weekly,1.0,0.0,1.0,1.0,1,1
A,21583020,8,2006,10,2010,R8KCNT,R10KCNT,1.0,1.0,weekly,weekly,0.0,maintained_weekly,0.0,1.0,1.0,1.0,1,1
A,21587010,8,2006,10,2010,R8KCNT,R10KCNT,,,no_children,no_children,,,,,,,.k,.k
A,21587040,8,2006,10,2010,R8KCNT,R10KCNT,,,no_children,no_children,,,,,,,.k,.k
A,21710020,8,2006,10,2010,R8KCNT,R10KCNT,1.0,0.0,weekly,less_than_weekly,-1.0,decreased_below_weekly,0.0,0.0,1.0,0.0,1,0
A,21720010,8,2006,10,2010,R8KCNT,R10KCNT,1.0,0.0,weekly,less_than_weekly,-1.0,decreased_below_weekly,0.0,0.0,1.0,0.0,1,0
A,21726020,8,2006,10,2010,R8KCNT,R10KCNT,1.0,,weekly,leave_behind_not_completed_or_ineligible,,,1.0,,1.0,,1,.l
A,21746010,8,2006,10,2010,R8KCNT,R10KCNT,1.0,1.0,weekly,weekly,0.0,maintained_weekly,1.0,1.0,1.0,1.0,1,1
A,21746020,8,2006,10,2010,R8KCNT,R10KCNT,1.0,1.0,weekly,weekly,0.0,maintained_weekly,1.0,1.0,1.0,1.0,1,1
A,21774010,8,2006,10,2010,R8KCNT,R10KCNT,1.0,,weekly,no_children,,,0.0,,1.0,,1,.k
A,21791020,8,2006,10,2010,R8KCNT,R10KCNT,1.0,1.0,weekly,weekly,0.0,maintained_weekly,0.0,0.0,1.0,1.0,1,1
A,21791030,8,2006,10,2010,R8KCNT,R10KCNT,1.0,1.0,weekly,weekly,0.0,maintained_weekly,0.0,0.0,1.0,1.0,1,1
A,21825020,8,2006,10,2010,R8KCNT,R10KCNT,1.0,1.0,weekly,weekly,0.0,maintained_weekly,0.0,0.0,1.0,1.0,1,1
A,21825021,8,2006,10,2010,R8KCNT,R10KCNT,0.0,0.0,less_than_weekly,less_than_weekly,0.0,persistently_below_weekly,0.0,0.0,0.0,0.0,0,0
A,21835010,8,2006,10,2010,R8KCNT,R10KCNT,1.0,1.0,weekly,weekly,0.0,maintained_weekly,0.0,0.0,1.0,1.0,1,1
A,21835020,8,2006,10,2010,R8KCNT,R10KCNT,1.0,1.0,weekly,weekly,0.0,maintained_weekly,1.0,1.0,0.0,1.0,1,1
A,21912020,8,2006,10,2010,R8KCNT,R10KCNT,1.0,1.0,weekly,weekly,0.0,maintained_weekly,1.0,1.0,1.0,1.0,1,1
A,21912030,8,2006,10,2010,R8KCNT,R10KCNT,1.0,1.0,weekly,weekly,0.0,maintained_weekly,1.0,1.0,1.0,1.0,1,1
A,21928010,8,2006,10,2010,R8KCNT,R10KCNT,1.0,1.0,weekly,weekly,0.0,maintained_weekly,0.0,1.0,1.0,1.0,1,1
A,21928020,8,2006,10,2010,R8KCNT,R10KCNT,1.0,1.0,weekly,weekly,0.0,maintained_weekly,1.0,1.0,1.0,1.0,1,1
A,21995010,8,2006,10,2010,R8KCNT,R10KCNT,1.0,1.0,weekly,weekly,0.0,maintained_weekly,1.0,1.0,1.0,1.0,1,1
A,21995020,8,2006,10,2010,R8KCNT,R10KCNT,1.0,1.0,weekly,weekly,0.0,maintained_weekly,1.0,1.0,1.0,1.0,1,1
A,22026010,8,2006,10,2010,R8KCNT,R10KCNT,,0.0,leave_behind_not_completed_or_ineligible,less_than_weekly,,,,0.0,,0.0,.l,0
A,22026020,8,2006,10,2010,R8KCNT,R10KCNT,0.0,1.0,less_than_weekly,weekly,1.0,increased_to_weekly,0.0,0.0,0.0,1.0,0,1
A,22027030,8,2006,10,2010,R8KCNT,R10KCNT,0.0,1.0,less_than_weekly,weekly,1.0,increased_to_weekly,0.0,1.0,0.0,0.0,0,1
A,22034010,8,2006,10,2010,R8KCNT,R10KCNT,1.0,1.0,weekly,weekly,0.0,maintained_weekly,1.0,1.0,1.0,1.0,1,1
A,22034020,8,2006,10,2010,R8KCNT,R10KCNT,1.0,1.0,weekly,weekly,0.0,maintained_weekly,1.0,1.0,1.0,1.0,1,1
A,22047020,8,2006,10,2010,R8KCNT,R10KCNT,1.0,1.0,weekly,weekly,0.0,maintained_weekly,0.0,0.0,1.0,1.0,1,1
A,22047030,8,2006,10,2010,R8KCNT,R10KCNT,1.0,1.0,weekly,weekly,0.0,maintained_weekly,0.0,0.0,1.0,1.0,1,1
A,22049010,8,2006,10,2010,R8KCNT,R10KCNT,,1.0,not_interviewed_or_plain_missing,weekly,,,,0.0,,1.0,.,1
A,22049020,8,2006,10,2010,R8KCNT,R10KCNT,,1.0,not_interviewed_or_plain_missing,weekly,,,,0.0,,1.0,.,1
A,22061010,8,2006,10,2010,R8KCNT,R10KCNT,1.0,1.0,weekly,weekly,0.0,maintained_weekly,0.0,1.0,1.0,1.0,1,1
A,22061020,8,2006,10,2010,R8KCNT,R10KCNT,1.0,,weekly,leave_behind_not_completed_or_ineligible,,,1.0,,0.0,,1,.l
A,22067011,8,2006,10,2010,R8KCNT,R10KCNT,0.0,0.0,less_than_weekly,less_than_weekly,0.0,persistently_below_weekly,0.0,0.0,0.0,0.0,0,0
A,22125010,8,2006,10,2010,R8KCNT,R10KCNT,1.0,1.0,weekly,weekly,0.0,maintained_weekly,1.0,1.0,1.0,1.0,1,1
A,22137010,8,2006,10,2010,R8KCNT,R10KCNT,1.0,1.0,weekly,weekly,0.0,maintained_weekly,1.0,1.0,1.0,1.0,1,1
A,22137020,8,2006,10,2010,R8KCNT,R10KCNT,1.0,1.0,weekly,weekly,0.0,maintained_weekly,1.0,1.0,1.0,0.0,1,1
A,22150010,8,2006,10,2010,R8KCNT,R10KCNT,1.0,1.0,weekly,weekly,0.0,maintained_weekly,1.0,1.0,1.0,1.0,1,1
A,22212020,8,2006,10,2010,R8KCNT,R10KCNT,1.0,1.0,weekly,weekly,0.0,maintained_weekly,1.0,1.0,1.0,1.0,1,1
A,22229010,8,2006,10,2010,R8KCNT,R10KCNT,1.0,1.0,weekly,weekly,0.0,maintained_weekly,1.0,0.0,1.0,1.0,1,1
A,22242010,8,2006,10,2010,R8KCNT,R10KCNT,1.0,1.0,weekly,weekly,0.0,maintained_weekly,1.0,1.0,1.0,0.0,1,1
A,22242020,8,2006,10,2010,R8KCNT,R10KCNT,1.0,1.0,weekly,weekly,0.0,maintained_weekly,1.0,1.0,1.0,1.0,1,1
A,22243010,8,2006,10,2010,R8KCNT,R10KCNT,0.0,1.0,less_than_weekly,weekly,1.0,increased_to_weekly,0.0,0.0,0.0,1.0,0,1
A,22243020,8,2006,10,2010,R8KCNT,R10KCNT,0.0,0.0,less_than_weekly,less_than_weekly,0.0,persistently_below_weekly,0.0,0.0,0.0,0.0,0,0
A,22261010,8,2006,10,2010,R8KCNT,R10KCNT,0.0,1.0,less_than_weekly,weekly,1.0,increased_to_weekly,0.0,0.0,0.0,1.0,0,1
A,22267010,8,2006,10,2010,R8KCNT,R10KCNT,1.0,1.0,weekly,weekly,0.0,maintained_weekly,0.0,0.0,1.0,1.0,1,1
A,22275010,8,2006,10,2010,R8KCNT,R10KCNT,1.0,1.0,weekly,weekly,0.0,maintained_weekly,0.0,0.0,1.0,1.0,1,1
A,22289020,8,2006,10,2010,R8KCNT,R10KCNT,1.0,1.0,weekly,weekly,0.0,maintained_weekly,1.0,1.0,1.0,1.0,1,1
A,22330010,8,2006,10,2010,R8KCNT,R10KCNT,0.0,1.0,less_than_weekly,weekly,1.0,increased_to_weekly,0.0,0.0,0.0,1.0,0,1
A,22330020,8,2006,10,2010,R8KCNT,R10KCNT,1.0,1.0,weekly,weekly,0.0,maintained_weekly,1.0,1.0,1.0,1.0,1,1
A,22335030,8,2006,10,2010,R8KCNT,R10KCNT,1.0,1.0,weekly,weekly,0.0,maintained_weekly,0.0,0.0,1.0,1.0,1,1
A,22348010,8,2006,10,2010,R8KCNT,R10KCNT,0.0,0.0,less_than_weekly,less_than_weekly,0.0,persistently_below_weekly,0.0,0.0,0.0,0.0,0,0
A,22364010,8,2006,10,2010,R8KCNT,R10KCNT,,,no_children,no_children,,,,,,,.k,.k
A,22375040,8,2006,10,2010,R8KCNT,R10KCNT,,1.0,missing_response,weekly,,,,0.0,,1.0,.m,1
A,22388020,8,2006,10,2010,R8KCNT,R10KCNT,0.0,1.0,less_than_weekly,weekly,1.0,increased_to_weekly,0.0,1.0,0.0,1.0,0,1
A,22415010,8,2006,10,2010,R8KCNT,R10KCNT,1.0,0.0,weekly,less_than_weekly,-1.0,decreased_below_weekly,1.0,0.0,1.0,0.0,1,0
A,22415040,8,2006,10,2010,R8KCNT,R10KCNT,1.0,1.0,weekly,weekly,0.0,maintained_weekly,1.0,1.0,1.0,1.0,1,1
A,22420011,8,2006,10,2010,R8KCNT,R10KCNT,1.0,1.0,weekly,weekly,0.0,maintained_weekly,1.0,0.0,1.0,1.0,1,1
A,22427010,8,2006,10,2010,R8KCNT,R10KCNT,1.0,1.0,weekly,weekly,0.0,maintained_weekly,0.0,1.0,1.0,1.0,1,1
A,22439040,8,2006,10,2010,R8KCNT,R10KCNT,1.0,1.0,weekly,weekly,0.0,maintained_weekly,0.0,0.0,1.0,1.0,1,1
A,22439041,8,2006,10,2010,R8KCNT,R10KCNT,1.0,1.0,weekly,weekly,0.0,maintained_weekly,0.0,,1.0,1.0,1,1
A,22450010,8,2006,10,2010,R8KCNT,R10KCNT,1.0,1.0,weekly,weekly,0.0,maintained_weekly,0.0,0.0,1.0,1.0,1,1
A,22450020,8,2006,10,2010,R8KCNT,R10KCNT,1.0,1.0,weekly,weekly,0.0,maintained_weekly,0.0,0.0,1.0,1.0,1,1
A,22470010,8,2006,10,2010,R8KCNT,R10KCNT,1.0,1.0,weekly,weekly,0.0,maintained_weekly,1.0,1.0,1.0,1.0,1,1
A,22499020,8,2006,10,2010,R8KCNT,R10KCNT,1.0,1.0,weekly,weekly,0.0,maintained_weekly,0.0,0.0,1.0,1.0,1,1
A,22499030,8,2006,10,2010,R8KCNT,R10KCNT,1.0,1.0,weekly,weekly,0.0,maintained_weekly,0.0,0.0,1.0,1.0,1,1
A,22522010,8,2006,10,2010,R8KCNT,R10KCNT,0.0,0.0,less_than_weekly,less_than_weekly,0.0,persistently_below_weekly,0.0,0.0,0.0,0.0,0,0
A,22522020,8,2006,10,2010,R8KCNT,R10KCNT,1.0,1.0,weekly,weekly,0.0,maintained_weekly,0.0,0.0,1.0,1.0,1,1
A,22523020,8,2006,10,2010,R8KCNT,R10KCNT,1.0,1.0,weekly,weekly,0.0,maintained_weekly,1.0,1.0,1.0,1.0,1,1
A,22523030,8,2006,10,2010,R8KCNT,R10KCNT,1.0,1.0,weekly,weekly,0.0,maintained_weekly,1.0,0.0,1.0,1.0,1,1
A,22545010,8,2006,10,2010,R8KCNT,R10KCNT,1.0,1.0,weekly,weekly,0.0,maintained_weekly,1.0,1.0,1.0,1.0,1,1
A,22545040,8,2006,10,2010,R8KCNT,R10KCNT,1.0,1.0,weekly,weekly,0.0,maintained_weekly,0.0,1.0,1.0,1.0,1,1
A,22563020,8,2006,10,2010,R8KCNT,R10KCNT,1.0,1.0,weekly,weekly,0.0,maintained_weekly,0.0,0.0,1.0,1.0,1,1
A,22563021,8,2006,10,2010,R8KCNT,R10KCNT,1.0,1.0,weekly,weekly,0.0,maintained_weekly,0.0,0.0,1.0,1.0,1,1
A,22574010,8,2006,10,2010,R8KCNT,R10KCNT,1.0,1.0,weekly,weekly,0.0,maintained_weekly,1.0,1.0,1.0,1.0,1,1
A,22574020,8,2006,10,2010,R8KCNT,R10KCNT,1.0,1.0,weekly,weekly,0.0,maintained_weekly,0.0,1.0,1.0,1.0,1,1
A,22583010,8,2006,10,2010,R8KCNT,R10KCNT,1.0,,weekly,leave_behind_not_completed_or_ineligible,,,1.0,,1.0,,1,.l
A,22583020,8,2006,10,2010,R8KCNT,R10KCNT,1.0,1.0,weekly,weekly,0.0,maintained_weekly,1.0,1.0,1.0,1.0,1,1
A,22600010,8,2006,10,2010,R8KCNT,R10KCNT,0.0,0.0,less_than_weekly,less_than_weekly,0.0,persistently_below_weekly,0.0,0.0,0.0,0.0,0,0
A,22604010,8,2006,10,2010,R8KCNT,R10KCNT,1.0,1.0,weekly,weekly,0.0,maintained_weekly,0.0,0.0,1.0,1.0,1,1
A,22738010,8,2006,10,2010,R8KCNT,R10KCNT,1.0,1.0,weekly,weekly,0.0,maintained_weekly,1.0,1.0,1.0,1.0,1,1
A,22738020,8,2006,10,2010,R8KCNT,R10KCNT,1.0,1.0,weekly,weekly,0.0,maintained_weekly,1.0,1.0,1.0,1.0,1,1
A,22784030,8,2006,10,2010,R8KCNT,R10KCNT,1.0,1.0,weekly,weekly,0.0,maintained_weekly,0.0,0.0,1.0,1.0,1,1
A,22837040,8,2006,10,2010,R8KCNT,R10KCNT,1.0,1.0,weekly,weekly,0.0,maintained_weekly,0.0,0.0,1.0,1.0,1,1
A,22860010,8,2006,10,2010,R8KCNT,R10KCNT,1.0,1.0,weekly,weekly,0.0,maintained_weekly,1.0,0.0,1.0,1.0,1,1
A,22861010,8,2006,10,2010,R8KCNT,R10KCNT,1.0,1.0,weekly,weekly,0.0,maintained_weekly,1.0,1.0,1.0,1.0,1,1
A,22861040,8,2006,10,2010,R8KCNT,R10KCNT,1.0,1.0,weekly,weekly,0.0,maintained_weekly,0.0,0.0,1.0,1.0,1,1
A,22911010,8,2006,10,2010,R8KCNT,R10KCNT,1.0,1.0,weekly,weekly,0.0,maintained_weekly,0.0,0.0,1.0,1.0,1,1
A,22911020,8,2006,10,2010,R8KCNT,R10KCNT,1.0,1.0,weekly,weekly,0.0,maintained_weekly,0.0,0.0,1.0,1.0,1,1
A,22930020,8,2006,10,2010,R8KCNT,R10KCNT,1.0,1.0,weekly,weekly,0.0,maintained_weekly,1.0,1.0,1.0,1.0,1,1
A,22965040,8,2006,10,2010,R8KCNT,R10KCNT,,1.0,not_interviewed_or_plain_missing,weekly,,,,0.0,,1.0,.,1
A,22984010,8,2006,10,2010,R8KCNT,R10KCNT,1.0,1.0,weekly,weekly,0.0,maintained_weekly,1.0,0.0,1.0,1.0,1,1
A,22984040,8,2006,10,2010,R8KCNT,R10KCNT,1.0,1.0,weekly,weekly,0.0,maintained_weekly,1.0,1.0,1.0,1.0,1,1
A,22999010,8,2006,10,2010,R8KCNT,R10KCNT,0.0,0.0,less_than_weekly,less_than_weekly,0.0,persistently_below_weekly,0.0,0.0,0.0,0.0,0,0
A,22999020,8,2006,10,2010,R8KCNT,R10KCNT,0.0,0.0,less_than_weekly,less_than_weekly,0.0,persistently_below_weekly,0.0,0.0,0.0,0.0,0,0
A,23015010,8,2006,10,2010,R8KCNT,R10KCNT,1.0,,weekly,leave_behind_not_completed_or_ineligible,,,0.0,,1.0,,1,.l
A,23028020,8,2006,10,2010,R8KCNT,R10KCNT,1.0,1.0,weekly,weekly,0.0,maintained_weekly,1.0,1.0,1.0,1.0,1,1
A,23028030,8,2006,10,2010,R8KCNT,R10KCNT,1.0,1.0,weekly,weekly,0.0,maintained_weekly,1.0,1.0,0.0,1.0,1,1
A,23042011,8,2006,10,2010,R8KCNT,R10KCNT,1.0,0.0,weekly,less_than_weekly,-1.0,decreased_below_weekly,1.0,0.0,1.0,0.0,1,0
A,23067010,8,2006,10,2010,R8KCNT,R10KCNT,,1.0,not_interviewed_or_plain_missing,weekly,,,,1.0,,1.0,.,1
A,23074020,8,2006,10,2010,R8KCNT,R10KCNT,1.0,,weekly,missing_response,,,1.0,,1.0,,1,.m
A,23074030,8,2006,10,2010,R8KCNT,R10KCNT,,,missing_response,missing_response,,,,,,,.m,.m
A,23108010,8,2006,10,2010,R8KCNT,R10KCNT,1.0,0.0,weekly,less_than_weekly,-1.0,decreased_below_weekly,1.0,0.0,1.0,0.0,1,0
A,23108040,8,2006,10,2010,R8KCNT,R10KCNT,1.0,1.0,weekly,weekly,0.0,maintained_weekly,1.0,1.0,1.0,1.0,1,1
A,23119020,8,2006,10,2010,R8KCNT,R10KCNT,0.0,0.0,less_than_weekly,less_than_weekly,0.0,persistently_below_weekly,0.0,0.0,0.0,0.0,0,0
A,23119030,8,2006,10,2010,R8KCNT,R10KCNT,0.0,0.0,less_than_weekly,less_than_weekly,0.0,persistently_below_weekly,0.0,0.0,0.0,0.0,0,0
A,23186010,8,2006,10,2010,R8KCNT,R10KCNT,0.0,1.0,less_than_weekly,weekly,1.0,increased_to_weekly,0.0,0.0,0.0,1.0,0,1
A,23186040,8,2006,10,2010,R8KCNT,R10KCNT,1.0,1.0,weekly,weekly,0.0,maintained_weekly,0.0,0.0,1.0,1.0,1,1
A,23199010,8,2006,10,2010,R8KCNT,R10KCNT,1.0,1.0,weekly,weekly,0.0,maintained_weekly,0.0,0.0,1.0,1.0,1,1
A,23199020,8,2006,10,2010,R8KCNT,R10KCNT,1.0,1.0,weekly,weekly,0.0,maintained_weekly,0.0,0.0,1.0,1.0,1,1
A,23201010,8,2006,10,2010,R8KCNT,R10KCNT,1.0,1.0,weekly,weekly,0.0,maintained_weekly,0.0,0.0,1.0,1.0,1,1
A,23201040,8,2006,10,2010,R8KCNT,R10KCNT,1.0,,weekly,leave_behind_not_completed_or_ineligible,,,0.0,,1.0,,1,.l
A,23254030,8,2006,10,2010,R8KCNT,R10KCNT,1.0,1.0,weekly,weekly,0.0,maintained_weekly,1.0,0.0,1.0,1.0,1,1
A,23258010,8,2006,10,2010,R8KCNT,R10KCNT,0.0,1.0,less_than_weekly,weekly,1.0,increased_to_weekly,0.0,0.0,0.0,1.0,0,1
A,23303020,8,2006,10,2010,R8KCNT,R10KCNT,1.0,1.0,weekly,weekly,0.0,maintained_weekly,0.0,0.0,1.0,1.0,1,1
A,23344010,8,2006,10,2010,R8KCNT,R10KCNT,1.0,0.0,weekly,less_than_weekly,-1.0,decreased_below_weekly,1.0,0.0,0.0,0.0,1,0
A,23344020,8,2006,10,2010,R8KCNT,R10KCNT,1.0,1.0,weekly,weekly,0.0,maintained_weekly,1.0,1.0,1.0,1.0,1,1
A,23387010,8,2006,10,2010,R8KCNT,R10KCNT,1.0,1.0,weekly,weekly,0.0,maintained_weekly,0.0,0.0,1.0,1.0,1,1
A,23430010,8,2006,10,2010,R8KCNT,R10KCNT,1.0,1.0,weekly,weekly,0.0,maintained_weekly,1.0,,1.0,1.0,1,1
A,23454030,8,2006,10,2010,R8KCNT,R10KCNT,1.0,1.0,weekly,weekly,0.0,maintained_weekly,1.0,1.0,1.0,1.0,1,1
A,23461020,8,2006,10,2010,R8KCNT,R10KCNT,1.0,1.0,weekly,weekly,0.0,maintained_weekly,1.0,1.0,1.0,1.0,1,1
A,23489010,8,2006,10,2010,R8KCNT,R10KCNT,0.0,0.0,less_than_weekly,less_than_weekly,0.0,persistently_below_weekly,0.0,0.0,0.0,0.0,0,0
A,23489020,8,2006,10,2010,R8KCNT,R10KCNT,1.0,0.0,weekly,less_than_weekly,-1.0,decreased_below_weekly,0.0,0.0,1.0,0.0,1,0
A,23529010,8,2006,10,2010,R8KCNT,R10KCNT,1.0,1.0,weekly,weekly,0.0,maintained_weekly,0.0,0.0,1.0,1.0,1,1
A,23529020,8,2006,10,2010,R8KCNT,R10KCNT,1.0,1.0,weekly,weekly,0.0,maintained_weekly,0.0,1.0,1.0,1.0,1,1
A,23597010,8,2006,10,2010,R8KCNT,R10KCNT,1.0,1.0,weekly,weekly,0.0,maintained_weekly,0.0,1.0,1.0,1.0,1,1
A,23597020,8,2006,10,2010,R8KCNT,R10KCNT,1.0,1.0,weekly,weekly,0.0,maintained_weekly,0.0,1.0,1.0,1.0,1,1
A,23605020,8,2006,10,2010,R8KCNT,R10KCNT,1.0,1.0,weekly,weekly,0.0,maintained_weekly,1.0,1.0,1.0,1.0,1,1
A,23605030,8,2006,10,2010,R8KCNT,R10KCNT,1.0,1.0,weekly,weekly,0.0,maintained_weekly,1.0,1.0,1.0,1.0,1,1
A,23639010,8,2006,10,2010,R8KCNT,R10KCNT,0.0,0.0,less_than_weekly,less_than_weekly,0.0,persistently_below_weekly,0.0,0.0,0.0,0.0,0,0
A,23678020,8,2006,10,2010,R8KCNT,R10KCNT,0.0,1.0,less_than_weekly,weekly,1.0,increased_to_weekly,0.0,0.0,0.0,1.0,0,1
A,23685020,8,2006,10,2010,R8KCNT,R10KCNT,,,no_children,no_children,,,,,,,.k,.k
A,23698010,8,2006,10,2010,R8KCNT,R10KCNT,,,no_children,no_children,,,,,,,.k,.k
A,23701020,8,2006,10,2010,R8KCNT,R10KCNT,0.0,1.0,less_than_weekly,weekly,1.0,increased_to_weekly,0.0,0.0,0.0,1.0,0,1
A,23701030,8,2006,10,2010,R8KCNT,R10KCNT,1.0,1.0,weekly,weekly,0.0,maintained_weekly,0.0,0.0,1.0,1.0,1,1
A,23752010,8,2006,10,2010,R8KCNT,R10KCNT,1.0,1.0,weekly,weekly,0.0,maintained_weekly,0.0,1.0,1.0,1.0,1,1
A,23754020,8,2006,10,2010,R8KCNT,R10KCNT,0.0,0.0,less_than_weekly,less_than_weekly,0.0,persistently_below_weekly,0.0,0.0,0.0,0.0,0,0
A,23817010,8,2006,10,2010,R8KCNT,R10KCNT,0.0,,less_than_weekly,no_children,,,0.0,,,,0,.k
A,23827040,8,2006,10,2010,R8KCNT,R10KCNT,1.0,1.0,weekly,weekly,0.0,maintained_weekly,1.0,1.0,1.0,1.0,1,1
A,23844010,8,2006,10,2010,R8KCNT,R10KCNT,1.0,1.0,weekly,weekly,0.0,maintained_weekly,1.0,1.0,1.0,1.0,1,1
A,23876010,8,2006,10,2010,R8KCNT,R10KCNT,1.0,1.0,weekly,weekly,0.0,maintained_weekly,0.0,0.0,1.0,1.0,1,1
A,23886010,8,2006,10,2010,R8KCNT,R10KCNT,1.0,1.0,weekly,weekly,0.0,maintained_weekly,1.0,1.0,1.0,1.0,1,1
A,23886020,8,2006,10,2010,R8KCNT,R10KCNT,1.0,1.0,weekly,weekly,0.0,maintained_weekly,0.0,1.0,1.0,1.0,1,1
A,23913010,8,2006,10,2010,R8KCNT,R10KCNT,1.0,1.0,weekly,weekly,0.0,maintained_weekly,1.0,1.0,1.0,1.0,1,1
A,23919010,8,2006,10,2010,R8KCNT,R10KCNT,1.0,1.0,weekly,weekly,0.0,maintained_weekly,1.0,1.0,1.0,1.0,1,1
A,23923020,8,2006,10,2010,R8KCNT,R10KCNT,,1.0,leave_behind_not_completed_or_ineligible,weekly,,,,1.0,,1.0,.l,1
A,23965020,8,2006,10,2010,R8KCNT,R10KCNT,1.0,1.0,weekly,weekly,0.0,maintained_weekly,1.0,0.0,1.0,1.0,1,1
A,24014010,8,2006,10,2010,R8KCNT,R10KCNT,1.0,1.0,weekly,weekly,0.0,maintained_weekly,0.0,1.0,1.0,1.0,1,1
A,24014040,8,2006,10,2010,R8KCNT,R10KCNT,1.0,0.0,weekly,less_than_weekly,-1.0,decreased_below_weekly,1.0,0.0,1.0,0.0,1,0
A,24075010,8,2006,10,2010,R8KCNT,R10KCNT,1.0,1.0,weekly,weekly,0.0,maintained_weekly,1.0,0.0,1.0,1.0,1,1
A,24075012,8,2006,10,2010,R8KCNT,R10KCNT,1.0,1.0,weekly,weekly,0.0,maintained_weekly,1.0,0.0,1.0,1.0,1,1
A,24077010,8,2006,10,2010,R8KCNT,R10KCNT,1.0,0.0,weekly,less_than_weekly,-1.0,decreased_below_weekly,0.0,0.0,1.0,0.0,1,0
A,24089020,8,2006,10,2010,R8KCNT,R10KCNT,1.0,1.0,weekly,weekly,0.0,maintained_weekly,0.0,1.0,1.0,0.0,1,1
A,24103010,8,2006,10,2010,R8KCNT,R10KCNT,1.0,1.0,weekly,weekly,0.0,maintained_weekly,1.0,1.0,1.0,1.0,1,1
A,24103020,8,2006,10,2010,R8KCNT,R10KCNT,1.0,1.0,weekly,weekly,0.0,maintained_weekly,0.0,1.0,1.0,1.0,1,1
A,24107010,8,2006,10,2010,R8KCNT,R10KCNT,,1.0,not_interviewed_or_plain_missing,weekly,,,,1.0,,1.0,.,1
A,24132010,8,2006,10,2010,R8KCNT,R10KCNT,1.0,1.0,weekly,weekly,0.0,maintained_weekly,0.0,0.0,1.0,1.0,1,1
A,24132020,8,2006,10,2010,R8KCNT,R10KCNT,1.0,1.0,weekly,weekly,0.0,maintained_weekly,0.0,1.0,1.0,1.0,1,1
A,24161010,8,2006,10,2010,R8KCNT,R10KCNT,0.0,1.0,less_than_weekly,weekly,1.0,increased_to_weekly,0.0,0.0,0.0,1.0,0,1
A,24168010,8,2006,10,2010,R8KCNT,R10KCNT,1.0,1.0,weekly,weekly,0.0,maintained_weekly,1.0,1.0,1.0,1.0,1,1
A,24238020,8,2006,10,2010,R8KCNT,R10KCNT,,1.0,not_interviewed_or_plain_missing,weekly,,,,1.0,,1.0,.,1
A,24240010,8,2006,10,2010,R8KCNT,R10KCNT,,,no_children,no_children,,,,,,,.k,.k
A,24240020,8,2006,10,2010,R8KCNT,R10KCNT,,,no_children,no_children,,,,,,,.k,.k
A,24333040,8,2006,10,2010,R8KCNT,R10KCNT,1.0,1.0,weekly,weekly,0.0,maintained_weekly,0.0,0.0,1.0,1.0,1,1
A,24400020,8,2006,10,2010,R8KCNT,R10KCNT,,,no_children,no_children,,,,,,,.k,.k
A,24407010,8,2006,10,2010,R8KCNT,R10KCNT,1.0,1.0,weekly,weekly,0.0,maintained_weekly,0.0,0.0,1.0,1.0,1,1
A,24416010,8,2006,10,2010,R8KCNT,R10KCNT,1.0,1.0,weekly,weekly,0.0,maintained_weekly,0.0,0.0,1.0,1.0,1,1
A,24416020,8,2006,10,2010,R8KCNT,R10KCNT,1.0,1.0,weekly,weekly,0.0,maintained_weekly,0.0,0.0,1.0,1.0,1,1
A,24417010,8,2006,10,2010,R8KCNT,R10KCNT,,,no_children,no_children,,,,,,,.k,.k
A,24417020,8,2006,10,2010,R8KCNT,R10KCNT,,,no_children,no_children,,,,,,,.k,.k
A,24420010,8,2006,10,2010,R8KCNT,R10KCNT,0.0,0.0,less_than_weekly,less_than_weekly,0.0,persistently_below_weekly,0.0,0.0,0.0,0.0,0,0
A,24420020,8,2006,10,2010,R8KCNT,R10KCNT,1.0,1.0,weekly,weekly,0.0,maintained_weekly,1.0,0.0,0.0,1.0,1,1
A,24500020,8,2006,10,2010,R8KCNT,R10KCNT,1.0,1.0,weekly,weekly,0.0,maintained_weekly,1.0,1.0,1.0,1.0,1,1
A,24500030,8,2006,10,2010,R8KCNT,R10KCNT,1.0,1.0,weekly,weekly,0.0,maintained_weekly,1.0,1.0,1.0,1.0,1,1
A,24551010,8,2006,10,2010,R8KCNT,R10KCNT,1.0,1.0,weekly,weekly,0.0,maintained_weekly,0.0,0.0,1.0,1.0,1,1
A,24555010,8,2006,10,2010,R8KCNT,R10KCNT,,,not_interviewed_or_plain_missing,no_children,,,,,,,.,.k
A,24555040,8,2006,10,2010,R8KCNT,R10KCNT,,0.0,not_interviewed_or_plain_missing,less_than_weekly,,,,0.0,,0.0,.,0
A,24582010,8,2006,10,2010,R8KCNT,R10KCNT,1.0,1.0,weekly,weekly,0.0,maintained_weekly,0.0,1.0,1.0,1.0,1,1
A,24582040,8,2006,10,2010,R8KCNT,R10KCNT,1.0,1.0,weekly,weekly,0.0,maintained_weekly,0.0,0.0,1.0,1.0,1,1
A,24650020,8,2006,10,2010,R8KCNT,R10KCNT,0.0,1.0,less_than_weekly,weekly,1.0,increased_to_weekly,0.0,0.0,0.0,1.0,0,1
A,24684040,8,2006,10,2010,R8KCNT,R10KCNT,,1.0,leave_behind_not_completed_or_ineligible,weekly,,,,0.0,,1.0,.l,1
A,24684041,8,2006,10,2010,R8KCNT,R10KCNT,0.0,0.0,less_than_weekly,less_than_weekly,0.0,persistently_below_weekly,0.0,0.0,0.0,0.0,0,0
A,24753020,8,2006,10,2010,R8KCNT,R10KCNT,,,no_children,no_children,,,,,,,.k,.k
A,24753030,8,2006,10,2010,R8KCNT,R10KCNT,,,no_children,no_children,,,,,,,.k,.k
A,24884020,8,2006,10,2010,R8KCNT,R10KCNT,1.0,1.0,weekly,weekly,0.0,maintained_weekly,0.0,0.0,1.0,1.0,1,1
A,24902010,8,2006,10,2010,R8KCNT,R10KCNT,1.0,1.0,weekly,weekly,0.0,maintained_weekly,0.0,0.0,1.0,1.0,1,1
A,24902020,8,2006,10,2010,R8KCNT,R10KCNT,0.0,1.0,less_than_weekly,weekly,1.0,increased_to_weekly,0.0,0.0,0.0,1.0,0,1
A,24902021,8,2006,10,2010,R8KCNT,R10KCNT,1.0,1.0,weekly,weekly,0.0,maintained_weekly,1.0,1.0,1.0,1.0,1,1
A,24977010,8,2006,10,2010,R8KCNT,R10KCNT,1.0,1.0,weekly,weekly,0.0,maintained_weekly,1.0,1.0,1.0,1.0,1,1
A,24977020,8,2006,10,2010,R8KCNT,R10KCNT,1.0,1.0,weekly,weekly,0.0,maintained_weekly,0.0,1.0,1.0,0.0,1,1
A,24978010,8,2006,10,2010,R8KCNT,R10KCNT,1.0,1.0,weekly,weekly,0.0,maintained_weekly,0.0,1.0,1.0,1.0,1,1
A,24978020,8,2006,10,2010,R8KCNT,R10KCNT,0.0,0.0,less_than_weekly,less_than_weekly,0.0,persistently_below_weekly,0.0,0.0,0.0,0.0,0,0
A,25081010,8,2006,10,2010,R8KCNT,R10KCNT,0.0,0.0,less_than_weekly,less_than_weekly,0.0,persistently_below_weekly,0.0,0.0,0.0,0.0,0,0
A,25081020,8,2006,10,2010,R8KCNT,R10KCNT,1.0,0.0,weekly,less_than_weekly,-1.0,decreased_below_weekly,0.0,0.0,1.0,0.0,1,0
A,25104010,8,2006,10,2010,R8KCNT,R10KCNT,1.0,1.0,weekly,weekly,0.0,maintained_weekly,1.0,1.0,1.0,1.0,1,1
A,25203010,8,2006,10,2010,R8KCNT,R10KCNT,,,not_interviewed_or_plain_missing,no_children,,,,,,,.,.k
A,25203020,8,2006,10,2010,R8KCNT,R10KCNT,,1.0,not_interviewed_or_plain_missing,weekly,,,,1.0,,0.0,.,1
A,25234010,8,2006,10,2010,R8KCNT,R10KCNT,1.0,1.0,weekly,weekly,0.0,maintained_weekly,1.0,1.0,1.0,1.0,1,1
A,25361020,8,2006,10,2010,R8KCNT,R10KCNT,1.0,1.0,weekly,weekly,0.0,maintained_weekly,1.0,1.0,1.0,1.0,1,1
A,25391010,8,2006,10,2010,R8KCNT,R10KCNT,1.0,1.0,weekly,weekly,0.0,maintained_weekly,1.0,1.0,1.0,1.0,1,1
A,25391011,8,2006,10,2010,R8KCNT,R10KCNT,,,no_children,no_children,,,,,,,.k,.k
A,25399010,8,2006,10,2010,R8KCNT,R10KCNT,1.0,1.0,weekly,weekly,0.0,maintained_weekly,0.0,1.0,1.0,1.0,1,1
A,25400010,8,2006,10,2010,R8KCNT,R10KCNT,0.0,0.0,less_than_weekly,less_than_weekly,0.0,persistently_below_weekly,0.0,0.0,0.0,0.0,0,0
A,25411010,8,2006,10,2010,R8KCNT,R10KCNT,1.0,1.0,weekly,weekly,0.0,maintained_weekly,0.0,1.0,1.0,1.0,1,1
A,25411040,8,2006,10,2010,R8KCNT,R10KCNT,0.0,0.0,less_than_weekly,less_than_weekly,0.0,persistently_below_weekly,0.0,0.0,0.0,0.0,0,0
A,25510020,8,2006,10,2010,R8KCNT,R10KCNT,1.0,1.0,weekly,weekly,0.0,maintained_weekly,1.0,1.0,1.0,1.0,1,1
A,25510030,8,2006,10,2010,R8KCNT,R10KCNT,1.0,1.0,weekly,weekly,0.0,maintained_weekly,0.0,0.0,1.0,1.0,1,1
A,25557010,8,2006,10,2010,R8KCNT,R10KCNT,0.0,1.0,less_than_weekly,weekly,1.0,increased_to_weekly,0.0,1.0,0.0,1.0,0,1
A,25557040,8,2006,10,2010,R8KCNT,R10KCNT,1.0,1.0,weekly,weekly,0.0,maintained_weekly,1.0,1.0,1.0,1.0,1,1
A,25593010,8,2006,10,2010,R8KCNT,R10KCNT,0.0,1.0,less_than_weekly,weekly,1.0,increased_to_weekly,0.0,0.0,0.0,1.0,0,1
A,25623010,8,2006,10,2010,R8KCNT,R10KCNT,1.0,1.0,weekly,weekly,0.0,maintained_weekly,1.0,1.0,1.0,1.0,1,1
A,25623020,8,2006,10,2010,R8KCNT,R10KCNT,1.0,1.0,weekly,weekly,0.0,maintained_weekly,1.0,0.0,1.0,1.0,1,1
A,25641010,8,2006,10,2010,R8KCNT,R10KCNT,,,missing_response,missing_response,,,,,,,.m,.m
A,25671030,8,2006,10,2010,R8KCNT,R10KCNT,0.0,0.0,less_than_weekly,less_than_weekly,0.0,persistently_below_weekly,0.0,0.0,0.0,0.0,0,0
A,30091010,8,2006,10,2010,R8KCNT,R10KCNT,,,no_children,no_children,,,,,,,.k,.k
A,30118010,8,2006,10,2010,R8KCNT,R10KCNT,1.0,1.0,weekly,weekly,0.0,maintained_weekly,,0.0,1.0,1.0,1,1
A,30122010,8,2006,10,2010,R8KCNT,R10KCNT,,,leave_behind_not_completed_or_ineligible,no_children,,,,,,,.l,.k
A,30146010,8,2006,10,2010,R8KCNT,R10KCNT,1.0,,weekly,leave_behind_not_completed_or_ineligible,,,1.0,,1.0,,1,.l
A,30176010,8,2006,10,2010,R8KCNT,R10KCNT,,1.0,missing_response,weekly,,,,1.0,,1.0,.m,1
A,30201010,8,2006,10,2010,R8KCNT,R10KCNT,,,no_children,missing_response,,,,,,,.k,.m
A,30226020,8,2006,10,2010,R8KCNT,R10KCNT,1.0,,weekly,leave_behind_not_completed_or_ineligible,,,1.0,,1.0,,1,.l
A,30229010,8,2006,10,2010,R8KCNT,R10KCNT,1.0,1.0,weekly,weekly,0.0,maintained_weekly,1.0,1.0,1.0,1.0,1,1
A,30246010,8,2006,10,2010,R8KCNT,R10KCNT,0.0,,less_than_weekly,missing_response,,,0.0,,0.0,,0,.m
A,30248020,8,2006,10,2010,R8KCNT,R10KCNT,1.0,1.0,weekly,weekly,0.0,maintained_weekly,1.0,0.0,1.0,1.0,1,1
A,30313010,8,2006,10,2010,R8KCNT,R10KCNT,1.0,1.0,weekly,weekly,0.0,maintained_weekly,,0.0,1.0,1.0,1,1
A,30313020,8,2006,10,2010,R8KCNT,R10KCNT,0.0,1.0,less_than_weekly,weekly,1.0,increased_to_weekly,,,0.0,1.0,0,1
A,30487010,8,2006,10,2010,R8KCNT,R10KCNT,1.0,1.0,weekly,weekly,0.0,maintained_weekly,0.0,0.0,1.0,1.0,1,1
A,30523020,8,2006,10,2010,R8KCNT,R10KCNT,1.0,1.0,weekly,weekly,0.0,maintained_weekly,1.0,1.0,1.0,1.0,1,1
A,30523030,8,2006,10,2010,R8KCNT,R10KCNT,1.0,1.0,weekly,weekly,0.0,maintained_weekly,0.0,1.0,1.0,1.0,1,1
A,30622010,8,2006,10,2010,R8KCNT,R10KCNT,1.0,1.0,weekly,weekly,0.0,maintained_weekly,0.0,1.0,1.0,1.0,1,1
A,30761010,8,2006,10,2010,R8KCNT,R10KCNT,1.0,,weekly,leave_behind_not_completed_or_ineligible,,,0.0,,1.0,,1,.l
A,30829011,8,2006,10,2010,R8KCNT,R10KCNT,1.0,1.0,weekly,weekly,0.0,maintained_weekly,0.0,0.0,1.0,1.0,1,1
A,30842010,8,2006,10,2010,R8KCNT,R10KCNT,1.0,1.0,weekly,weekly,0.0,maintained_weekly,0.0,0.0,1.0,1.0,1,1
A,30873010,8,2006,10,2010,R8KCNT,R10KCNT,1.0,1.0,weekly,weekly,0.0,maintained_weekly,0.0,0.0,1.0,1.0,1,1
A,30956010,8,2006,10,2010,R8KCNT,R10KCNT,1.0,1.0,weekly,weekly,0.0,maintained_weekly,0.0,,1.0,1.0,1,1
A,30972010,8,2006,10,2010,R8KCNT,R10KCNT,1.0,1.0,weekly,weekly,0.0,maintained_weekly,0.0,0.0,1.0,1.0,1,1
A,31019010,8,2006,10,2010,R8KCNT,R10KCNT,1.0,1.0,weekly,weekly,0.0,maintained_weekly,1.0,1.0,1.0,1.0,1,1
A,31061010,8,2006,10,2010,R8KCNT,R10KCNT,1.0,1.0,weekly,weekly,0.0,maintained_weekly,1.0,1.0,1.0,1.0,1,1
A,31209040,8,2006,10,2010,R8KCNT,R10KCNT,1.0,1.0,weekly,weekly,0.0,maintained_weekly,1.0,1.0,1.0,1.0,1,1
A,31300010,8,2006,10,2010,R8KCNT,R10KCNT,1.0,1.0,weekly,weekly,0.0,maintained_weekly,1.0,0.0,1.0,1.0,1,1
A,31300040,8,2006,10,2010,R8KCNT,R10KCNT,1.0,1.0,weekly,weekly,0.0,maintained_weekly,0.0,0.0,1.0,1.0,1,1
A,31333010,8,2006,10,2010,R8KCNT,R10KCNT,0.0,1.0,less_than_weekly,weekly,1.0,increased_to_weekly,0.0,0.0,0.0,1.0,0,1
A,31337010,8,2006,10,2010,R8KCNT,R10KCNT,1.0,0.0,weekly,less_than_weekly,-1.0,decreased_below_weekly,0.0,0.0,1.0,0.0,1,0
A,31347020,8,2006,10,2010,R8KCNT,R10KCNT,,1.0,leave_behind_not_completed_or_ineligible,weekly,,,,1.0,,1.0,.l,1
A,31378010,8,2006,10,2010,R8KCNT,R10KCNT,1.0,1.0,weekly,weekly,0.0,maintained_weekly,1.0,1.0,1.0,1.0,1,1
A,31379010,8,2006,10,2010,R8KCNT,R10KCNT,,,no_children,no_children,,,,,,,.k,.k
A,31408010,8,2006,10,2010,R8KCNT,R10KCNT,1.0,0.0,weekly,less_than_weekly,-1.0,decreased_below_weekly,1.0,0.0,1.0,0.0,1,0
A,31408020,8,2006,10,2010,R8KCNT,R10KCNT,1.0,1.0,weekly,weekly,0.0,maintained_weekly,0.0,0.0,1.0,1.0,1,1
A,31450010,8,2006,10,2010,R8KCNT,R10KCNT,1.0,0.0,weekly,less_than_weekly,-1.0,decreased_below_weekly,1.0,0.0,1.0,0.0,1,0
A,31460010,8,2006,10,2010,R8KCNT,R10KCNT,1.0,1.0,weekly,weekly,0.0,maintained_weekly,0.0,1.0,1.0,1.0,1,1
A,31514010,8,2006,10,2010,R8KCNT,R10KCNT,1.0,,weekly,leave_behind_not_completed_or_ineligible,,,0.0,,1.0,,1,.l
A,31626030,8,2006,10,2010,R8KCNT,R10KCNT,1.0,1.0,weekly,weekly,0.0,maintained_weekly,0.0,0.0,1.0,1.0,1,1
A,31633020,8,2006,10,2010,R8KCNT,R10KCNT,1.0,,weekly,missing_response,,,1.0,,1.0,,1,.m
A,31670010,8,2006,10,2010,R8KCNT,R10KCNT,,,no_children,no_children,,,,,,,.k,.k
A,31686040,8,2006,10,2010,R8KCNT,R10KCNT,,,leave_behind_not_completed_or_ineligible,no_children,,,,,,,.l,.k
A,31714010,8,2006,10,2010,R8KCNT,R10KCNT,1.0,0.0,weekly,less_than_weekly,-1.0,decreased_below_weekly,1.0,0.0,1.0,0.0,1,0
A,31813020,8,2006,10,2010,R8KCNT,R10KCNT,,,no_children,no_children,,,,,,,.k,.k
A,31833010,8,2006,10,2010,R8KCNT,R10KCNT,1.0,0.0,weekly,less_than_weekly,-1.0,decreased_below_weekly,0.0,0.0,1.0,0.0,1,0
A,31836010,8,2006,10,2010,R8KCNT,R10KCNT,1.0,1.0,weekly,weekly,0.0,maintained_weekly,1.0,0.0,1.0,1.0,1,1
A,31865010,8,2006,10,2010,R8KCNT,R10KCNT,0.0,,less_than_weekly,leave_behind_not_completed_or_ineligible,,,0.0,,0.0,,0,.l
A,31879010,8,2006,10,2010,R8KCNT,R10KCNT,1.0,1.0,weekly,weekly,0.0,maintained_weekly,0.0,0.0,1.0,1.0,1,1
A,31879020,8,2006,10,2010,R8KCNT,R10KCNT,1.0,1.0,weekly,weekly,0.0,maintained_weekly,0.0,0.0,1.0,1.0,1,1
A,31883020,8,2006,10,2010,R8KCNT,R10KCNT,1.0,,weekly,leave_behind_not_completed_or_ineligible,,,0.0,,1.0,,1,.l
A,31917010,8,2006,10,2010,R8KCNT,R10KCNT,1.0,1.0,weekly,weekly,0.0,maintained_weekly,1.0,1.0,1.0,1.0,1,1
A,31917040,8,2006,10,2010,R8KCNT,R10KCNT,1.0,1.0,weekly,weekly,0.0,maintained_weekly,1.0,1.0,1.0,1.0,1,1
A,31919010,8,2006,10,2010,R8KCNT,R10KCNT,,,no_children,no_children,,,,,,,.k,.k
A,31919040,8,2006,10,2010,R8KCNT,R10KCNT,1.0,0.0,weekly,less_than_weekly,-1.0,decreased_below_weekly,0.0,0.0,1.0,0.0,1,0
A,31929010,8,2006,10,2010,R8KCNT,R10KCNT,1.0,1.0,weekly,weekly,0.0,maintained_weekly,0.0,1.0,1.0,0.0,1,1
A,31929020,8,2006,10,2010,R8KCNT,R10KCNT,1.0,1.0,weekly,weekly,0.0,maintained_weekly,0.0,0.0,1.0,1.0,1,1
A,31946020,8,2006,10,2010,R8KCNT,R10KCNT,1.0,1.0,weekly,weekly,0.0,maintained_weekly,1.0,0.0,1.0,1.0,1,1
A,31995010,8,2006,10,2010,R8KCNT,R10KCNT,1.0,1.0,weekly,weekly,0.0,maintained_weekly,0.0,0.0,1.0,1.0,1,1
A,32014010,8,2006,10,2010,R8KCNT,R10KCNT,,1.0,leave_behind_not_completed_or_ineligible,weekly,,,,0.0,,1.0,.l,1
A,32014040,8,2006,10,2010,R8KCNT,R10KCNT,,1.0,leave_behind_not_completed_or_ineligible,weekly,,,,1.0,,1.0,.l,1
A,32048010,8,2006,10,2010,R8KCNT,R10KCNT,1.0,1.0,weekly,weekly,0.0,maintained_weekly,1.0,1.0,1.0,1.0,1,1
A,32048040,8,2006,10,2010,R8KCNT,R10KCNT,1.0,1.0,weekly,weekly,0.0,maintained_weekly,1.0,1.0,1.0,1.0,1,1
A,32126030,8,2006,10,2010,R8KCNT,R10KCNT,1.0,1.0,weekly,weekly,0.0,maintained_weekly,0.0,0.0,1.0,1.0,1,1
A,32142010,8,2006,10,2010,R8KCNT,R10KCNT,1.0,1.0,weekly,weekly,0.0,maintained_weekly,1.0,1.0,1.0,1.0,1,1
A,32148020,8,2006,10,2010,R8KCNT,R10KCNT,1.0,1.0,weekly,weekly,0.0,maintained_weekly,1.0,0.0,1.0,1.0,1,1
A,32157010,8,2006,10,2010,R8KCNT,R10KCNT,1.0,1.0,weekly,weekly,0.0,maintained_weekly,0.0,0.0,1.0,1.0,1,1
A,32157020,8,2006,10,2010,R8KCNT,R10KCNT,1.0,1.0,weekly,weekly,0.0,maintained_weekly,1.0,0.0,1.0,1.0,1,1
A,32202010,8,2006,10,2010,R8KCNT,R10KCNT,1.0,,weekly,leave_behind_not_completed_or_ineligible,,,1.0,,1.0,,1,.l
A,32215010,8,2006,10,2010,R8KCNT,R10KCNT,1.0,1.0,weekly,weekly,0.0,maintained_weekly,1.0,1.0,1.0,1.0,1,1
A,32215020,8,2006,10,2010,R8KCNT,R10KCNT,1.0,1.0,weekly,weekly,0.0,maintained_weekly,1.0,1.0,0.0,0.0,1,1
A,32236020,8,2006,10,2010,R8KCNT,R10KCNT,,,leave_behind_not_completed_or_ineligible,missing_response,,,,,,,.l,.m
A,32236030,8,2006,10,2010,R8KCNT,R10KCNT,,,leave_behind_not_completed_or_ineligible,no_children,,,,,,,.l,.k
A,32248010,8,2006,10,2010,R8KCNT,R10KCNT,1.0,0.0,weekly,less_than_weekly,-1.0,decreased_below_weekly,0.0,0.0,1.0,0.0,1,0
A,32256010,8,2006,10,2010,R8KCNT,R10KCNT,0.0,0.0,less_than_weekly,less_than_weekly,0.0,persistently_below_weekly,0.0,0.0,0.0,0.0,0,0
A,32256020,8,2006,10,2010,R8KCNT,R10KCNT,1.0,1.0,weekly,weekly,0.0,maintained_weekly,1.0,0.0,1.0,1.0,1,1
A,32260010,8,2006,10,2010,R8KCNT,R10KCNT,1.0,1.0,weekly,weekly,0.0,maintained_weekly,1.0,1.0,1.0,0.0,1,1
A,32260020,8,2006,10,2010,R8KCNT,R10KCNT,1.0,1.0,weekly,weekly,0.0,maintained_weekly,0.0,1.0,1.0,1.0,1,1
A,32266010,8,2006,10,2010,R8KCNT,R10KCNT,1.0,1.0,weekly,weekly,0.0,maintained_weekly,0.0,0.0,1.0,1.0,1,1
A,32266020,8,2006,10,2010,R8KCNT,R10KCNT,1.0,1.0,weekly,weekly,0.0,maintained_weekly,0.0,0.0,1.0,1.0,1,1
A,32321010,8,2006,10,2010,R8KCNT,R10KCNT,1.0,1.0,weekly,weekly,0.0,maintained_weekly,1.0,1.0,1.0,1.0,1,1
A,32321020,8,2006,10,2010,R8KCNT,R10KCNT,1.0,1.0,weekly,weekly,0.0,maintained_weekly,1.0,1.0,1.0,1.0,1,1
A,32361011,8,2006,10,2010,R8KCNT,R10KCNT,1.0,0.0,weekly,less_than_weekly,-1.0,decreased_below_weekly,0.0,0.0,1.0,0.0,1,0
A,32372020,8,2006,10,2010,R8KCNT,R10KCNT,1.0,1.0,weekly,weekly,0.0,maintained_weekly,1.0,1.0,1.0,1.0,1,1
A,32373020,8,2006,10,2010,R8KCNT,R10KCNT,1.0,1.0,weekly,weekly,0.0,maintained_weekly,1.0,1.0,1.0,1.0,1,1
A,32443010,8,2006,10,2010,R8KCNT,R10KCNT,1.0,1.0,weekly,weekly,0.0,maintained_weekly,1.0,0.0,0.0,1.0,1,1
A,32443020,8,2006,10,2010,R8KCNT,R10KCNT,0.0,1.0,less_than_weekly,weekly,1.0,increased_to_weekly,0.0,0.0,0.0,1.0,0,1
A,32449010,8,2006,10,2010,R8KCNT,R10KCNT,1.0,1.0,weekly,weekly,0.0,maintained_weekly,1.0,1.0,1.0,0.0,1,1
A,32463010,8,2006,10,2010,R8KCNT,R10KCNT,1.0,0.0,weekly,less_than_weekly,-1.0,decreased_below_weekly,1.0,0.0,1.0,0.0,1,0
A,32463040,8,2006,10,2010,R8KCNT,R10KCNT,1.0,1.0,weekly,weekly,0.0,maintained_weekly,0.0,1.0,1.0,1.0,1,1
A,32481010,8,2006,10,2010,R8KCNT,R10KCNT,1.0,1.0,weekly,weekly,0.0,maintained_weekly,1.0,1.0,1.0,0.0,1,1
A,32664020,8,2006,10,2010,R8KCNT,R10KCNT,1.0,1.0,weekly,weekly,0.0,maintained_weekly,0.0,0.0,1.0,1.0,1,1
A,32669020,8,2006,10,2010,R8KCNT,R10KCNT,1.0,,weekly,leave_behind_not_completed_or_ineligible,,,1.0,,1.0,,1,.l
A,32685010,8,2006,10,2010,R8KCNT,R10KCNT,,,no_children,no_children,,,,,,,.k,.k
A,32696020,8,2006,10,2010,R8KCNT,R10KCNT,0.0,1.0,less_than_weekly,weekly,1.0,increased_to_weekly,0.0,0.0,0.0,1.0,0,1
A,32786010,8,2006,10,2010,R8KCNT,R10KCNT,1.0,1.0,weekly,weekly,0.0,maintained_weekly,0.0,0.0,1.0,1.0,1,1
A,32821010,8,2006,10,2010,R8KCNT,R10KCNT,1.0,1.0,weekly,weekly,0.0,maintained_weekly,0.0,0.0,1.0,1.0,1,1
A,32821020,8,2006,10,2010,R8KCNT,R10KCNT,1.0,1.0,weekly,weekly,0.0,maintained_weekly,0.0,0.0,1.0,1.0,1,1
A,32845010,8,2006,10,2010,R8KCNT,R10KCNT,,0.0,leave_behind_not_completed_or_ineligible,less_than_weekly,,,,0.0,,0.0,.l,0
A,32855010,8,2006,10,2010,R8KCNT,R10KCNT,1.0,1.0,weekly,weekly,0.0,maintained_weekly,1.0,1.0,1.0,1.0,1,1
A,32855020,8,2006,10,2010,R8KCNT,R10KCNT,1.0,1.0,weekly,weekly,0.0,maintained_weekly,1.0,1.0,1.0,1.0,1,1
A,32859010,8,2006,10,2010,R8KCNT,R10KCNT,1.0,,weekly,leave_behind_not_completed_or_ineligible,,,0.0,,1.0,,1,.l
A,32860010,8,2006,10,2010,R8KCNT,R10KCNT,1.0,1.0,weekly,weekly,0.0,maintained_weekly,1.0,1.0,1.0,1.0,1,1
A,32860020,8,2006,10,2010,R8KCNT,R10KCNT,1.0,0.0,weekly,less_than_weekly,-1.0,decreased_below_weekly,1.0,0.0,1.0,0.0,1,0
A,32877010,8,2006,10,2010,R8KCNT,R10KCNT,,,missing_response,no_children,,,,,,,.m,.k
A,32891020,8,2006,10,2010,R8KCNT,R10KCNT,1.0,1.0,weekly,weekly,0.0,maintained_weekly,0.0,0.0,1.0,1.0,1,1
A,32891030,8,2006,10,2010,R8KCNT,R10KCNT,1.0,1.0,weekly,weekly,0.0,maintained_weekly,0.0,0.0,1.0,1.0,1,1
A,32918010,8,2006,10,2010,R8KCNT,R10KCNT,1.0,1.0,weekly,weekly,0.0,maintained_weekly,0.0,1.0,1.0,1.0,1,1
A,32918040,8,2006,10,2010,R8KCNT,R10KCNT,1.0,1.0,weekly,weekly,0.0,maintained_weekly,0.0,1.0,1.0,1.0,1,1
A,32921010,8,2006,10,2010,R8KCNT,R10KCNT,1.0,1.0,weekly,weekly,0.0,maintained_weekly,1.0,0.0,1.0,1.0,1,1
A,32921020,8,2006,10,2010,R8KCNT,R10KCNT,1.0,1.0,weekly,weekly,0.0,maintained_weekly,1.0,1.0,1.0,1.0,1,1
A,32929010,8,2006,10,2010,R8KCNT,R10KCNT,1.0,1.0,weekly,weekly,0.0,maintained_weekly,0.0,0.0,1.0,1.0,1,1
A,32937010,8,2006,10,2010,R8KCNT,R10KCNT,,1.0,leave_behind_not_completed_or_ineligible,weekly,,,,0.0,,1.0,.l,1
A,32945010,8,2006,10,2010,R8KCNT,R10KCNT,1.0,,weekly,leave_behind_not_completed_or_ineligible,,,1.0,,1.0,,1,.l
A,32945020,8,2006,10,2010,R8KCNT,R10KCNT,1.0,1.0,weekly,weekly,0.0,maintained_weekly,0.0,1.0,1.0,1.0,1,1
A,32956020,8,2006,10,2010,R8KCNT,R10KCNT,1.0,1.0,weekly,weekly,0.0,maintained_weekly,1.0,1.0,1.0,1.0,1,1
A,32985020,8,2006,10,2010,R8KCNT,R10KCNT,1.0,0.0,weekly,less_than_weekly,-1.0,decreased_below_weekly,0.0,0.0,1.0,0.0,1,0
A,32985030,8,2006,10,2010,R8KCNT,R10KCNT,1.0,1.0,weekly,weekly,0.0,maintained_weekly,0.0,0.0,1.0,1.0,1,1
A,32991010,8,2006,10,2010,R8KCNT,R10KCNT,1.0,1.0,weekly,weekly,0.0,maintained_weekly,0.0,0.0,1.0,1.0,1,1
A,32991020,8,2006,10,2010,R8KCNT,R10KCNT,1.0,1.0,weekly,weekly,0.0,maintained_weekly,1.0,1.0,1.0,1.0,1,1
A,32993010,8,2006,10,2010,R8KCNT,R10KCNT,,0.0,not_interviewed_or_plain_missing,less_than_weekly,,,,0.0,,0.0,.,0
A,33006010,8,2006,10,2010,R8KCNT,R10KCNT,0.0,1.0,less_than_weekly,weekly,1.0,increased_to_weekly,0.0,1.0,0.0,1.0,0,1
A,33014010,8,2006,10,2010,R8KCNT,R10KCNT,,,no_children,no_children,,,,,,,.k,.k
A,33028010,8,2006,10,2010,R8KCNT,R10KCNT,1.0,1.0,weekly,weekly,0.0,maintained_weekly,0.0,0.0,1.0,1.0,1,1
A,33028020,8,2006,10,2010,R8KCNT,R10KCNT,1.0,1.0,weekly,weekly,0.0,maintained_weekly,0.0,0.0,1.0,1.0,1,1
A,33073010,8,2006,10,2010,R8KCNT,R10KCNT,,1.0,missing_response,weekly,,,,0.0,,1.0,.m,1
A,33073020,8,2006,10,2010,R8KCNT,R10KCNT,0.0,1.0,less_than_weekly,weekly,1.0,increased_to_weekly,,0.0,0.0,1.0,0,1
A,33110020,8,2006,10,2010,R8KCNT,R10KCNT,1.0,,weekly,no_children,,,1.0,,1.0,,1,.k
A,33138010,8,2006,10,2010,R8KCNT,R10KCNT,1.0,,weekly,leave_behind_not_completed_or_ineligible,,,1.0,,1.0,,1,.l
A,33167010,8,2006,10,2010,R8KCNT,R10KCNT,1.0,1.0,weekly,weekly,0.0,maintained_weekly,1.0,1.0,1.0,1.0,1,1
A,33167040,8,2006,10,2010,R8KCNT,R10KCNT,1.0,1.0,weekly,weekly,0.0,maintained_weekly,1.0,1.0,1.0,1.0,1,1
A,33190010,8,2006,10,2010,R8KCNT,R10KCNT,1.0,1.0,weekly,weekly,0.0,maintained_weekly,0.0,0.0,1.0,1.0,1,1
A,33214040,8,2006,10,2010,R8KCNT,R10KCNT,,1.0,leave_behind_not_completed_or_ineligible,weekly,,,,1.0,,1.0,.l,1
A,33217010,8,2006,10,2010,R8KCNT,R10KCNT,1.0,1.0,weekly,weekly,0.0,maintained_weekly,1.0,1.0,1.0,1.0,1,1
A,33239020,8,2006,10,2010,R8KCNT,R10KCNT,,,no_children,no_children,,,,,,,.k,.k
A,33239030,8,2006,10,2010,R8KCNT,R10KCNT,,,no_children,no_children,,,,,,,.k,.k
A,33301010,8,2006,10,2010,R8KCNT,R10KCNT,1.0,1.0,weekly,weekly,0.0,maintained_weekly,1.0,1.0,1.0,1.0,1,1
A,33303020,8,2006,10,2010,R8KCNT,R10KCNT,,1.0,leave_behind_not_completed_or_ineligible,weekly,,,,1.0,,1.0,.l,1
A,33375010,8,2006,10,2010,R8KCNT,R10KCNT,0.0,0.0,less_than_weekly,less_than_weekly,0.0,persistently_below_weekly,0.0,0.0,0.0,0.0,0,0
A,33375011,8,2006,10,2010,R8KCNT,R10KCNT,0.0,1.0,less_than_weekly,weekly,1.0,increased_to_weekly,0.0,0.0,0.0,1.0,0,1
A,33390010,8,2006,10,2010,R8KCNT,R10KCNT,1.0,1.0,weekly,weekly,0.0,maintained_weekly,1.0,0.0,1.0,1.0,1,1
A,33415010,8,2006,10,2010,R8KCNT,R10KCNT,1.0,1.0,weekly,weekly,0.0,maintained_weekly,0.0,0.0,1.0,1.0,1,1
A,33419010,8,2006,10,2010,R8KCNT,R10KCNT,1.0,0.0,weekly,less_than_weekly,-1.0,decreased_below_weekly,0.0,0.0,1.0,,1,0
A,33493010,8,2006,10,2010,R8KCNT,R10KCNT,1.0,1.0,weekly,weekly,0.0,maintained_weekly,0.0,0.0,1.0,1.0,1,1
A,33502010,8,2006,10,2010,R8KCNT,R10KCNT,1.0,1.0,weekly,weekly,0.0,maintained_weekly,0.0,1.0,1.0,1.0,1,1
A,33502040,8,2006,10,2010,R8KCNT,R10KCNT,1.0,1.0,weekly,weekly,0.0,maintained_weekly,0.0,1.0,1.0,1.0,1,1
A,33513031,8,2006,10,2010,R8KCNT,R10KCNT,0.0,1.0,less_than_weekly,weekly,1.0,increased_to_weekly,0.0,0.0,0.0,1.0,0,1
A,33530010,8,2006,10,2010,R8KCNT,R10KCNT,1.0,1.0,weekly,weekly,0.0,maintained_weekly,1.0,0.0,0.0,1.0,1,1
A,33533010,8,2006,10,2010,R8KCNT,R10KCNT,0.0,,less_than_weekly,no_children,,,0.0,,0.0,,0,.k
A,33534020,8,2006,10,2010,R8KCNT,R10KCNT,,0.0,leave_behind_not_completed_or_ineligible,less_than_weekly,,,,0.0,,0.0,.l,0
A,33605010,8,2006,10,2010,R8KCNT,R10KCNT,1.0,1.0,weekly,weekly,0.0,maintained_weekly,0.0,1.0,1.0,1.0,1,1
A,33605020,8,2006,10,2010,R8KCNT,R10KCNT,1.0,1.0,weekly,weekly,0.0,maintained_weekly,0.0,0.0,1.0,1.0,1,1
A,33643010,8,2006,10,2010,R8KCNT,R10KCNT,,1.0,missing_response,weekly,,,,0.0,,1.0,.m,1
A,33643011,8,2006,10,2010,R8KCNT,R10KCNT,1.0,1.0,weekly,weekly,0.0,maintained_weekly,1.0,0.0,1.0,1.0,1,1
A,33677020,8,2006,10,2010,R8KCNT,R10KCNT,,1.0,leave_behind_not_completed_or_ineligible,weekly,,,,0.0,,1.0,.l,1
A,33842030,8,2006,10,2010,R8KCNT,R10KCNT,0.0,,less_than_weekly,missing_response,,,0.0,,0.0,,0,.m
A,33857020,8,2006,10,2010,R8KCNT,R10KCNT,0.0,0.0,less_than_weekly,less_than_weekly,0.0,persistently_below_weekly,0.0,0.0,0.0,0.0,0,0
A,33857030,8,2006,10,2010,R8KCNT,R10KCNT,,,no_children,no_children,,,,,,,.k,.k
A,33884010,8,2006,10,2010,R8KCNT,R10KCNT,1.0,1.0,weekly,weekly,0.0,maintained_weekly,0.0,0.0,1.0,1.0,1,1
A,33884020,8,2006,10,2010,R8KCNT,R10KCNT,1.0,1.0,weekly,weekly,0.0,maintained_weekly,0.0,0.0,1.0,1.0,1,1
A,33888010,8,2006,10,2010,R8KCNT,R10KCNT,,,no_children,no_children,,,,,,,.k,.k
A,33914010,8,2006,10,2010,R8KCNT,R10KCNT,,,no_children,leave_behind_not_completed_or_ineligible,,,,,,,.k,.l
A,33938010,8,2006,10,2010,R8KCNT,R10KCNT,1.0,,weekly,not_interviewed_or_plain_missing,,,0.0,,1.0,,1,.
A,33940020,8,2006,10,2010,R8KCNT,R10KCNT,1.0,1.0,weekly,weekly,0.0,maintained_weekly,0.0,0.0,1.0,1.0,1,1
A,33940030,8,2006,10,2010,R8KCNT,R10KCNT,0.0,0.0,less_than_weekly,less_than_weekly,0.0,persistently_below_weekly,0.0,0.0,0.0,0.0,0,0
A,33951010,8,2006,10,2010,R8KCNT,R10KCNT,,,no_children,no_children,,,,,,,.k,.k
A,33951040,8,2006,10,2010,R8KCNT,R10KCNT,,,no_children,no_children,,,,,,,.k,.k
A,34016010,8,2006,10,2010,R8KCNT,R10KCNT,,,no_children,no_children,,,,,,,.k,.k
A,34049010,8,2006,10,2010,R8KCNT,R10KCNT,1.0,0.0,weekly,less_than_weekly,-1.0,decreased_below_weekly,0.0,0.0,1.0,0.0,1,0
A,34049020,8,2006,10,2010,R8KCNT,R10KCNT,0.0,0.0,less_than_weekly,less_than_weekly,0.0,persistently_below_weekly,0.0,0.0,0.0,0.0,0,0
A,34095010,8,2006,10,2010,R8KCNT,R10KCNT,1.0,1.0,weekly,weekly,0.0,maintained_weekly,0.0,0.0,1.0,1.0,1,1
A,34270010,8,2006,10,2010,R8KCNT,R10KCNT,,0.0,leave_behind_not_completed_or_ineligible,less_than_weekly,,,,0.0,,0.0,.l,0
A,34274020,8,2006,10,2010,R8KCNT,R10KCNT,1.0,1.0,weekly,weekly,0.0,maintained_weekly,0.0,0.0,1.0,1.0,1,1
A,34276020,8,2006,10,2010,R8KCNT,R10KCNT,1.0,1.0,weekly,weekly,0.0,maintained_weekly,1.0,0.0,1.0,1.0,1,1
A,34277010,8,2006,10,2010,R8KCNT,R10KCNT,1.0,1.0,weekly,weekly,0.0,maintained_weekly,1.0,0.0,1.0,1.0,1,1
A,34290010,8,2006,10,2010,R8KCNT,R10KCNT,1.0,,weekly,not_interviewed_or_plain_missing,,,0.0,,1.0,,1,.
A,34290020,8,2006,10,2010,R8KCNT,R10KCNT,0.0,,less_than_weekly,not_interviewed_or_plain_missing,,,0.0,,0.0,,0,.
A,34353010,8,2006,10,2010,R8KCNT,R10KCNT,0.0,,less_than_weekly,no_children,,,0.0,,0.0,,0,.k
A,34353020,8,2006,10,2010,R8KCNT,R10KCNT,1.0,1.0,weekly,weekly,0.0,maintained_weekly,1.0,0.0,1.0,1.0,1,1
A,34360020,8,2006,10,2010,R8KCNT,R10KCNT,1.0,,weekly,leave_behind_not_completed_or_ineligible,,,1.0,,1.0,,1,.l
A,34412010,8,2006,10,2010,R8KCNT,R10KCNT,1.0,1.0,weekly,weekly,0.0,maintained_weekly,0.0,0.0,1.0,1.0,1,1
A,34437010,8,2006,10,2010,R8KCNT,R10KCNT,1.0,1.0,weekly,weekly,0.0,maintained_weekly,1.0,0.0,1.0,1.0,1,1
A,34437020,8,2006,10,2010,R8KCNT,R10KCNT,0.0,1.0,less_than_weekly,weekly,1.0,increased_to_weekly,0.0,1.0,0.0,1.0,0,1
A,34470010,8,2006,10,2010,R8KCNT,R10KCNT,1.0,0.0,weekly,less_than_weekly,-1.0,decreased_below_weekly,0.0,0.0,1.0,0.0,1,0
A,34485020,8,2006,10,2010,R8KCNT,R10KCNT,,1.0,leave_behind_not_completed_or_ineligible,weekly,,,,1.0,,1.0,.l,1
A,34523040,8,2006,10,2010,R8KCNT,R10KCNT,1.0,1.0,weekly,weekly,0.0,maintained_weekly,0.0,0.0,1.0,1.0,1,1
A,34524020,8,2006,10,2010,R8KCNT,R10KCNT,1.0,1.0,weekly,weekly,0.0,maintained_weekly,0.0,0.0,1.0,1.0,1,1
A,34533010,8,2006,10,2010,R8KCNT,R10KCNT,1.0,1.0,weekly,weekly,0.0,maintained_weekly,0.0,0.0,1.0,1.0,1,1
A,34644010,8,2006,10,2010,R8KCNT,R10KCNT,1.0,1.0,weekly,weekly,0.0,maintained_weekly,0.0,1.0,1.0,1.0,1,1
A,34668010,8,2006,10,2010,R8KCNT,R10KCNT,1.0,1.0,weekly,weekly,0.0,maintained_weekly,0.0,0.0,1.0,1.0,1,1
A,34753010,8,2006,10,2010,R8KCNT,R10KCNT,1.0,1.0,weekly,weekly,0.0,maintained_weekly,1.0,1.0,1.0,1.0,1,1
A,34768010,8,2006,10,2010,R8KCNT,R10KCNT,0.0,0.0,less_than_weekly,less_than_weekly,0.0,persistently_below_weekly,0.0,0.0,0.0,0.0,0,0
A,34769010,8,2006,10,2010,R8KCNT,R10KCNT,,1.0,leave_behind_not_completed_or_ineligible,weekly,,,,0.0,,1.0,.l,1
A,34769020,8,2006,10,2010,R8KCNT,R10KCNT,,1.0,leave_behind_not_completed_or_ineligible,weekly,,,,0.0,,1.0,.l,1
A,34848010,8,2006,10,2010,R8KCNT,R10KCNT,,,no_children,no_children,,,,,,,.k,.k
A,34855010,8,2006,10,2010,R8KCNT,R10KCNT,1.0,1.0,weekly,weekly,0.0,maintained_weekly,0.0,0.0,1.0,1.0,1,1
A,34874010,8,2006,10,2010,R8KCNT,R10KCNT,1.0,1.0,weekly,weekly,0.0,maintained_weekly,1.0,1.0,1.0,1.0,1,1
A,34874040,8,2006,10,2010,R8KCNT,R10KCNT,1.0,1.0,weekly,weekly,0.0,maintained_weekly,0.0,1.0,1.0,1.0,1,1
A,34884010,8,2006,10,2010,R8KCNT,R10KCNT,1.0,1.0,weekly,weekly,0.0,maintained_weekly,1.0,1.0,1.0,1.0,1,1
A,34884020,8,2006,10,2010,R8KCNT,R10KCNT,1.0,1.0,weekly,weekly,0.0,maintained_weekly,1.0,1.0,1.0,1.0,1,1
A,34957010,8,2006,10,2010,R8KCNT,R10KCNT,1.0,1.0,weekly,weekly,0.0,maintained_weekly,1.0,0.0,1.0,1.0,1,1
A,34957020,8,2006,10,2010,R8KCNT,R10KCNT,1.0,1.0,weekly,weekly,0.0,maintained_weekly,0.0,0.0,1.0,1.0,1,1
A,34974010,8,2006,10,2010,R8KCNT,R10KCNT,1.0,1.0,weekly,weekly,0.0,maintained_weekly,1.0,1.0,1.0,1.0,1,1
A,34989010,8,2006,10,2010,R8KCNT,R10KCNT,1.0,1.0,weekly,weekly,0.0,maintained_weekly,0.0,0.0,1.0,1.0,1,1
A,34998010,8,2006,10,2010,R8KCNT,R10KCNT,,,no_children,no_children,,,,,,,.k,.k
A,34998040,8,2006,10,2010,R8KCNT,R10KCNT,0.0,0.0,less_than_weekly,less_than_weekly,0.0,persistently_below_weekly,0.0,0.0,0.0,0.0,0,0
A,35008010,8,2006,10,2010,R8KCNT,R10KCNT,1.0,0.0,weekly,less_than_weekly,-1.0,decreased_below_weekly,0.0,0.0,1.0,0.0,1,0
A,35008020,8,2006,10,2010,R8KCNT,R10KCNT,0.0,1.0,less_than_weekly,weekly,1.0,increased_to_weekly,0.0,0.0,0.0,1.0,0,1
A,35019010,8,2006,10,2010,R8KCNT,R10KCNT,1.0,1.0,weekly,weekly,0.0,maintained_weekly,1.0,1.0,0.0,0.0,1,1
A,35171010,8,2006,10,2010,R8KCNT,R10KCNT,1.0,1.0,weekly,weekly,0.0,maintained_weekly,0.0,0.0,1.0,1.0,1,1
A,35171020,8,2006,10,2010,R8KCNT,R10KCNT,1.0,1.0,weekly,weekly,0.0,maintained_weekly,0.0,0.0,1.0,1.0,1,1
A,35260010,8,2006,10,2010,R8KCNT,R10KCNT,1.0,0.0,weekly,less_than_weekly,-1.0,decreased_below_weekly,0.0,0.0,1.0,0.0,1,0
A,35260020,8,2006,10,2010,R8KCNT,R10KCNT,1.0,1.0,weekly,weekly,0.0,maintained_weekly,0.0,,1.0,1.0,1,1
A,35265020,8,2006,10,2010,R8KCNT,R10KCNT,1.0,,weekly,leave_behind_not_completed_or_ineligible,,,1.0,,1.0,,1,.l
A,35320010,8,2006,10,2010,R8KCNT,R10KCNT,1.0,1.0,weekly,weekly,0.0,maintained_weekly,1.0,1.0,1.0,1.0,1,1
A,35320020,8,2006,10,2010,R8KCNT,R10KCNT,1.0,1.0,weekly,weekly,0.0,maintained_weekly,1.0,1.0,0.0,0.0,1,1
A,35330010,8,2006,10,2010,R8KCNT,R10KCNT,1.0,1.0,weekly,weekly,0.0,maintained_weekly,1.0,0.0,1.0,1.0,1,1
A,35366010,8,2006,10,2010,R8KCNT,R10KCNT,1.0,1.0,weekly,weekly,0.0,maintained_weekly,0.0,0.0,1.0,1.0,1,1
A,35403010,8,2006,10,2010,R8KCNT,R10KCNT,,,no_children,no_children,,,,,,,.k,.k
A,35430020,8,2006,10,2010,R8KCNT,R10KCNT,1.0,1.0,weekly,weekly,0.0,maintained_weekly,1.0,1.0,1.0,1.0,1,1
A,35438010,8,2006,10,2010,R8KCNT,R10KCNT,1.0,1.0,weekly,weekly,0.0,maintained_weekly,1.0,1.0,1.0,1.0,1,1
A,35506010,8,2006,10,2010,R8KCNT,R10KCNT,,1.0,leave_behind_not_completed_or_ineligible,weekly,,,,0.0,,1.0,.l,1
A,35506020,8,2006,10,2010,R8KCNT,R10KCNT,,1.0,leave_behind_not_completed_or_ineligible,weekly,,,,0.0,,1.0,.l,1
A,35519010,8,2006,10,2010,R8KCNT,R10KCNT,1.0,0.0,weekly,less_than_weekly,-1.0,decreased_below_weekly,0.0,0.0,1.0,0.0,1,0
A,35542030,8,2006,10,2010,R8KCNT,R10KCNT,1.0,0.0,weekly,less_than_weekly,-1.0,decreased_below_weekly,0.0,0.0,1.0,0.0,1,0
A,35542040,8,2006,10,2010,R8KCNT,R10KCNT,0.0,0.0,less_than_weekly,less_than_weekly,0.0,persistently_below_weekly,0.0,0.0,0.0,0.0,0,0
A,35614020,8,2006,10,2010,R8KCNT,R10KCNT,1.0,1.0,weekly,weekly,0.0,maintained_weekly,1.0,1.0,1.0,1.0,1,1
A,35686020,8,2006,10,2010,R8KCNT,R10KCNT,1.0,1.0,weekly,weekly,0.0,maintained_weekly,1.0,1.0,1.0,1.0,1,1
A,35686030,8,2006,10,2010,R8KCNT,R10KCNT,1.0,1.0,weekly,weekly,0.0,maintained_weekly,0.0,1.0,1.0,1.0,1,1
A,35688010,8,2006,10,2010,R8KCNT,R10KCNT,1.0,1.0,weekly,weekly,0.0,maintained_weekly,1.0,1.0,1.0,1.0,1,1
A,35688020,8,2006,10,2010,R8KCNT,R10KCNT,1.0,1.0,weekly,weekly,0.0,maintained_weekly,1.0,1.0,1.0,1.0,1,1
A,35785020,8,2006,10,2010,R8KCNT,R10KCNT,,,no_children,no_children,,,,,,,.k,.k
A,35785030,8,2006,10,2010,R8KCNT,R10KCNT,,,no_children,no_children,,,,,,,.k,.k
A,35857010,8,2006,10,2010,R8KCNT,R10KCNT,,,no_children,no_children,,,,,,,.k,.k
A,35862010,8,2006,10,2010,R8KCNT,R10KCNT,,,no_children,no_children,,,,,,,.k,.k
A,35888010,8,2006,10,2010,R8KCNT,R10KCNT,1.0,1.0,weekly,weekly,0.0,maintained_weekly,1.0,0.0,0.0,1.0,1,1
A,35888040,8,2006,10,2010,R8KCNT,R10KCNT,1.0,0.0,weekly,less_than_weekly,-1.0,decreased_below_weekly,1.0,,0.0,0.0,1,0
A,35926010,8,2006,10,2010,R8KCNT,R10KCNT,1.0,1.0,weekly,weekly,0.0,maintained_weekly,1.0,1.0,1.0,1.0,1,1
A,36044010,8,2006,10,2010,R8KCNT,R10KCNT,1.0,0.0,weekly,less_than_weekly,-1.0,decreased_below_weekly,0.0,0.0,1.0,0.0,1,0
A,36044040,8,2006,10,2010,R8KCNT,R10KCNT,1.0,1.0,weekly,weekly,0.0,maintained_weekly,0.0,0.0,1.0,1.0,1,1
A,36051010,8,2006,10,2010,R8KCNT,R10KCNT,1.0,1.0,weekly,weekly,0.0,maintained_weekly,1.0,1.0,1.0,1.0,1,1
A,36081010,8,2006,10,2010,R8KCNT,R10KCNT,0.0,1.0,less_than_weekly,weekly,1.0,increased_to_weekly,0.0,0.0,0.0,1.0,0,1
A,36107010,8,2006,10,2010,R8KCNT,R10KCNT,0.0,1.0,less_than_weekly,weekly,1.0,increased_to_weekly,0.0,0.0,0.0,1.0,0,1
A,36129020,8,2006,10,2010,R8KCNT,R10KCNT,1.0,1.0,weekly,weekly,0.0,maintained_weekly,1.0,0.0,1.0,1.0,1,1
A,36129030,8,2006,10,2010,R8KCNT,R10KCNT,1.0,1.0,weekly,weekly,0.0,maintained_weekly,1.0,1.0,1.0,1.0,1,1
A,36141010,8,2006,10,2010,R8KCNT,R10KCNT,1.0,1.0,weekly,weekly,0.0,maintained_weekly,1.0,0.0,1.0,1.0,1,1
A,36141040,8,2006,10,2010,R8KCNT,R10KCNT,1.0,1.0,weekly,weekly,0.0,maintained_weekly,1.0,1.0,1.0,1.0,1,1
A,36142020,8,2006,10,2010,R8KCNT,R10KCNT,1.0,1.0,weekly,weekly,0.0,maintained_weekly,1.0,1.0,1.0,1.0,1,1
A,36170010,8,2006,10,2010,R8KCNT,R10KCNT,0.0,0.0,less_than_weekly,less_than_weekly,0.0,persistently_below_weekly,0.0,0.0,0.0,0.0,0,0
A,36227010,8,2006,10,2010,R8KCNT,R10KCNT,,1.0,leave_behind_not_completed_or_ineligible,weekly,,,,1.0,,1.0,.l,1
A,36227040,8,2006,10,2010,R8KCNT,R10KCNT,1.0,1.0,weekly,weekly,0.0,maintained_weekly,0.0,0.0,1.0,1.0,1,1
A,36230010,8,2006,10,2010,R8KCNT,R10KCNT,1.0,1.0,weekly,weekly,0.0,maintained_weekly,0.0,0.0,1.0,1.0,1,1
A,36230020,8,2006,10,2010,R8KCNT,R10KCNT,1.0,1.0,weekly,weekly,0.0,maintained_weekly,0.0,0.0,1.0,1.0,1,1
A,36233020,8,2006,10,2010,R8KCNT,R10KCNT,1.0,1.0,weekly,weekly,0.0,maintained_weekly,1.0,1.0,1.0,1.0,1,1
A,36233030,8,2006,10,2010,R8KCNT,R10KCNT,1.0,1.0,weekly,weekly,0.0,maintained_weekly,0.0,0.0,1.0,1.0,1,1
A,36234010,8,2006,10,2010,R8KCNT,R10KCNT,1.0,1.0,weekly,weekly,0.0,maintained_weekly,1.0,0.0,1.0,1.0,1,1
A,36243020,8,2006,10,2010,R8KCNT,R10KCNT,0.0,,less_than_weekly,missing_response,,,0.0,,0.0,,0,.m
A,36245010,8,2006,10,2010,R8KCNT,R10KCNT,1.0,1.0,weekly,weekly,0.0,maintained_weekly,0.0,0.0,1.0,1.0,1,1
A,36250010,8,2006,10,2010,R8KCNT,R10KCNT,1.0,0.0,weekly,less_than_weekly,-1.0,decreased_below_weekly,1.0,0.0,0.0,0.0,1,0
A,36250020,8,2006,10,2010,R8KCNT,R10KCNT,0.0,0.0,less_than_weekly,less_than_weekly,0.0,persistently_below_weekly,0.0,0.0,0.0,0.0,0,0
A,36275010,8,2006,10,2010,R8KCNT,R10KCNT,1.0,1.0,weekly,weekly,0.0,maintained_weekly,0.0,0.0,1.0,1.0,1,1
A,36345010,8,2006,10,2010,R8KCNT,R10KCNT,1.0,1.0,weekly,weekly,0.0,maintained_weekly,1.0,1.0,1.0,1.0,1,1
A,36345011,8,2006,10,2010,R8KCNT,R10KCNT,,1.0,leave_behind_not_completed_or_ineligible,weekly,,,,1.0,,1.0,.l,1
A,36408020,8,2006,10,2010,R8KCNT,R10KCNT,,,no_children,no_children,,,,,,,.k,.k
A,36408030,8,2006,10,2010,R8KCNT,R10KCNT,1.0,1.0,weekly,weekly,0.0,maintained_weekly,0.0,0.0,1.0,1.0,1,1
A,36489010,8,2006,10,2010,R8KCNT,R10KCNT,1.0,1.0,weekly,weekly,0.0,maintained_weekly,0.0,1.0,1.0,1.0,1,1
A,36536010,8,2006,10,2010,R8KCNT,R10KCNT,1.0,1.0,weekly,weekly,0.0,maintained_weekly,0.0,1.0,1.0,1.0,1,1
A,36549020,8,2006,10,2010,R8KCNT,R10KCNT,,1.0,leave_behind_not_completed_or_ineligible,weekly,,,,1.0,,1.0,.l,1
A,36603010,8,2006,10,2010,R8KCNT,R10KCNT,1.0,0.0,weekly,less_than_weekly,-1.0,decreased_below_weekly,1.0,0.0,1.0,0.0,1,0
A,36667020,8,2006,10,2010,R8KCNT,R10KCNT,1.0,1.0,weekly,weekly,0.0,maintained_weekly,1.0,0.0,1.0,1.0,1,1
A,36667030,8,2006,10,2010,R8KCNT,R10KCNT,1.0,1.0,weekly,weekly,0.0,maintained_weekly,1.0,1.0,1.0,0.0,1,1
A,36668010,8,2006,10,2010,R8KCNT,R10KCNT,1.0,1.0,weekly,weekly,0.0,maintained_weekly,1.0,1.0,1.0,0.0,1,1
A,36668020,8,2006,10,2010,R8KCNT,R10KCNT,1.0,1.0,weekly,weekly,0.0,maintained_weekly,1.0,1.0,0.0,0.0,1,1
A,36683010,8,2006,10,2010,R8KCNT,R10KCNT,1.0,1.0,weekly,weekly,0.0,maintained_weekly,1.0,1.0,1.0,1.0,1,1
A,36683020,8,2006,10,2010,R8KCNT,R10KCNT,1.0,1.0,weekly,weekly,0.0,maintained_weekly,1.0,1.0,1.0,1.0,1,1
A,36689010,8,2006,10,2010,R8KCNT,R10KCNT,1.0,1.0,weekly,weekly,0.0,maintained_weekly,0.0,0.0,1.0,1.0,1,1
A,36753010,8,2006,10,2010,R8KCNT,R10KCNT,1.0,1.0,weekly,weekly,0.0,maintained_weekly,0.0,0.0,1.0,1.0,1,1
A,36758010,8,2006,10,2010,R8KCNT,R10KCNT,0.0,0.0,less_than_weekly,less_than_weekly,0.0,persistently_below_weekly,0.0,0.0,0.0,0.0,0,0
A,36798010,8,2006,10,2010,R8KCNT,R10KCNT,0.0,1.0,less_than_weekly,weekly,1.0,increased_to_weekly,0.0,1.0,0.0,0.0,0,1
A,36798040,8,2006,10,2010,R8KCNT,R10KCNT,1.0,,weekly,no_children,,,1.0,,1.0,,1,.k
A,36813020,8,2006,10,2010,R8KCNT,R10KCNT,,,missing_response,missing_response,,,,,,,.m,.m
A,36826020,8,2006,10,2010,R8KCNT,R10KCNT,1.0,1.0,weekly,weekly,0.0,maintained_weekly,1.0,1.0,1.0,1.0,1,1
A,36826030,8,2006,10,2010,R8KCNT,R10KCNT,1.0,0.0,weekly,less_than_weekly,-1.0,decreased_below_weekly,1.0,0.0,1.0,0.0,1,0
A,36866010,8,2006,10,2010,R8KCNT,R10KCNT,0.0,0.0,less_than_weekly,less_than_weekly,0.0,persistently_below_weekly,0.0,0.0,0.0,0.0,0,0
A,36902010,8,2006,10,2010,R8KCNT,R10KCNT,,1.0,leave_behind_not_completed_or_ineligible,weekly,,,,1.0,,1.0,.l,1
A,36902020,8,2006,10,2010,R8KCNT,R10KCNT,,1.0,leave_behind_not_completed_or_ineligible,weekly,,,,0.0,,1.0,.l,1
A,36992010,8,2006,10,2010,R8KCNT,R10KCNT,1.0,1.0,weekly,weekly,0.0,maintained_weekly,1.0,1.0,1.0,1.0,1,1
A,37047010,8,2006,10,2010,R8KCNT,R10KCNT,1.0,1.0,weekly,weekly,0.0,maintained_weekly,0.0,0.0,1.0,1.0,1,1
A,37047040,8,2006,10,2010,R8KCNT,R10KCNT,,1.0,leave_behind_not_completed_or_ineligible,weekly,,,,0.0,,1.0,.l,1
A,37048010,8,2006,10,2010,R8KCNT,R10KCNT,1.0,1.0,weekly,weekly,0.0,maintained_weekly,1.0,1.0,1.0,1.0,1,1
A,37049010,8,2006,10,2010,R8KCNT,R10KCNT,1.0,1.0,weekly,weekly,0.0,maintained_weekly,1.0,1.0,1.0,1.0,1,1
A,37049040,8,2006,10,2010,R8KCNT,R10KCNT,1.0,1.0,weekly,weekly,0.0,maintained_weekly,1.0,0.0,1.0,1.0,1,1
A,37050010,8,2006,10,2010,R8KCNT,R10KCNT,1.0,1.0,weekly,weekly,0.0,maintained_weekly,1.0,1.0,1.0,1.0,1,1
A,37050040,8,2006,10,2010,R8KCNT,R10KCNT,1.0,1.0,weekly,weekly,0.0,maintained_weekly,,1.0,1.0,1.0,1,1
A,37057010,8,2006,10,2010,R8KCNT,R10KCNT,1.0,1.0,weekly,weekly,0.0,maintained_weekly,0.0,0.0,1.0,1.0,1,1
A,37057020,8,2006,10,2010,R8KCNT,R10KCNT,1.0,1.0,weekly,weekly,0.0,maintained_weekly,0.0,0.0,1.0,1.0,1,1
A,37101010,8,2006,10,2010,R8KCNT,R10KCNT,1.0,,weekly,leave_behind_not_completed_or_ineligible,,,0.0,,1.0,,1,.l
A,37160010,8,2006,10,2010,R8KCNT,R10KCNT,1.0,1.0,weekly,weekly,0.0,maintained_weekly,1.0,1.0,1.0,1.0,1,1
A,37297010,8,2006,10,2010,R8KCNT,R10KCNT,,,no_children,no_children,,,,,,,.k,.k
A,37298010,8,2006,10,2010,R8KCNT,R10KCNT,1.0,1.0,weekly,weekly,0.0,maintained_weekly,0.0,1.0,1.0,1.0,1,1
A,37373010,8,2006,10,2010,R8KCNT,R10KCNT,1.0,1.0,weekly,weekly,0.0,maintained_weekly,0.0,1.0,1.0,1.0,1,1
A,37373020,8,2006,10,2010,R8KCNT,R10KCNT,1.0,1.0,weekly,weekly,0.0,maintained_weekly,1.0,1.0,1.0,1.0,1,1
A,37428020,8,2006,10,2010,R8KCNT,R10KCNT,1.0,1.0,weekly,weekly,0.0,maintained_weekly,1.0,1.0,1.0,1.0,1,1
A,37477020,8,2006,10,2010,R8KCNT,R10KCNT,1.0,,weekly,missing_response,,,0.0,,1.0,,1,.m
A,37477021,8,2006,10,2010,R8KCNT,R10KCNT,0.0,1.0,less_than_weekly,weekly,1.0,increased_to_weekly,0.0,0.0,0.0,1.0,0,1
A,37490010,8,2006,10,2010,R8KCNT,R10KCNT,1.0,,weekly,leave_behind_not_completed_or_ineligible,,,1.0,,1.0,,1,.l
A,37490020,8,2006,10,2010,R8KCNT,R10KCNT,1.0,1.0,weekly,weekly,0.0,maintained_weekly,1.0,1.0,1.0,1.0,1,1
A,37496010,8,2006,10,2010,R8KCNT,R10KCNT,1.0,1.0,weekly,weekly,0.0,maintained_weekly,0.0,0.0,1.0,1.0,1,1
A,37503020,8,2006,10,2010,R8KCNT,R10KCNT,1.0,1.0,weekly,weekly,0.0,maintained_weekly,0.0,0.0,1.0,1.0,1,1
A,37503021,8,2006,10,2010,R8KCNT,R10KCNT,0.0,1.0,less_than_weekly,weekly,1.0,increased_to_weekly,0.0,0.0,0.0,1.0,0,1
A,37530020,8,2006,10,2010,R8KCNT,R10KCNT,1.0,1.0,weekly,weekly,0.0,maintained_weekly,0.0,0.0,1.0,1.0,1,1
A,37530030,8,2006,10,2010,R8KCNT,R10KCNT,1.0,1.0,weekly,weekly,0.0,maintained_weekly,0.0,0.0,1.0,1.0,1,1
A,37547010,8,2006,10,2010,R8KCNT,R10KCNT,1.0,1.0,weekly,weekly,0.0,maintained_weekly,0.0,0.0,1.0,1.0,1,1
A,37597030,8,2006,10,2010,R8KCNT,R10KCNT,1.0,1.0,weekly,weekly,0.0,maintained_weekly,1.0,1.0,1.0,1.0,1,1
A,37640010,8,2006,10,2010,R8KCNT,R10KCNT,1.0,1.0,weekly,weekly,0.0,maintained_weekly,0.0,0.0,1.0,1.0,1,1
A,37640040,8,2006,10,2010,R8KCNT,R10KCNT,1.0,1.0,weekly,weekly,0.0,maintained_weekly,0.0,0.0,1.0,1.0,1,1
A,37767010,8,2006,10,2010,R8KCNT,R10KCNT,1.0,1.0,weekly,weekly,0.0,maintained_weekly,1.0,0.0,1.0,1.0,1,1
A,37767020,8,2006,10,2010,R8KCNT,R10KCNT,0.0,1.0,less_than_weekly,weekly,1.0,increased_to_weekly,,1.0,0.0,1.0,0,1
A,37776010,8,2006,10,2010,R8KCNT,R10KCNT,1.0,1.0,weekly,weekly,0.0,maintained_weekly,1.0,0.0,1.0,1.0,1,1
A,37807010,8,2006,10,2010,R8KCNT,R10KCNT,1.0,0.0,weekly,less_than_weekly,-1.0,decreased_below_weekly,0.0,0.0,1.0,0.0,1,0
A,37807020,8,2006,10,2010,R8KCNT,R10KCNT,1.0,1.0,weekly,weekly,0.0,maintained_weekly,1.0,0.0,1.0,1.0,1,1
A,37835040,8,2006,10,2010,R8KCNT,R10KCNT,,1.0,not_interviewed_or_plain_missing,weekly,,,,1.0,,1.0,.,1
A,37865020,8,2006,10,2010,R8KCNT,R10KCNT,1.0,1.0,weekly,weekly,0.0,maintained_weekly,0.0,0.0,1.0,1.0,1,1
A,37865030,8,2006,10,2010,R8KCNT,R10KCNT,0.0,0.0,less_than_weekly,less_than_weekly,0.0,persistently_below_weekly,0.0,0.0,0.0,0.0,0,0
A,37871020,8,2006,10,2010,R8KCNT,R10KCNT,1.0,1.0,weekly,weekly,0.0,maintained_weekly,1.0,1.0,1.0,1.0,1,1
A,37904010,8,2006,10,2010,R8KCNT,R10KCNT,1.0,1.0,weekly,weekly,0.0,maintained_weekly,1.0,0.0,1.0,1.0,1,1
A,37948020,8,2006,10,2010,R8KCNT,R10KCNT,1.0,1.0,weekly,weekly,0.0,maintained_weekly,0.0,0.0,1.0,1.0,1,1
A,37963010,8,2006,10,2010,R8KCNT,R10KCNT,1.0,1.0,weekly,weekly,0.0,maintained_weekly,0.0,1.0,1.0,1.0,1,1
A,37989010,8,2006,10,2010,R8KCNT,R10KCNT,1.0,1.0,weekly,weekly,0.0,maintained_weekly,1.0,1.0,1.0,1.0,1,1
A,37989040,8,2006,10,2010,R8KCNT,R10KCNT,1.0,1.0,weekly,weekly,0.0,maintained_weekly,1.0,1.0,1.0,1.0,1,1
A,38017010,8,2006,10,2010,R8KCNT,R10KCNT,,1.0,leave_behind_not_completed_or_ineligible,weekly,,,,0.0,,1.0,.l,1
A,38017020,8,2006,10,2010,R8KCNT,R10KCNT,,1.0,leave_behind_not_completed_or_ineligible,weekly,,,,0.0,,1.0,.l,1
A,38031010,8,2006,10,2010,R8KCNT,R10KCNT,1.0,1.0,weekly,weekly,0.0,maintained_weekly,1.0,1.0,0.0,0.0,1,1
A,38033020,8,2006,10,2010,R8KCNT,R10KCNT,0.0,1.0,less_than_weekly,weekly,1.0,increased_to_weekly,0.0,1.0,0.0,1.0,0,1
A,38042010,8,2006,10,2010,R8KCNT,R10KCNT,1.0,1.0,weekly,weekly,0.0,maintained_weekly,1.0,1.0,0.0,1.0,1,1
A,38042020,8,2006,10,2010,R8KCNT,R10KCNT,1.0,1.0,weekly,weekly,0.0,maintained_weekly,1.0,1.0,1.0,1.0,1,1
A,38047010,8,2006,10,2010,R8KCNT,R10KCNT,0.0,0.0,less_than_weekly,less_than_weekly,0.0,persistently_below_weekly,0.0,0.0,0.0,0.0,0,0
A,38089010,8,2006,10,2010,R8KCNT,R10KCNT,1.0,1.0,weekly,weekly,0.0,maintained_weekly,1.0,0.0,1.0,1.0,1,1
A,38144010,8,2006,10,2010,R8KCNT,R10KCNT,1.0,0.0,weekly,less_than_weekly,-1.0,decreased_below_weekly,0.0,0.0,1.0,0.0,1,0
A,38292020,8,2006,10,2010,R8KCNT,R10KCNT,1.0,1.0,weekly,weekly,0.0,maintained_weekly,0.0,0.0,1.0,1.0,1,1
A,38292021,8,2006,10,2010,R8KCNT,R10KCNT,1.0,1.0,weekly,weekly,0.0,maintained_weekly,1.0,1.0,1.0,1.0,1,1
A,38298010,8,2006,10,2010,R8KCNT,R10KCNT,1.0,1.0,weekly,weekly,0.0,maintained_weekly,0.0,1.0,1.0,1.0,1,1
A,38298020,8,2006,10,2010,R8KCNT,R10KCNT,1.0,1.0,weekly,weekly,0.0,maintained_weekly,1.0,1.0,1.0,1.0,1,1
A,38333040,8,2006,10,2010,R8KCNT,R10KCNT,,0.0,leave_behind_not_completed_or_ineligible,less_than_weekly,,,,0.0,,0.0,.l,0
A,38383010,8,2006,10,2010,R8KCNT,R10KCNT,1.0,1.0,weekly,weekly,0.0,maintained_weekly,0.0,0.0,1.0,1.0,1,1
A,38394010,8,2006,10,2010,R8KCNT,R10KCNT,1.0,1.0,weekly,weekly,0.0,maintained_weekly,0.0,1.0,1.0,1.0,1,1
A,38394020,8,2006,10,2010,R8KCNT,R10KCNT,1.0,0.0,weekly,less_than_weekly,-1.0,decreased_below_weekly,1.0,0.0,0.0,0.0,1,0
A,38477020,8,2006,10,2010,R8KCNT,R10KCNT,1.0,1.0,weekly,weekly,0.0,maintained_weekly,1.0,0.0,1.0,1.0,1,1
A,38509020,8,2006,10,2010,R8KCNT,R10KCNT,1.0,1.0,weekly,weekly,0.0,maintained_weekly,1.0,1.0,1.0,1.0,1,1
A,38510010,8,2006,10,2010,R8KCNT,R10KCNT,1.0,1.0,weekly,weekly,0.0,maintained_weekly,0.0,0.0,1.0,1.0,1,1
A,38511010,8,2006,10,2010,R8KCNT,R10KCNT,1.0,1.0,weekly,weekly,0.0,maintained_weekly,0.0,1.0,1.0,1.0,1,1
A,38516020,8,2006,10,2010,R8KCNT,R10KCNT,1.0,1.0,weekly,weekly,0.0,maintained_weekly,1.0,0.0,1.0,1.0,1,1
A,38517010,8,2006,10,2010,R8KCNT,R10KCNT,,,no_children,no_children,,,,,,,.k,.k
A,38523020,8,2006,10,2010,R8KCNT,R10KCNT,1.0,1.0,weekly,weekly,0.0,maintained_weekly,1.0,1.0,1.0,1.0,1,1
A,38523030,8,2006,10,2010,R8KCNT,R10KCNT,1.0,1.0,weekly,weekly,0.0,maintained_weekly,0.0,1.0,1.0,1.0,1,1
A,38531010,8,2006,10,2010,R8KCNT,R10KCNT,0.0,1.0,less_than_weekly,weekly,1.0,increased_to_weekly,0.0,0.0,0.0,1.0,0,1
A,38531020,8,2006,10,2010,R8KCNT,R10KCNT,1.0,1.0,weekly,weekly,0.0,maintained_weekly,0.0,0.0,1.0,1.0,1,1
A,38535010,8,2006,10,2010,R8KCNT,R10KCNT,1.0,1.0,weekly,weekly,0.0,maintained_weekly,1.0,1.0,1.0,1.0,1,1
A,38535040,8,2006,10,2010,R8KCNT,R10KCNT,,1.0,leave_behind_not_completed_or_ineligible,weekly,,,,0.0,,1.0,.l,1
A,38577010,8,2006,10,2010,R8KCNT,R10KCNT,0.0,1.0,less_than_weekly,weekly,1.0,increased_to_weekly,0.0,0.0,0.0,1.0,0,1
A,38615010,8,2006,10,2010,R8KCNT,R10KCNT,1.0,1.0,weekly,weekly,0.0,maintained_weekly,0.0,1.0,1.0,1.0,1,1
A,38615020,8,2006,10,2010,R8KCNT,R10KCNT,1.0,1.0,weekly,weekly,0.0,maintained_weekly,1.0,1.0,1.0,1.0,1,1
A,38666010,8,2006,10,2010,R8KCNT,R10KCNT,,0.0,no_children,less_than_weekly,,,,0.0,,0.0,.k,0
A,38685020,8,2006,10,2010,R8KCNT,R10KCNT,0.0,1.0,less_than_weekly,weekly,1.0,increased_to_weekly,0.0,0.0,0.0,1.0,0,1
A,38707010,8,2006,10,2010,R8KCNT,R10KCNT,1.0,0.0,weekly,less_than_weekly,-1.0,decreased_below_weekly,1.0,0.0,1.0,0.0,1,0
A,38717010,8,2006,10,2010,R8KCNT,R10KCNT,1.0,1.0,weekly,weekly,0.0,maintained_weekly,1.0,1.0,1.0,1.0,1,1
A,38738010,8,2006,10,2010,R8KCNT,R10KCNT,,1.0,leave_behind_not_completed_or_ineligible,weekly,,,,1.0,,1.0,.l,1
A,38789010,8,2006,10,2010,R8KCNT,R10KCNT,,,no_children,no_children,,,,,,,.k,.k
A,38815010,8,2006,10,2010,R8KCNT,R10KCNT,1.0,1.0,weekly,weekly,0.0,maintained_weekly,0.0,1.0,1.0,1.0,1,1
A,38888010,8,2006,10,2010,R8KCNT,R10KCNT,1.0,1.0,weekly,weekly,0.0,maintained_weekly,0.0,0.0,1.0,1.0,1,1
A,38888040,8,2006,10,2010,R8KCNT,R10KCNT,1.0,1.0,weekly,weekly,0.0,maintained_weekly,0.0,0.0,1.0,1.0,1,1
A,38892010,8,2006,10,2010,R8KCNT,R10KCNT,0.0,1.0,less_than_weekly,weekly,1.0,increased_to_weekly,0.0,0.0,0.0,1.0,0,1
A,38892020,8,2006,10,2010,R8KCNT,R10KCNT,1.0,1.0,weekly,weekly,0.0,maintained_weekly,0.0,0.0,1.0,1.0,1,1
A,38932011,8,2006,10,2010,R8KCNT,R10KCNT,,0.0,no_children,less_than_weekly,,,,0.0,,0.0,.k,0
A,38932020,8,2006,10,2010,R8KCNT,R10KCNT,1.0,0.0,weekly,less_than_weekly,-1.0,decreased_below_weekly,1.0,0.0,1.0,0.0,1,0
A,38950010,8,2006,10,2010,R8KCNT,R10KCNT,1.0,1.0,weekly,weekly,0.0,maintained_weekly,1.0,0.0,1.0,1.0,1,1
A,38951010,8,2006,10,2010,R8KCNT,R10KCNT,1.0,1.0,weekly,weekly,0.0,maintained_weekly,0.0,0.0,1.0,1.0,1,1
A,38951040,8,2006,10,2010,R8KCNT,R10KCNT,1.0,0.0,weekly,less_than_weekly,-1.0,decreased_below_weekly,0.0,0.0,1.0,0.0,1,0
A,38999010,8,2006,10,2010,R8KCNT,R10KCNT,1.0,1.0,weekly,weekly,0.0,maintained_weekly,1.0,1.0,1.0,0.0,1,1
A,39003020,8,2006,10,2010,R8KCNT,R10KCNT,0.0,1.0,less_than_weekly,weekly,1.0,increased_to_weekly,0.0,1.0,0.0,1.0,0,1
A,39010020,8,2006,10,2010,R8KCNT,R10KCNT,1.0,1.0,weekly,weekly,0.0,maintained_weekly,1.0,1.0,1.0,1.0,1,1
A,39010030,8,2006,10,2010,R8KCNT,R10KCNT,1.0,1.0,weekly,weekly,0.0,maintained_weekly,1.0,0.0,1.0,1.0,1,1
A,39053010,8,2006,10,2010,R8KCNT,R10KCNT,1.0,0.0,weekly,less_than_weekly,-1.0,decreased_below_weekly,0.0,0.0,1.0,0.0,1,0
A,39053020,8,2006,10,2010,R8KCNT,R10KCNT,1.0,1.0,weekly,weekly,0.0,maintained_weekly,1.0,1.0,1.0,1.0,1,1
A,39082010,8,2006,10,2010,R8KCNT,R10KCNT,0.0,0.0,less_than_weekly,less_than_weekly,0.0,persistently_below_weekly,0.0,0.0,0.0,0.0,0,0
A,39082020,8,2006,10,2010,R8KCNT,R10KCNT,1.0,1.0,weekly,weekly,0.0,maintained_weekly,0.0,1.0,1.0,1.0,1,1
A,39111010,8,2006,10,2010,R8KCNT,R10KCNT,1.0,1.0,weekly,weekly,0.0,maintained_weekly,1.0,1.0,1.0,1.0,1,1
A,39159010,8,2006,10,2010,R8KCNT,R10KCNT,1.0,1.0,weekly,weekly,0.0,maintained_weekly,1.0,1.0,1.0,1.0,1,1
A,39159020,8,2006,10,2010,R8KCNT,R10KCNT,1.0,1.0,weekly,weekly,0.0,maintained_weekly,1.0,1.0,1.0,1.0,1,1
A,39184010,8,2006,10,2010,R8KCNT,R10KCNT,1.0,1.0,weekly,weekly,0.0,maintained_weekly,1.0,1.0,1.0,1.0,1,1
A,39184020,8,2006,10,2010,R8KCNT,R10KCNT,1.0,1.0,weekly,weekly,0.0,maintained_weekly,1.0,1.0,1.0,1.0,1,1
A,39185010,8,2006,10,2010,R8KCNT,R10KCNT,1.0,0.0,weekly,less_than_weekly,-1.0,decreased_below_weekly,0.0,0.0,1.0,0.0,1,0
A,39186040,8,2006,10,2010,R8KCNT,R10KCNT,1.0,1.0,weekly,weekly,0.0,maintained_weekly,1.0,1.0,1.0,1.0,1,1
A,39188010,8,2006,10,2010,R8KCNT,R10KCNT,1.0,1.0,weekly,weekly,0.0,maintained_weekly,1.0,0.0,1.0,1.0,1,1
A,39231010,8,2006,10,2010,R8KCNT,R10KCNT,1.0,1.0,weekly,weekly,0.0,maintained_weekly,1.0,0.0,1.0,1.0,1,1
A,39256020,8,2006,10,2010,R8KCNT,R10KCNT,1.0,1.0,weekly,weekly,0.0,maintained_weekly,1.0,1.0,1.0,1.0,1,1
A,39260010,8,2006,10,2010,R8KCNT,R10KCNT,1.0,1.0,weekly,weekly,0.0,maintained_weekly,0.0,0.0,1.0,1.0,1,1
A,39260020,8,2006,10,2010,R8KCNT,R10KCNT,1.0,1.0,weekly,weekly,0.0,maintained_weekly,0.0,0.0,1.0,1.0,1,1
A,39316010,8,2006,10,2010,R8KCNT,R10KCNT,1.0,1.0,weekly,weekly,0.0,maintained_weekly,0.0,0.0,1.0,1.0,1,1
A,39319020,8,2006,10,2010,R8KCNT,R10KCNT,1.0,1.0,weekly,weekly,0.0,maintained_weekly,1.0,0.0,1.0,1.0,1,1
A,39319030,8,2006,10,2010,R8KCNT,R10KCNT,1.0,1.0,weekly,weekly,0.0,maintained_weekly,1.0,1.0,1.0,1.0,1,1
A,39341010,8,2006,10,2010,R8KCNT,R10KCNT,1.0,1.0,weekly,weekly,0.0,maintained_weekly,0.0,0.0,1.0,1.0,1,1
A,39357010,8,2006,10,2010,R8KCNT,R10KCNT,,0.0,not_interviewed_or_plain_missing,less_than_weekly,,,,0.0,,0.0,.,0
A,39357040,8,2006,10,2010,R8KCNT,R10KCNT,,1.0,not_interviewed_or_plain_missing,weekly,,,,0.0,,1.0,.,1
A,39411020,8,2006,10,2010,R8KCNT,R10KCNT,1.0,1.0,weekly,weekly,0.0,maintained_weekly,0.0,0.0,1.0,1.0,1,1
A,39411030,8,2006,10,2010,R8KCNT,R10KCNT,1.0,1.0,weekly,weekly,0.0,maintained_weekly,0.0,0.0,1.0,1.0,1,1
A,39419020,8,2006,10,2010,R8KCNT,R10KCNT,1.0,0.0,weekly,less_than_weekly,-1.0,decreased_below_weekly,1.0,0.0,1.0,0.0,1,0
A,39437010,8,2006,10,2010,R8KCNT,R10KCNT,,,no_children,no_children,,,,,,,.k,.k
A,39466030,8,2006,10,2010,R8KCNT,R10KCNT,1.0,1.0,weekly,weekly,0.0,maintained_weekly,0.0,0.0,1.0,1.0,1,1
A,39466031,8,2006,10,2010,R8KCNT,R10KCNT,1.0,1.0,weekly,weekly,0.0,maintained_weekly,0.0,0.0,1.0,1.0,1,1
A,39556010,8,2006,10,2010,R8KCNT,R10KCNT,1.0,1.0,weekly,weekly,0.0,maintained_weekly,1.0,1.0,1.0,1.0,1,1
A,39556020,8,2006,10,2010,R8KCNT,R10KCNT,1.0,1.0,weekly,weekly,0.0,maintained_weekly,1.0,1.0,1.0,1.0,1,1
A,39576010,8,2006,10,2010,R8KCNT,R10KCNT,1.0,1.0,weekly,weekly,0.0,maintained_weekly,1.0,1.0,1.0,1.0,1,1
A,39576020,8,2006,10,2010,R8KCNT,R10KCNT,1.0,1.0,weekly,weekly,0.0,maintained_weekly,1.0,1.0,1.0,1.0,1,1
A,39626010,8,2006,10,2010,R8KCNT,R10KCNT,1.0,1.0,weekly,weekly,0.0,maintained_weekly,1.0,1.0,1.0,1.0,1,1
A,39654010,8,2006,10,2010,R8KCNT,R10KCNT,1.0,1.0,weekly,weekly,0.0,maintained_weekly,0.0,0.0,1.0,1.0,1,1
A,39690010,8,2006,10,2010,R8KCNT,R10KCNT,0.0,1.0,less_than_weekly,weekly,1.0,increased_to_weekly,0.0,0.0,0.0,1.0,0,1
A,39690040,8,2006,10,2010,R8KCNT,R10KCNT,,,missing_response,no_children,,,,,,,.m,.k
A,39753020,8,2006,10,2010,R8KCNT,R10KCNT,0.0,1.0,less_than_weekly,weekly,1.0,increased_to_weekly,0.0,1.0,0.0,1.0,0,1
A,39753030,8,2006,10,2010,R8KCNT,R10KCNT,1.0,1.0,weekly,weekly,0.0,maintained_weekly,0.0,1.0,1.0,1.0,1,1
A,39755010,8,2006,10,2010,R8KCNT,R10KCNT,1.0,1.0,weekly,weekly,0.0,maintained_weekly,0.0,1.0,1.0,1.0,1,1
A,39776010,8,2006,10,2010,R8KCNT,R10KCNT,,,leave_behind_not_completed_or_ineligible,no_children,,,,,,,.l,.k
A,39776040,8,2006,10,2010,R8KCNT,R10KCNT,1.0,1.0,weekly,weekly,0.0,maintained_weekly,1.0,1.0,1.0,1.0,1,1
A,39783020,8,2006,10,2010,R8KCNT,R10KCNT,,0.0,missing_response,less_than_weekly,,,,0.0,,0.0,.m,0
A,39783030,8,2006,10,2010,R8KCNT,R10KCNT,1.0,0.0,weekly,less_than_weekly,-1.0,decreased_below_weekly,1.0,0.0,1.0,0.0,1,0
A,39937010,8,2006,10,2010,R8KCNT,R10KCNT,1.0,0.0,weekly,less_than_weekly,-1.0,decreased_below_weekly,1.0,0.0,0.0,0.0,1,0
A,39951010,8,2006,10,2010,R8KCNT,R10KCNT,,,no_children,no_children,,,,,,,.k,.k
A,39956010,8,2006,10,2010,R8KCNT,R10KCNT,1.0,1.0,weekly,weekly,0.0,maintained_weekly,1.0,1.0,1.0,1.0,1,1
A,39965010,8,2006,10,2010,R8KCNT,R10KCNT,1.0,1.0,weekly,weekly,0.0,maintained_weekly,1.0,1.0,0.0,0.0,1,1
A,39965020,8,2006,10,2010,R8KCNT,R10KCNT,1.0,1.0,weekly,weekly,0.0,maintained_weekly,1.0,1.0,1.0,1.0,1,1
A,40011011,8,2006,10,2010,R8KCNT,R10KCNT,1.0,1.0,weekly,weekly,0.0,maintained_weekly,0.0,0.0,1.0,1.0,1,1
A,40066010,8,2006,10,2010,R8KCNT,R10KCNT,0.0,1.0,less_than_weekly,weekly,1.0,increased_to_weekly,0.0,0.0,0.0,1.0,0,1
A,40115020,8,2006,10,2010,R8KCNT,R10KCNT,1.0,1.0,weekly,weekly,0.0,maintained_weekly,1.0,0.0,1.0,1.0,1,1
A,40126010,8,2006,10,2010,R8KCNT,R10KCNT,1.0,1.0,weekly,weekly,0.0,maintained_weekly,1.0,0.0,1.0,1.0,1,1
A,40126020,8,2006,10,2010,R8KCNT,R10KCNT,1.0,0.0,weekly,less_than_weekly,-1.0,decreased_below_weekly,0.0,0.0,1.0,0.0,1,0
A,40158010,8,2006,10,2010,R8KCNT,R10KCNT,,0.0,leave_behind_not_completed_or_ineligible,less_than_weekly,,,,0.0,,0.0,.l,0
A,40280010,8,2006,10,2010,R8KCNT,R10KCNT,1.0,0.0,weekly,less_than_weekly,-1.0,decreased_below_weekly,1.0,0.0,1.0,0.0,1,0
A,40280040,8,2006,10,2010,R8KCNT,R10KCNT,1.0,1.0,weekly,weekly,0.0,maintained_weekly,1.0,1.0,1.0,1.0,1,1
A,40294010,8,2006,10,2010,R8KCNT,R10KCNT,1.0,1.0,weekly,weekly,0.0,maintained_weekly,0.0,1.0,1.0,1.0,1,1
A,40294020,8,2006,10,2010,R8KCNT,R10KCNT,1.0,1.0,weekly,weekly,0.0,maintained_weekly,0.0,0.0,1.0,1.0,1,1
A,40311010,8,2006,10,2010,R8KCNT,R10KCNT,1.0,1.0,weekly,weekly,0.0,maintained_weekly,1.0,1.0,1.0,1.0,1,1
A,40311020,8,2006,10,2010,R8KCNT,R10KCNT,1.0,1.0,weekly,weekly,0.0,maintained_weekly,1.0,1.0,1.0,1.0,1,1
A,40388010,8,2006,10,2010,R8KCNT,R10KCNT,1.0,0.0,weekly,less_than_weekly,-1.0,decreased_below_weekly,1.0,0.0,1.0,0.0,1,0
A,40388020,8,2006,10,2010,R8KCNT,R10KCNT,1.0,0.0,weekly,less_than_weekly,-1.0,decreased_below_weekly,1.0,0.0,1.0,0.0,1,0
A,40398010,8,2006,10,2010,R8KCNT,R10KCNT,0.0,0.0,less_than_weekly,less_than_weekly,0.0,persistently_below_weekly,0.0,0.0,0.0,0.0,0,0
A,40398011,8,2006,10,2010,R8KCNT,R10KCNT,0.0,1.0,less_than_weekly,weekly,1.0,increased_to_weekly,0.0,0.0,0.0,1.0,0,1
A,40407030,8,2006,10,2010,R8KCNT,R10KCNT,1.0,1.0,weekly,weekly,0.0,maintained_weekly,0.0,0.0,1.0,1.0,1,1
A,40416010,8,2006,10,2010,R8KCNT,R10KCNT,1.0,1.0,weekly,weekly,0.0,maintained_weekly,0.0,1.0,1.0,1.0,1,1
A,40435020,8,2006,10,2010,R8KCNT,R10KCNT,1.0,1.0,weekly,weekly,0.0,maintained_weekly,1.0,1.0,1.0,1.0,1,1
A,40435030,8,2006,10,2010,R8KCNT,R10KCNT,1.0,0.0,weekly,less_than_weekly,-1.0,decreased_below_weekly,1.0,0.0,1.0,0.0,1,0
A,40441010,8,2006,10,2010,R8KCNT,R10KCNT,0.0,1.0,less_than_weekly,weekly,1.0,increased_to_weekly,0.0,0.0,0.0,1.0,0,1
A,40441020,8,2006,10,2010,R8KCNT,R10KCNT,1.0,1.0,weekly,weekly,0.0,maintained_weekly,1.0,0.0,1.0,1.0,1,1
A,40475010,8,2006,10,2010,R8KCNT,R10KCNT,1.0,1.0,weekly,weekly,0.0,maintained_weekly,0.0,0.0,1.0,1.0,1,1
A,40475020,8,2006,10,2010,R8KCNT,R10KCNT,1.0,1.0,weekly,weekly,0.0,maintained_weekly,0.0,0.0,1.0,1.0,1,1
A,40552010,8,2006,10,2010,R8KCNT,R10KCNT,,1.0,leave_behind_not_completed_or_ineligible,weekly,,,,1.0,,1.0,.l,1
A,40608010,8,2006,10,2010,R8KCNT,R10KCNT,1.0,1.0,weekly,weekly,0.0,maintained_weekly,0.0,0.0,1.0,1.0,1,1
A,40609010,8,2006,10,2010,R8KCNT,R10KCNT,1.0,1.0,weekly,weekly,0.0,maintained_weekly,1.0,1.0,1.0,1.0,1,1
A,40609020,8,2006,10,2010,R8KCNT,R10KCNT,1.0,1.0,weekly,weekly,0.0,maintained_weekly,1.0,1.0,1.0,1.0,1,1
A,40621020,8,2006,10,2010,R8KCNT,R10KCNT,1.0,,weekly,leave_behind_not_completed_or_ineligible,,,1.0,,1.0,,1,.l
A,40632010,8,2006,10,2010,R8KCNT,R10KCNT,1.0,0.0,weekly,less_than_weekly,-1.0,decreased_below_weekly,1.0,0.0,1.0,0.0,1,0
A,40692010,8,2006,10,2010,R8KCNT,R10KCNT,1.0,,weekly,no_children,,,,,1.0,,1,.k
A,40692040,8,2006,10,2010,R8KCNT,R10KCNT,1.0,1.0,weekly,weekly,0.0,maintained_weekly,,0.0,1.0,1.0,1,1
A,40717010,8,2006,10,2010,R8KCNT,R10KCNT,1.0,1.0,weekly,weekly,0.0,maintained_weekly,0.0,1.0,1.0,1.0,1,1
A,40737020,8,2006,10,2010,R8KCNT,R10KCNT,0.0,0.0,less_than_weekly,less_than_weekly,0.0,persistently_below_weekly,0.0,0.0,0.0,0.0,0,0
A,40778010,8,2006,10,2010,R8KCNT,R10KCNT,,,no_children,no_children,,,,,,,.k,.k
A,40782020,8,2006,10,2010,R8KCNT,R10KCNT,1.0,1.0,weekly,weekly,0.0,maintained_weekly,1.0,1.0,1.0,1.0,1,1
A,40782030,8,2006,10,2010,R8KCNT,R10KCNT,1.0,1.0,weekly,weekly,0.0,maintained_weekly,1.0,1.0,1.0,1.0,1,1
A,40785010,8,2006,10,2010,R8KCNT,R10KCNT,1.0,1.0,weekly,weekly,0.0,maintained_weekly,1.0,0.0,1.0,1.0,1,1
A,40785020,8,2006,10,2010,R8KCNT,R10KCNT,1.0,0.0,weekly,less_than_weekly,-1.0,decreased_below_weekly,0.0,0.0,1.0,0.0,1,0
A,40795030,8,2006,10,2010,R8KCNT,R10KCNT,1.0,1.0,weekly,weekly,0.0,maintained_weekly,0.0,0.0,1.0,1.0,1,1
A,40913010,8,2006,10,2010,R8KCNT,R10KCNT,1.0,1.0,weekly,weekly,0.0,maintained_weekly,1.0,1.0,1.0,1.0,1,1
A,40913020,8,2006,10,2010,R8KCNT,R10KCNT,1.0,1.0,weekly,weekly,0.0,maintained_weekly,1.0,0.0,1.0,1.0,1,1
A,40964020,8,2006,10,2010,R8KCNT,R10KCNT,1.0,1.0,weekly,weekly,0.0,maintained_weekly,1.0,1.0,1.0,1.0,1,1
A,40993010,8,2006,10,2010,R8KCNT,R10KCNT,1.0,1.0,weekly,weekly,0.0,maintained_weekly,0.0,0.0,1.0,1.0,1,1
A,40993040,8,2006,10,2010,R8KCNT,R10KCNT,1.0,0.0,weekly,less_than_weekly,-1.0,decreased_below_weekly,1.0,0.0,0.0,0.0,1,0
A,41018010,8,2006,10,2010,R8KCNT,R10KCNT,1.0,0.0,weekly,less_than_weekly,-1.0,decreased_below_weekly,0.0,0.0,1.0,0.0,1,0
A,41018020,8,2006,10,2010,R8KCNT,R10KCNT,1.0,1.0,weekly,weekly,0.0,maintained_weekly,0.0,0.0,1.0,1.0,1,1
A,41027010,8,2006,10,2010,R8KCNT,R10KCNT,0.0,0.0,less_than_weekly,less_than_weekly,0.0,persistently_below_weekly,0.0,0.0,0.0,0.0,0,0
A,41027020,8,2006,10,2010,R8KCNT,R10KCNT,0.0,0.0,less_than_weekly,less_than_weekly,0.0,persistently_below_weekly,0.0,0.0,0.0,0.0,0,0
A,41037010,8,2006,10,2010,R8KCNT,R10KCNT,,,no_children,no_children,,,,,,,.k,.k
A,41037040,8,2006,10,2010,R8KCNT,R10KCNT,1.0,1.0,weekly,weekly,0.0,maintained_weekly,1.0,0.0,1.0,1.0,1,1
A,41046010,8,2006,10,2010,R8KCNT,R10KCNT,1.0,1.0,weekly,weekly,0.0,maintained_weekly,1.0,0.0,1.0,1.0,1,1
A,41046020,8,2006,10,2010,R8KCNT,R10KCNT,1.0,1.0,weekly,weekly,0.0,maintained_weekly,1.0,0.0,1.0,1.0,1,1
A,41047010,8,2006,10,2010,R8KCNT,R10KCNT,1.0,1.0,weekly,weekly,0.0,maintained_weekly,1.0,0.0,1.0,1.0,1,1
A,41047011,8,2006,10,2010,R8KCNT,R10KCNT,,1.0,not_interviewed_or_plain_missing,weekly,,,,0.0,,1.0,.,1
A,41067010,8,2006,10,2010,R8KCNT,R10KCNT,1.0,1.0,weekly,weekly,0.0,maintained_weekly,0.0,0.0,1.0,1.0,1,1
A,41067040,8,2006,10,2010,R8KCNT,R10KCNT,1.0,1.0,weekly,weekly,0.0,maintained_weekly,0.0,0.0,1.0,1.0,1,1
A,41173010,8,2006,10,2010,R8KCNT,R10KCNT,1.0,1.0,weekly,weekly,0.0,maintained_weekly,1.0,0.0,1.0,1.0,1,1
A,41173020,8,2006,10,2010,R8KCNT,R10KCNT,1.0,1.0,weekly,weekly,0.0,maintained_weekly,1.0,0.0,1.0,1.0,1,1
A,41193010,8,2006,10,2010,R8KCNT,R10KCNT,1.0,1.0,weekly,weekly,0.0,maintained_weekly,1.0,0.0,1.0,1.0,1,1
A,41222010,8,2006,10,2010,R8KCNT,R10KCNT,1.0,,weekly,no_children,,,0.0,,1.0,,1,.k
A,41229010,8,2006,10,2010,R8KCNT,R10KCNT,1.0,1.0,weekly,weekly,0.0,maintained_weekly,0.0,1.0,1.0,1.0,1,1
A,41229020,8,2006,10,2010,R8KCNT,R10KCNT,1.0,1.0,weekly,weekly,0.0,maintained_weekly,0.0,0.0,1.0,1.0,1,1
A,41240010,8,2006,10,2010,R8KCNT,R10KCNT,1.0,1.0,weekly,weekly,0.0,maintained_weekly,1.0,1.0,1.0,1.0,1,1
A,41325010,8,2006,10,2010,R8KCNT,R10KCNT,1.0,1.0,weekly,weekly,0.0,maintained_weekly,0.0,0.0,1.0,1.0,1,1
A,41325040,8,2006,10,2010,R8KCNT,R10KCNT,1.0,1.0,weekly,weekly,0.0,maintained_weekly,0.0,0.0,1.0,1.0,1,1
A,41342010,8,2006,10,2010,R8KCNT,R10KCNT,1.0,1.0,weekly,weekly,0.0,maintained_weekly,1.0,0.0,1.0,1.0,1,1
A,41342020,8,2006,10,2010,R8KCNT,R10KCNT,1.0,0.0,weekly,less_than_weekly,-1.0,decreased_below_weekly,1.0,0.0,1.0,0.0,1,0
A,41350010,8,2006,10,2010,R8KCNT,R10KCNT,0.0,1.0,less_than_weekly,weekly,1.0,increased_to_weekly,0.0,1.0,0.0,1.0,0,1
A,41350020,8,2006,10,2010,R8KCNT,R10KCNT,,1.0,missing_response,weekly,,,,1.0,,1.0,.m,1
A,41367010,8,2006,10,2010,R8KCNT,R10KCNT,,1.0,leave_behind_not_completed_or_ineligible,weekly,,,,0.0,,1.0,.l,1
A,41367020,8,2006,10,2010,R8KCNT,R10KCNT,0.0,1.0,less_than_weekly,weekly,1.0,increased_to_weekly,0.0,0.0,0.0,1.0,0,1
A,41380010,8,2006,10,2010,R8KCNT,R10KCNT,1.0,0.0,weekly,less_than_weekly,-1.0,decreased_below_weekly,0.0,0.0,1.0,0.0,1,0
A,41380020,8,2006,10,2010,R8KCNT,R10KCNT,,1.0,leave_behind_not_completed_or_ineligible,weekly,,,,0.0,,1.0,.l,1
A,41382020,8,2006,10,2010,R8KCNT,R10KCNT,1.0,0.0,weekly,less_than_weekly,-1.0,decreased_below_weekly,0.0,0.0,1.0,0.0,1,0
A,41403010,8,2006,10,2010,R8KCNT,R10KCNT,1.0,1.0,weekly,weekly,0.0,maintained_weekly,0.0,1.0,1.0,1.0,1,1
A,41403020,8,2006,10,2010,R8KCNT,R10KCNT,1.0,1.0,weekly,weekly,0.0,maintained_weekly,0.0,0.0,1.0,1.0,1,1
A,41425010,8,2006,10,2010,R8KCNT,R10KCNT,1.0,1.0,weekly,weekly,0.0,maintained_weekly,1.0,1.0,1.0,1.0,1,1
A,41532010,8,2006,10,2010,R8KCNT,R10KCNT,0.0,0.0,less_than_weekly,less_than_weekly,0.0,persistently_below_weekly,0.0,0.0,0.0,0.0,0,0
A,41544010,8,2006,10,2010,R8KCNT,R10KCNT,1.0,1.0,weekly,weekly,0.0,maintained_weekly,1.0,1.0,1.0,1.0,1,1
A,41574040,8,2006,10,2010,R8KCNT,R10KCNT,1.0,0.0,weekly,less_than_weekly,-1.0,decreased_below_weekly,1.0,0.0,1.0,0.0,1,0
A,41623010,8,2006,10,2010,R8KCNT,R10KCNT,1.0,1.0,weekly,weekly,0.0,maintained_weekly,0.0,1.0,1.0,1.0,1,1
A,41670010,8,2006,10,2010,R8KCNT,R10KCNT,0.0,1.0,less_than_weekly,weekly,1.0,increased_to_weekly,0.0,0.0,0.0,1.0,0,1
A,41670020,8,2006,10,2010,R8KCNT,R10KCNT,0.0,1.0,less_than_weekly,weekly,1.0,increased_to_weekly,0.0,1.0,0.0,1.0,0,1
A,41711020,8,2006,10,2010,R8KCNT,R10KCNT,0.0,0.0,less_than_weekly,less_than_weekly,0.0,persistently_below_weekly,0.0,0.0,0.0,0.0,0,0
A,41711030,8,2006,10,2010,R8KCNT,R10KCNT,0.0,0.0,less_than_weekly,less_than_weekly,0.0,persistently_below_weekly,0.0,0.0,0.0,0.0,0,0
A,41723010,8,2006,10,2010,R8KCNT,R10KCNT,,1.0,not_interviewed_or_plain_missing,weekly,,,,1.0,,0.0,.,1
A,41754010,8,2006,10,2010,R8KCNT,R10KCNT,1.0,1.0,weekly,weekly,0.0,maintained_weekly,1.0,0.0,1.0,1.0,1,1
A,41777010,8,2006,10,2010,R8KCNT,R10KCNT,1.0,1.0,weekly,weekly,0.0,maintained_weekly,0.0,1.0,1.0,1.0,1,1
A,41797020,8,2006,10,2010,R8KCNT,R10KCNT,0.0,0.0,less_than_weekly,less_than_weekly,0.0,persistently_below_weekly,0.0,0.0,0.0,0.0,0,0
A,41800010,8,2006,10,2010,R8KCNT,R10KCNT,1.0,1.0,weekly,weekly,0.0,maintained_weekly,1.0,0.0,1.0,1.0,1,1
A,41838010,8,2006,10,2010,R8KCNT,R10KCNT,1.0,1.0,weekly,weekly,0.0,maintained_weekly,0.0,0.0,1.0,1.0,1,1
A,41838020,8,2006,10,2010,R8KCNT,R10KCNT,1.0,1.0,weekly,weekly,0.0,maintained_weekly,0.0,0.0,1.0,1.0,1,1
A,41844040,8,2006,10,2010,R8KCNT,R10KCNT,1.0,1.0,weekly,weekly,0.0,maintained_weekly,0.0,,1.0,1.0,1,1
A,41868020,8,2006,10,2010,R8KCNT,R10KCNT,1.0,1.0,weekly,weekly,0.0,maintained_weekly,0.0,1.0,1.0,1.0,1,1
A,41880010,8,2006,10,2010,R8KCNT,R10KCNT,1.0,1.0,weekly,weekly,0.0,maintained_weekly,0.0,1.0,1.0,1.0,1,1
A,41906010,8,2006,10,2010,R8KCNT,R10KCNT,1.0,1.0,weekly,weekly,0.0,maintained_weekly,1.0,0.0,1.0,1.0,1,1
A,41942010,8,2006,10,2010,R8KCNT,R10KCNT,1.0,1.0,weekly,weekly,0.0,maintained_weekly,0.0,0.0,1.0,1.0,1,1
A,41942040,8,2006,10,2010,R8KCNT,R10KCNT,1.0,1.0,weekly,weekly,0.0,maintained_weekly,0.0,0.0,1.0,1.0,1,1
A,41977010,8,2006,10,2010,R8KCNT,R10KCNT,,,missing_response,leave_behind_not_completed_or_ineligible,,,,,,,.m,.l
A,42050020,8,2006,10,2010,R8KCNT,R10KCNT,0.0,0.0,less_than_weekly,less_than_weekly,0.0,persistently_below_weekly,0.0,0.0,0.0,0.0,0,0
A,42062010,8,2006,10,2010,R8KCNT,R10KCNT,1.0,,weekly,not_interviewed_or_plain_missing,,,1.0,,1.0,,1,.
A,42062020,8,2006,10,2010,R8KCNT,R10KCNT,1.0,,weekly,not_interviewed_or_plain_missing,,,1.0,,1.0,,1,.
A,42120010,8,2006,10,2010,R8KCNT,R10KCNT,,,missing_response,no_children,,,,,,,.m,.k
A,42145010,8,2006,10,2010,R8KCNT,R10KCNT,1.0,,weekly,leave_behind_not_completed_or_ineligible,,,0.0,,1.0,,1,.l
A,42151010,8,2006,10,2010,R8KCNT,R10KCNT,0.0,,less_than_weekly,leave_behind_not_completed_or_ineligible,,,0.0,,0.0,,0,.l
A,42165010,8,2006,10,2010,R8KCNT,R10KCNT,1.0,1.0,weekly,weekly,0.0,maintained_weekly,1.0,1.0,1.0,1.0,1,1
A,42248010,8,2006,10,2010,R8KCNT,R10KCNT,1.0,,weekly,leave_behind_not_completed_or_ineligible,,,1.0,,1.0,,1,.l
A,42291010,8,2006,10,2010,R8KCNT,R10KCNT,0.0,1.0,less_than_weekly,weekly,1.0,increased_to_weekly,0.0,1.0,0.0,0.0,0,1
A,42294020,8,2006,10,2010,R8KCNT,R10KCNT,1.0,1.0,weekly,weekly,0.0,maintained_weekly,0.0,0.0,1.0,1.0,1,1
A,42327020,8,2006,10,2010,R8KCNT,R10KCNT,,,missing_response,leave_behind_not_completed_or_ineligible,,,,,,,.m,.l
A,42336010,8,2006,10,2010,R8KCNT,R10KCNT,1.0,1.0,weekly,weekly,0.0,maintained_weekly,0.0,1.0,1.0,1.0,1,1
A,42355020,8,2006,10,2010,R8KCNT,R10KCNT,1.0,,weekly,not_interviewed_or_plain_missing,,,0.0,,1.0,,1,.
A,42491010,8,2006,10,2010,R8KCNT,R10KCNT,0.0,1.0,less_than_weekly,weekly,1.0,increased_to_weekly,0.0,0.0,0.0,1.0,0,1
A,42496010,8,2006,10,2010,R8KCNT,R10KCNT,,1.0,leave_behind_not_completed_or_ineligible,weekly,,,,1.0,,1.0,.l,1
A,42496020,8,2006,10,2010,R8KCNT,R10KCNT,,1.0,leave_behind_not_completed_or_ineligible,weekly,,,,0.0,,1.0,.l,1
A,42529020,8,2006,10,2010,R8KCNT,R10KCNT,1.0,1.0,weekly,weekly,0.0,maintained_weekly,0.0,1.0,1.0,0.0,1,1
A,42529030,8,2006,10,2010,R8KCNT,R10KCNT,1.0,1.0,weekly,weekly,0.0,maintained_weekly,0.0,0.0,1.0,1.0,1,1
A,42534020,8,2006,10,2010,R8KCNT,R10KCNT,1.0,1.0,weekly,weekly,0.0,maintained_weekly,1.0,0.0,1.0,1.0,1,1
A,42549010,8,2006,10,2010,R8KCNT,R10KCNT,,1.0,not_interviewed_or_plain_missing,weekly,,,,0.0,,1.0,.,1
A,42565010,8,2006,10,2010,R8KCNT,R10KCNT,0.0,0.0,less_than_weekly,less_than_weekly,0.0,persistently_below_weekly,0.0,0.0,0.0,0.0,0,0
A,42583010,8,2006,10,2010,R8KCNT,R10KCNT,1.0,0.0,weekly,less_than_weekly,-1.0,decreased_below_weekly,0.0,0.0,1.0,0.0,1,0
A,42583040,8,2006,10,2010,R8KCNT,R10KCNT,1.0,0.0,weekly,less_than_weekly,-1.0,decreased_below_weekly,,0.0,1.0,0.0,1,0
A,42656010,8,2006,10,2010,R8KCNT,R10KCNT,1.0,1.0,weekly,weekly,0.0,maintained_weekly,1.0,1.0,1.0,1.0,1,1
A,42667020,8,2006,10,2010,R8KCNT,R10KCNT,1.0,1.0,weekly,weekly,0.0,maintained_weekly,0.0,,1.0,1.0,1,1
A,42667030,8,2006,10,2010,R8KCNT,R10KCNT,1.0,1.0,weekly,weekly,0.0,maintained_weekly,0.0,0.0,1.0,1.0,1,1
A,42753010,8,2006,10,2010,R8KCNT,R10KCNT,0.0,0.0,less_than_weekly,less_than_weekly,0.0,persistently_below_weekly,0.0,0.0,0.0,0.0,0,0
A,42753020,8,2006,10,2010,R8KCNT,R10KCNT,1.0,1.0,weekly,weekly,0.0,maintained_weekly,0.0,0.0,1.0,1.0,1,1
A,42758011,8,2006,10,2010,R8KCNT,R10KCNT,1.0,1.0,weekly,weekly,0.0,maintained_weekly,1.0,1.0,1.0,1.0,1,1
A,42844010,8,2006,10,2010,R8KCNT,R10KCNT,1.0,1.0,weekly,weekly,0.0,maintained_weekly,0.0,0.0,1.0,1.0,1,1
A,42844020,8,2006,10,2010,R8KCNT,R10KCNT,1.0,1.0,weekly,weekly,0.0,maintained_weekly,0.0,0.0,1.0,1.0,1,1
A,42884010,8,2006,10,2010,R8KCNT,R10KCNT,,,missing_response,missing_response,,,,,,,.m,.m
A,42941020,8,2006,10,2010,R8KCNT,R10KCNT,1.0,1.0,weekly,weekly,0.0,maintained_weekly,1.0,1.0,1.0,1.0,1,1
A,42943010,8,2006,10,2010,R8KCNT,R10KCNT,1.0,1.0,weekly,weekly,0.0,maintained_weekly,1.0,1.0,1.0,1.0,1,1
A,42943020,8,2006,10,2010,R8KCNT,R10KCNT,1.0,0.0,weekly,less_than_weekly,-1.0,decreased_below_weekly,1.0,0.0,1.0,0.0,1,0
A,43113020,8,2006,10,2010,R8KCNT,R10KCNT,1.0,0.0,weekly,less_than_weekly,-1.0,decreased_below_weekly,1.0,0.0,1.0,0.0,1,0
A,43117010,8,2006,10,2010,R8KCNT,R10KCNT,1.0,1.0,weekly,weekly,0.0,maintained_weekly,0.0,0.0,1.0,1.0,1,1
A,43151010,8,2006,10,2010,R8KCNT,R10KCNT,1.0,1.0,weekly,weekly,0.0,maintained_weekly,1.0,0.0,1.0,1.0,1,1
A,43179010,8,2006,10,2010,R8KCNT,R10KCNT,1.0,0.0,weekly,less_than_weekly,-1.0,decreased_below_weekly,0.0,0.0,1.0,0.0,1,0
A,43257010,8,2006,10,2010,R8KCNT,R10KCNT,1.0,1.0,weekly,weekly,0.0,maintained_weekly,0.0,0.0,1.0,1.0,1,1
A,43257020,8,2006,10,2010,R8KCNT,R10KCNT,0.0,0.0,less_than_weekly,less_than_weekly,0.0,persistently_below_weekly,0.0,0.0,0.0,0.0,0,0
A,43292010,8,2006,10,2010,R8KCNT,R10KCNT,1.0,,weekly,no_children,,,0.0,,1.0,,1,.k
A,43292040,8,2006,10,2010,R8KCNT,R10KCNT,1.0,1.0,weekly,weekly,0.0,maintained_weekly,0.0,0.0,1.0,1.0,1,1
A,43295010,8,2006,10,2010,R8KCNT,R10KCNT,1.0,0.0,weekly,less_than_weekly,-1.0,decreased_below_weekly,0.0,0.0,1.0,0.0,1,0
A,43350010,8,2006,10,2010,R8KCNT,R10KCNT,1.0,1.0,weekly,weekly,0.0,maintained_weekly,1.0,,1.0,1.0,1,1
A,43372010,8,2006,10,2010,R8KCNT,R10KCNT,1.0,,weekly,leave_behind_not_completed_or_ineligible,,,0.0,,1.0,,1,.l
A,43372020,8,2006,10,2010,R8KCNT,R10KCNT,1.0,,weekly,leave_behind_not_completed_or_ineligible,,,0.0,,1.0,,1,.l
A,43459010,8,2006,10,2010,R8KCNT,R10KCNT,1.0,1.0,weekly,weekly,0.0,maintained_weekly,1.0,1.0,1.0,1.0,1,1
A,43468010,8,2006,10,2010,R8KCNT,R10KCNT,1.0,1.0,weekly,weekly,0.0,maintained_weekly,1.0,1.0,1.0,1.0,1,1
A,43494010,8,2006,10,2010,R8KCNT,R10KCNT,1.0,1.0,weekly,weekly,0.0,maintained_weekly,0.0,1.0,1.0,1.0,1,1
A,43497010,8,2006,10,2010,R8KCNT,R10KCNT,1.0,1.0,weekly,weekly,0.0,maintained_weekly,0.0,0.0,1.0,1.0,1,1
A,43520020,8,2006,10,2010,R8KCNT,R10KCNT,1.0,,weekly,no_children,,,1.0,,1.0,,1,.k
A,43520030,8,2006,10,2010,R8KCNT,R10KCNT,1.0,1.0,weekly,weekly,0.0,maintained_weekly,1.0,1.0,1.0,0.0,1,1
A,43586010,8,2006,10,2010,R8KCNT,R10KCNT,1.0,1.0,weekly,weekly,0.0,maintained_weekly,0.0,1.0,1.0,1.0,1,1
A,43586020,8,2006,10,2010,R8KCNT,R10KCNT,1.0,1.0,weekly,weekly,0.0,maintained_weekly,1.0,1.0,1.0,1.0,1,1
A,43606020,8,2006,10,2010,R8KCNT,R10KCNT,1.0,,weekly,leave_behind_not_completed_or_ineligible,,,0.0,,1.0,,1,.l
A,43762010,8,2006,10,2010,R8KCNT,R10KCNT,1.0,1.0,weekly,weekly,0.0,maintained_weekly,1.0,1.0,1.0,1.0,1,1
A,43764012,8,2006,10,2010,R8KCNT,R10KCNT,1.0,1.0,weekly,weekly,0.0,maintained_weekly,1.0,1.0,1.0,1.0,1,1
A,43769010,8,2006,10,2010,R8KCNT,R10KCNT,1.0,1.0,weekly,weekly,0.0,maintained_weekly,1.0,1.0,1.0,1.0,1,1
A,43769020,8,2006,10,2010,R8KCNT,R10KCNT,1.0,1.0,weekly,weekly,0.0,maintained_weekly,1.0,1.0,1.0,1.0,1,1
A,43771010,8,2006,10,2010,R8KCNT,R10KCNT,1.0,1.0,weekly,weekly,0.0,maintained_weekly,1.0,1.0,1.0,1.0,1,1
A,43771040,8,2006,10,2010,R8KCNT,R10KCNT,1.0,1.0,weekly,weekly,0.0,maintained_weekly,1.0,0.0,1.0,1.0,1,1
A,43787010,8,2006,10,2010,R8KCNT,R10KCNT,1.0,1.0,weekly,weekly,0.0,maintained_weekly,1.0,0.0,1.0,1.0,1,1
A,43787020,8,2006,10,2010,R8KCNT,R10KCNT,1.0,1.0,weekly,weekly,0.0,maintained_weekly,1.0,1.0,1.0,1.0,1,1
A,43809010,8,2006,10,2010,R8KCNT,R10KCNT,1.0,1.0,weekly,weekly,0.0,maintained_weekly,1.0,0.0,1.0,1.0,1,1
A,43809020,8,2006,10,2010,R8KCNT,R10KCNT,1.0,1.0,weekly,weekly,0.0,maintained_weekly,1.0,0.0,1.0,1.0,1,1
A,43811020,8,2006,10,2010,R8KCNT,R10KCNT,1.0,1.0,weekly,weekly,0.0,maintained_weekly,1.0,1.0,1.0,1.0,1,1
A,43870010,8,2006,10,2010,R8KCNT,R10KCNT,1.0,1.0,weekly,weekly,0.0,maintained_weekly,1.0,0.0,1.0,1.0,1,1
A,43906010,8,2006,10,2010,R8KCNT,R10KCNT,1.0,0.0,weekly,less_than_weekly,-1.0,decreased_below_weekly,1.0,0.0,1.0,0.0,1,0
A,43906020,8,2006,10,2010,R8KCNT,R10KCNT,1.0,1.0,weekly,weekly,0.0,maintained_weekly,0.0,0.0,1.0,1.0,1,1
A,43926010,8,2006,10,2010,R8KCNT,R10KCNT,1.0,,weekly,leave_behind_not_completed_or_ineligible,,,1.0,,1.0,,1,.l
A,43943010,8,2006,10,2010,R8KCNT,R10KCNT,1.0,1.0,weekly,weekly,0.0,maintained_weekly,0.0,1.0,1.0,1.0,1,1
A,43984010,8,2006,10,2010,R8KCNT,R10KCNT,,,no_children,no_children,,,,,,,.k,.k
A,44051020,8,2006,10,2010,R8KCNT,R10KCNT,,,no_children,no_children,,,,,,,.k,.k
A,44095010,8,2006,10,2010,R8KCNT,R10KCNT,1.0,1.0,weekly,weekly,0.0,maintained_weekly,1.0,1.0,1.0,1.0,1,1
A,44095020,8,2006,10,2010,R8KCNT,R10KCNT,1.0,1.0,weekly,weekly,0.0,maintained_weekly,0.0,1.0,1.0,1.0,1,1
A,44104010,8,2006,10,2010,R8KCNT,R10KCNT,1.0,1.0,weekly,weekly,0.0,maintained_weekly,1.0,0.0,1.0,1.0,1,1
A,44104020,8,2006,10,2010,R8KCNT,R10KCNT,1.0,1.0,weekly,weekly,0.0,maintained_weekly,0.0,0.0,1.0,1.0,1,1
A,44135010,8,2006,10,2010,R8KCNT,R10KCNT,1.0,1.0,weekly,weekly,0.0,maintained_weekly,0.0,0.0,1.0,1.0,1,1
A,44135040,8,2006,10,2010,R8KCNT,R10KCNT,1.0,1.0,weekly,weekly,0.0,maintained_weekly,0.0,0.0,1.0,1.0,1,1
A,44141020,8,2006,10,2010,R8KCNT,R10KCNT,1.0,1.0,weekly,weekly,0.0,maintained_weekly,1.0,0.0,1.0,1.0,1,1
A,44169020,8,2006,10,2010,R8KCNT,R10KCNT,1.0,1.0,weekly,weekly,0.0,maintained_weekly,1.0,1.0,1.0,1.0,1,1
A,44169030,8,2006,10,2010,R8KCNT,R10KCNT,0.0,1.0,less_than_weekly,weekly,1.0,increased_to_weekly,0.0,0.0,0.0,1.0,0,1
A,44173010,8,2006,10,2010,R8KCNT,R10KCNT,,,missing_response,missing_response,,,,,,,.m,.m
A,44192010,8,2006,10,2010,R8KCNT,R10KCNT,1.0,1.0,weekly,weekly,0.0,maintained_weekly,1.0,1.0,1.0,1.0,1,1
A,44202020,8,2006,10,2010,R8KCNT,R10KCNT,1.0,1.0,weekly,weekly,0.0,maintained_weekly,0.0,0.0,1.0,1.0,1,1
A,44260010,8,2006,10,2010,R8KCNT,R10KCNT,,,missing_response,no_children,,,,,,,.m,.k
A,44260020,8,2006,10,2010,R8KCNT,R10KCNT,,,no_children,no_children,,,,,,,.k,.k
A,44271020,8,2006,10,2010,R8KCNT,R10KCNT,,1.0,leave_behind_not_completed_or_ineligible,weekly,,,,0.0,,1.0,.l,1
A,44300010,8,2006,10,2010,R8KCNT,R10KCNT,,1.0,leave_behind_not_completed_or_ineligible,weekly,,,,1.0,,1.0,.l,1
A,44300020,8,2006,10,2010,R8KCNT,R10KCNT,1.0,1.0,weekly,weekly,0.0,maintained_weekly,1.0,1.0,1.0,1.0,1,1
A,44319010,8,2006,10,2010,R8KCNT,R10KCNT,1.0,,weekly,leave_behind_not_completed_or_ineligible,,,0.0,,1.0,,1,.l
A,44363010,8,2006,10,2010,R8KCNT,R10KCNT,1.0,1.0,weekly,weekly,0.0,maintained_weekly,1.0,0.0,1.0,1.0,1,1
A,44390020,8,2006,10,2010,R8KCNT,R10KCNT,1.0,0.0,weekly,less_than_weekly,-1.0,decreased_below_weekly,0.0,0.0,1.0,0.0,1,0
A,44391010,8,2006,10,2010,R8KCNT,R10KCNT,0.0,0.0,less_than_weekly,less_than_weekly,0.0,persistently_below_weekly,0.0,0.0,0.0,0.0,0,0
A,44392010,8,2006,10,2010,R8KCNT,R10KCNT,1.0,0.0,weekly,less_than_weekly,-1.0,decreased_below_weekly,0.0,0.0,1.0,0.0,1,0
A,44392020,8,2006,10,2010,R8KCNT,R10KCNT,1.0,1.0,weekly,weekly,0.0,maintained_weekly,0.0,0.0,1.0,1.0,1,1
A,44503010,8,2006,10,2010,R8KCNT,R10KCNT,1.0,1.0,weekly,weekly,0.0,maintained_weekly,0.0,0.0,1.0,1.0,1,1
A,44503020,8,2006,10,2010,R8KCNT,R10KCNT,1.0,,weekly,leave_behind_not_completed_or_ineligible,,,,,1.0,,1,.l
A,44506010,8,2006,10,2010,R8KCNT,R10KCNT,1.0,1.0,weekly,weekly,0.0,maintained_weekly,0.0,0.0,1.0,1.0,1,1
A,44535020,8,2006,10,2010,R8KCNT,R10KCNT,1.0,1.0,weekly,weekly,0.0,maintained_weekly,1.0,0.0,1.0,1.0,1,1
A,44580010,8,2006,10,2010,R8KCNT,R10KCNT,1.0,1.0,weekly,weekly,0.0,maintained_weekly,1.0,0.0,1.0,1.0,1,1
A,44604020,8,2006,10,2010,R8KCNT,R10KCNT,1.0,1.0,weekly,weekly,0.0,maintained_weekly,0.0,0.0,1.0,1.0,1,1
A,44658010,8,2006,10,2010,R8KCNT,R10KCNT,1.0,1.0,weekly,weekly,0.0,maintained_weekly,0.0,1.0,1.0,1.0,1,1
A,44679010,8,2006,10,2010,R8KCNT,R10KCNT,1.0,0.0,weekly,less_than_weekly,-1.0,decreased_below_weekly,,0.0,1.0,0.0,1,0
A,44681040,8,2006,10,2010,R8KCNT,R10KCNT,1.0,0.0,weekly,less_than_weekly,-1.0,decreased_below_weekly,0.0,0.0,1.0,0.0,1,0
A,44681041,8,2006,10,2010,R8KCNT,R10KCNT,1.0,1.0,weekly,weekly,0.0,maintained_weekly,1.0,1.0,1.0,1.0,1,1
A,44737030,8,2006,10,2010,R8KCNT,R10KCNT,1.0,1.0,weekly,weekly,0.0,maintained_weekly,1.0,1.0,1.0,1.0,1,1
A,44751010,8,2006,10,2010,R8KCNT,R10KCNT,1.0,1.0,weekly,weekly,0.0,maintained_weekly,1.0,1.0,1.0,1.0,1,1
A,44754010,8,2006,10,2010,R8KCNT,R10KCNT,1.0,1.0,weekly,weekly,0.0,maintained_weekly,1.0,0.0,1.0,1.0,1,1
A,44754020,8,2006,10,2010,R8KCNT,R10KCNT,1.0,1.0,weekly,weekly,0.0,maintained_weekly,1.0,1.0,1.0,1.0,1,1
A,44813010,8,2006,10,2010,R8KCNT,R10KCNT,0.0,0.0,less_than_weekly,less_than_weekly,0.0,persistently_below_weekly,0.0,0.0,0.0,0.0,0,0
A,44813040,8,2006,10,2010,R8KCNT,R10KCNT,0.0,0.0,less_than_weekly,less_than_weekly,0.0,persistently_below_weekly,0.0,0.0,0.0,0.0,0,0
A,44817010,8,2006,10,2010,R8KCNT,R10KCNT,1.0,1.0,weekly,weekly,0.0,maintained_weekly,1.0,1.0,1.0,1.0,1,1
A,44817020,8,2006,10,2010,R8KCNT,R10KCNT,1.0,1.0,weekly,weekly,0.0,maintained_weekly,1.0,1.0,1.0,1.0,1,1
A,44836010,8,2006,10,2010,R8KCNT,R10KCNT,1.0,1.0,weekly,weekly,0.0,maintained_weekly,0.0,0.0,1.0,1.0,1,1
A,44836040,8,2006,10,2010,R8KCNT,R10KCNT,1.0,1.0,weekly,weekly,0.0,maintained_weekly,0.0,1.0,1.0,1.0,1,1
A,44878020,8,2006,10,2010,R8KCNT,R10KCNT,1.0,1.0,weekly,weekly,0.0,maintained_weekly,1.0,1.0,1.0,1.0,1,1
A,44895010,8,2006,10,2010,R8KCNT,R10KCNT,1.0,1.0,weekly,weekly,0.0,maintained_weekly,0.0,0.0,1.0,1.0,1,1
A,44902010,8,2006,10,2010,R8KCNT,R10KCNT,,1.0,leave_behind_not_completed_or_ineligible,weekly,,,,1.0,,1.0,.l,1
A,44910010,8,2006,10,2010,R8KCNT,R10KCNT,1.0,,weekly,leave_behind_not_completed_or_ineligible,,,1.0,,1.0,,1,.l
A,44910020,8,2006,10,2010,R8KCNT,R10KCNT,1.0,,weekly,leave_behind_not_completed_or_ineligible,,,1.0,,1.0,,1,.l
A,44957020,8,2006,10,2010,R8KCNT,R10KCNT,0.0,0.0,less_than_weekly,less_than_weekly,0.0,persistently_below_weekly,0.0,0.0,0.0,0.0,0,0
A,44977010,8,2006,10,2010,R8KCNT,R10KCNT,1.0,1.0,weekly,weekly,0.0,maintained_weekly,1.0,1.0,1.0,1.0,1,1
A,44977040,8,2006,10,2010,R8KCNT,R10KCNT,1.0,1.0,weekly,weekly,0.0,maintained_weekly,0.0,0.0,1.0,1.0,1,1
A,44989010,8,2006,10,2010,R8KCNT,R10KCNT,,,no_children,no_children,,,,,,,.k,.k
A,44994020,8,2006,10,2010,R8KCNT,R10KCNT,0.0,1.0,less_than_weekly,weekly,1.0,increased_to_weekly,0.0,1.0,0.0,1.0,0,1
A,44994030,8,2006,10,2010,R8KCNT,R10KCNT,1.0,1.0,weekly,weekly,0.0,maintained_weekly,1.0,1.0,1.0,1.0,1,1
A,45027010,8,2006,10,2010,R8KCNT,R10KCNT,0.0,0.0,less_than_weekly,less_than_weekly,0.0,persistently_below_weekly,0.0,0.0,0.0,0.0,0,0
A,45027040,8,2006,10,2010,R8KCNT,R10KCNT,0.0,0.0,less_than_weekly,less_than_weekly,0.0,persistently_below_weekly,0.0,0.0,0.0,0.0,0,0
A,45029020,8,2006,10,2010,R8KCNT,R10KCNT,1.0,1.0,weekly,weekly,0.0,maintained_weekly,1.0,1.0,1.0,1.0,1,1
A,45081010,8,2006,10,2010,R8KCNT,R10KCNT,0.0,1.0,less_than_weekly,weekly,1.0,increased_to_weekly,0.0,1.0,0.0,1.0,0,1
A,45081011,8,2006,10,2010,R8KCNT,R10KCNT,0.0,0.0,less_than_weekly,less_than_weekly,0.0,persistently_below_weekly,0.0,0.0,0.0,0.0,0,0
A,45100010,8,2006,10,2010,R8KCNT,R10KCNT,1.0,1.0,weekly,weekly,0.0,maintained_weekly,1.0,1.0,1.0,1.0,1,1
A,45100020,8,2006,10,2010,R8KCNT,R10KCNT,1.0,1.0,weekly,weekly,0.0,maintained_weekly,1.0,1.0,1.0,1.0,1,1
A,45106020,8,2006,10,2010,R8KCNT,R10KCNT,1.0,1.0,weekly,weekly,0.0,maintained_weekly,0.0,1.0,1.0,1.0,1,1
A,45107010,8,2006,10,2010,R8KCNT,R10KCNT,1.0,1.0,weekly,weekly,0.0,maintained_weekly,1.0,1.0,1.0,1.0,1,1
A,45147010,8,2006,10,2010,R8KCNT,R10KCNT,1.0,1.0,weekly,weekly,0.0,maintained_weekly,0.0,1.0,1.0,1.0,1,1
A,45168020,8,2006,10,2010,R8KCNT,R10KCNT,1.0,1.0,weekly,weekly,0.0,maintained_weekly,1.0,1.0,1.0,1.0,1,1
A,45172020,8,2006,10,2010,R8KCNT,R10KCNT,,1.0,no_children,weekly,,,,,,1.0,.k,1
A,45173020,8,2006,10,2010,R8KCNT,R10KCNT,1.0,1.0,weekly,weekly,0.0,maintained_weekly,1.0,1.0,1.0,1.0,1,1
A,45196010,8,2006,10,2010,R8KCNT,R10KCNT,1.0,1.0,weekly,weekly,0.0,maintained_weekly,1.0,1.0,1.0,1.0,1,1
A,45225010,8,2006,10,2010,R8KCNT,R10KCNT,1.0,,weekly,leave_behind_not_completed_or_ineligible,,,0.0,,1.0,,1,.l
A,45225020,8,2006,10,2010,R8KCNT,R10KCNT,1.0,,weekly,leave_behind_not_completed_or_ineligible,,,1.0,,1.0,,1,.l
A,45231010,8,2006,10,2010,R8KCNT,R10KCNT,1.0,1.0,weekly,weekly,0.0,maintained_weekly,1.0,1.0,1.0,1.0,1,1
A,45231020,8,2006,10,2010,R8KCNT,R10KCNT,1.0,1.0,weekly,weekly,0.0,maintained_weekly,1.0,1.0,1.0,1.0,1,1
A,45236020,8,2006,10,2010,R8KCNT,R10KCNT,,1.0,missing_response,weekly,,,,0.0,,1.0,.m,1
A,45236030,8,2006,10,2010,R8KCNT,R10KCNT,,0.0,not_interviewed_or_plain_missing,less_than_weekly,,,,0.0,,0.0,.,0
A,45329010,8,2006,10,2010,R8KCNT,R10KCNT,1.0,1.0,weekly,weekly,0.0,maintained_weekly,0.0,0.0,1.0,1.0,1,1
A,45333010,8,2006,10,2010,R8KCNT,R10KCNT,1.0,1.0,weekly,weekly,0.0,maintained_weekly,0.0,0.0,1.0,1.0,1,1
A,45337010,8,2006,10,2010,R8KCNT,R10KCNT,0.0,1.0,less_than_weekly,weekly,1.0,increased_to_weekly,0.0,0.0,0.0,1.0,0,1
A,45356020,8,2006,10,2010,R8KCNT,R10KCNT,1.0,1.0,weekly,weekly,0.0,maintained_weekly,1.0,1.0,1.0,1.0,1,1
A,45374010,8,2006,10,2010,R8KCNT,R10KCNT,1.0,1.0,weekly,weekly,0.0,maintained_weekly,1.0,0.0,1.0,1.0,1,1
A,45397041,8,2006,10,2010,R8KCNT,R10KCNT,0.0,0.0,less_than_weekly,less_than_weekly,0.0,persistently_below_weekly,0.0,0.0,0.0,0.0,0,0
A,45399010,8,2006,10,2010,R8KCNT,R10KCNT,1.0,0.0,weekly,less_than_weekly,-1.0,decreased_below_weekly,1.0,0.0,1.0,0.0,1,0
A,45399020,8,2006,10,2010,R8KCNT,R10KCNT,1.0,1.0,weekly,weekly,0.0,maintained_weekly,0.0,0.0,1.0,1.0,1,1
A,45413020,8,2006,10,2010,R8KCNT,R10KCNT,,1.0,missing_response,weekly,,,,1.0,,1.0,.m,1
A,45439020,8,2006,10,2010,R8KCNT,R10KCNT,1.0,1.0,weekly,weekly,0.0,maintained_weekly,1.0,1.0,1.0,1.0,1,1
A,45439030,8,2006,10,2010,R8KCNT,R10KCNT,1.0,1.0,weekly,weekly,0.0,maintained_weekly,1.0,1.0,1.0,1.0,1,1
A,45443011,8,2006,10,2010,R8KCNT,R10KCNT,1.0,0.0,weekly,less_than_weekly,-1.0,decreased_below_weekly,1.0,0.0,1.0,0.0,1,0
A,45443020,8,2006,10,2010,R8KCNT,R10KCNT,1.0,1.0,weekly,weekly,0.0,maintained_weekly,0.0,0.0,1.0,1.0,1,1
A,45500010,8,2006,10,2010,R8KCNT,R10KCNT,1.0,0.0,weekly,less_than_weekly,-1.0,decreased_below_weekly,0.0,0.0,1.0,0.0,1,0
A,45500040,8,2006,10,2010,R8KCNT,R10KCNT,1.0,1.0,weekly,weekly,0.0,maintained_weekly,1.0,0.0,1.0,1.0,1,1
A,45505020,8,2006,10,2010,R8KCNT,R10KCNT,0.0,1.0,less_than_weekly,weekly,1.0,increased_to_weekly,0.0,1.0,0.0,1.0,0,1
A,45509010,8,2006,10,2010,R8KCNT,R10KCNT,0.0,0.0,less_than_weekly,less_than_weekly,0.0,persistently_below_weekly,0.0,0.0,0.0,0.0,0,0
A,45509020,8,2006,10,2010,R8KCNT,R10KCNT,0.0,0.0,less_than_weekly,less_than_weekly,0.0,persistently_below_weekly,0.0,0.0,0.0,0.0,0,0
A,45565010,8,2006,10,2010,R8KCNT,R10KCNT,0.0,0.0,less_than_weekly,less_than_weekly,0.0,persistently_below_weekly,0.0,0.0,0.0,0.0,0,0
A,45570010,8,2006,10,2010,R8KCNT,R10KCNT,0.0,0.0,less_than_weekly,less_than_weekly,0.0,persistently_below_weekly,0.0,0.0,0.0,0.0,0,0
A,45612010,8,2006,10,2010,R8KCNT,R10KCNT,1.0,1.0,weekly,weekly,0.0,maintained_weekly,0.0,0.0,1.0,1.0,1,1
A,45612020,8,2006,10,2010,R8KCNT,R10KCNT,1.0,1.0,weekly,weekly,0.0,maintained_weekly,0.0,0.0,1.0,1.0,1,1
A,45613010,8,2006,10,2010,R8KCNT,R10KCNT,1.0,1.0,weekly,weekly,0.0,maintained_weekly,0.0,0.0,1.0,1.0,1,1
A,45613040,8,2006,10,2010,R8KCNT,R10KCNT,1.0,0.0,weekly,less_than_weekly,-1.0,decreased_below_weekly,0.0,0.0,1.0,0.0,1,0
A,45630010,8,2006,10,2010,R8KCNT,R10KCNT,0.0,0.0,less_than_weekly,less_than_weekly,0.0,persistently_below_weekly,0.0,0.0,0.0,0.0,0,0
A,45630020,8,2006,10,2010,R8KCNT,R10KCNT,0.0,0.0,less_than_weekly,less_than_weekly,0.0,persistently_below_weekly,0.0,0.0,0.0,0.0,0,0
A,45630022,8,2006,10,2010,R8KCNT,R10KCNT,1.0,1.0,weekly,weekly,0.0,maintained_weekly,1.0,1.0,1.0,1.0,1,1
A,45699010,8,2006,10,2010,R8KCNT,R10KCNT,1.0,0.0,weekly,less_than_weekly,-1.0,decreased_below_weekly,0.0,0.0,1.0,0.0,1,0
A,45699020,8,2006,10,2010,R8KCNT,R10KCNT,1.0,0.0,weekly,less_than_weekly,-1.0,decreased_below_weekly,0.0,0.0,1.0,0.0,1,0
A,45700010,8,2006,10,2010,R8KCNT,R10KCNT,,,leave_behind_not_completed_or_ineligible,no_children,,,,,,,.l,.k
A,45709010,8,2006,10,2010,R8KCNT,R10KCNT,0.0,0.0,less_than_weekly,less_than_weekly,0.0,persistently_below_weekly,0.0,0.0,0.0,0.0,0,0
A,45742010,8,2006,10,2010,R8KCNT,R10KCNT,1.0,0.0,weekly,less_than_weekly,-1.0,decreased_below_weekly,0.0,0.0,1.0,0.0,1,0
A,45746010,8,2006,10,2010,R8KCNT,R10KCNT,1.0,1.0,weekly,weekly,0.0,maintained_weekly,0.0,,1.0,1.0,1,1
A,45746040,8,2006,10,2010,R8KCNT,R10KCNT,1.0,1.0,weekly,weekly,0.0,maintained_weekly,0.0,0.0,1.0,1.0,1,1
A,45749010,8,2006,10,2010,R8KCNT,R10KCNT,1.0,1.0,weekly,weekly,0.0,maintained_weekly,0.0,0.0,1.0,1.0,1,1
A,45749020,8,2006,10,2010,R8KCNT,R10KCNT,1.0,1.0,weekly,weekly,0.0,maintained_weekly,0.0,0.0,1.0,1.0,1,1
A,45781040,8,2006,10,2010,R8KCNT,R10KCNT,0.0,1.0,less_than_weekly,weekly,1.0,increased_to_weekly,0.0,0.0,0.0,1.0,0,1
A,45867010,8,2006,10,2010,R8KCNT,R10KCNT,,1.0,leave_behind_not_completed_or_ineligible,weekly,,,,0.0,,1.0,.l,1
A,45867020,8,2006,10,2010,R8KCNT,R10KCNT,1.0,1.0,weekly,weekly,0.0,maintained_weekly,0.0,0.0,1.0,1.0,1,1
A,45944010,8,2006,10,2010,R8KCNT,R10KCNT,0.0,0.0,less_than_weekly,less_than_weekly,0.0,persistently_below_weekly,0.0,0.0,0.0,0.0,0,0
A,45944020,8,2006,10,2010,R8KCNT,R10KCNT,1.0,1.0,weekly,weekly,0.0,maintained_weekly,0.0,0.0,1.0,1.0,1,1
A,45949010,8,2006,10,2010,R8KCNT,R10KCNT,1.0,0.0,weekly,less_than_weekly,-1.0,decreased_below_weekly,1.0,0.0,0.0,0.0,1,0
A,45949020,8,2006,10,2010,R8KCNT,R10KCNT,1.0,1.0,weekly,weekly,0.0,maintained_weekly,0.0,1.0,1.0,0.0,1,1
A,45984010,8,2006,10,2010,R8KCNT,R10KCNT,1.0,1.0,weekly,weekly,0.0,maintained_weekly,0.0,1.0,1.0,1.0,1,1
A,45984020,8,2006,10,2010,R8KCNT,R10KCNT,1.0,1.0,weekly,weekly,0.0,maintained_weekly,0.0,0.0,1.0,1.0,1,1
A,45997010,8,2006,10,2010,R8KCNT,R10KCNT,1.0,1.0,weekly,weekly,0.0,maintained_weekly,1.0,1.0,1.0,1.0,1,1
A,45998010,8,2006,10,2010,R8KCNT,R10KCNT,1.0,0.0,weekly,less_than_weekly,-1.0,decreased_below_weekly,0.0,0.0,1.0,0.0,1,0
A,45998040,8,2006,10,2010,R8KCNT,R10KCNT,0.0,0.0,less_than_weekly,less_than_weekly,0.0,persistently_below_weekly,0.0,0.0,0.0,0.0,0,0
A,46074010,8,2006,10,2010,R8KCNT,R10KCNT,1.0,0.0,weekly,less_than_weekly,-1.0,decreased_below_weekly,0.0,0.0,1.0,0.0,1,0
A,46074020,8,2006,10,2010,R8KCNT,R10KCNT,1.0,1.0,weekly,weekly,0.0,maintained_weekly,1.0,1.0,1.0,1.0,1,1
A,46109020,8,2006,10,2010,R8KCNT,R10KCNT,0.0,0.0,less_than_weekly,less_than_weekly,0.0,persistently_below_weekly,0.0,0.0,0.0,0.0,0,0
A,46119030,8,2006,10,2010,R8KCNT,R10KCNT,1.0,1.0,weekly,weekly,0.0,maintained_weekly,0.0,1.0,1.0,1.0,1,1
A,46135010,8,2006,10,2010,R8KCNT,R10KCNT,1.0,1.0,weekly,weekly,0.0,maintained_weekly,1.0,0.0,1.0,1.0,1,1
A,46138010,8,2006,10,2010,R8KCNT,R10KCNT,0.0,0.0,less_than_weekly,less_than_weekly,0.0,persistently_below_weekly,0.0,0.0,0.0,0.0,0,0
A,46138020,8,2006,10,2010,R8KCNT,R10KCNT,1.0,1.0,weekly,weekly,0.0,maintained_weekly,0.0,0.0,1.0,1.0,1,1
A,46163010,8,2006,10,2010,R8KCNT,R10KCNT,1.0,1.0,weekly,weekly,0.0,maintained_weekly,0.0,0.0,1.0,1.0,1,1
A,46219020,8,2006,10,2010,R8KCNT,R10KCNT,0.0,0.0,less_than_weekly,less_than_weekly,0.0,persistently_below_weekly,0.0,0.0,0.0,0.0,0,0
A,46252020,8,2006,10,2010,R8KCNT,R10KCNT,0.0,0.0,less_than_weekly,less_than_weekly,0.0,persistently_below_weekly,0.0,0.0,0.0,0.0,0,0
A,46283010,8,2006,10,2010,R8KCNT,R10KCNT,,1.0,leave_behind_not_completed_or_ineligible,weekly,,,,0.0,,1.0,.l,1
A,46283040,8,2006,10,2010,R8KCNT,R10KCNT,,1.0,leave_behind_not_completed_or_ineligible,weekly,,,,0.0,,1.0,.l,1
A,46291020,8,2006,10,2010,R8KCNT,R10KCNT,1.0,1.0,weekly,weekly,0.0,maintained_weekly,1.0,0.0,1.0,1.0,1,1
A,46321010,8,2006,10,2010,R8KCNT,R10KCNT,1.0,1.0,weekly,weekly,0.0,maintained_weekly,0.0,1.0,1.0,1.0,1,1
A,46391040,8,2006,10,2010,R8KCNT,R10KCNT,0.0,1.0,less_than_weekly,weekly,1.0,increased_to_weekly,0.0,0.0,0.0,1.0,0,1
A,46394010,8,2006,10,2010,R8KCNT,R10KCNT,1.0,1.0,weekly,weekly,0.0,maintained_weekly,0.0,1.0,1.0,0.0,1,1
A,46441010,8,2006,10,2010,R8KCNT,R10KCNT,1.0,1.0,weekly,weekly,0.0,maintained_weekly,1.0,0.0,1.0,1.0,1,1
A,46441020,8,2006,10,2010,R8KCNT,R10KCNT,1.0,1.0,weekly,weekly,0.0,maintained_weekly,1.0,1.0,1.0,1.0,1,1
A,46558010,8,2006,10,2010,R8KCNT,R10KCNT,1.0,,weekly,leave_behind_not_completed_or_ineligible,,,0.0,,1.0,,1,.l
A,46558020,8,2006,10,2010,R8KCNT,R10KCNT,1.0,1.0,weekly,weekly,0.0,maintained_weekly,0.0,0.0,1.0,1.0,1,1
A,46571010,8,2006,10,2010,R8KCNT,R10KCNT,1.0,1.0,weekly,weekly,0.0,maintained_weekly,1.0,0.0,1.0,1.0,1,1
A,46614010,8,2006,10,2010,R8KCNT,R10KCNT,1.0,1.0,weekly,weekly,0.0,maintained_weekly,0.0,0.0,1.0,1.0,1,1
A,46614020,8,2006,10,2010,R8KCNT,R10KCNT,0.0,0.0,less_than_weekly,less_than_weekly,0.0,persistently_below_weekly,0.0,0.0,0.0,0.0,0,0
A,46627040,8,2006,10,2010,R8KCNT,R10KCNT,1.0,1.0,weekly,weekly,0.0,maintained_weekly,0.0,0.0,1.0,1.0,1,1
A,46641020,8,2006,10,2010,R8KCNT,R10KCNT,1.0,1.0,weekly,weekly,0.0,maintained_weekly,0.0,,1.0,1.0,1,1
A,46641030,8,2006,10,2010,R8KCNT,R10KCNT,1.0,1.0,weekly,weekly,0.0,maintained_weekly,0.0,0.0,1.0,1.0,1,1
A,46686020,8,2006,10,2010,R8KCNT,R10KCNT,,,no_children,no_children,,,,,,,.k,.k
A,46686030,8,2006,10,2010,R8KCNT,R10KCNT,1.0,1.0,weekly,weekly,0.0,maintained_weekly,0.0,0.0,1.0,1.0,1,1
A,46760010,8,2006,10,2010,R8KCNT,R10KCNT,1.0,,weekly,leave_behind_not_completed_or_ineligible,,,1.0,,1.0,,1,.l
A,46777010,8,2006,10,2010,R8KCNT,R10KCNT,,0.0,leave_behind_not_completed_or_ineligible,less_than_weekly,,,,0.0,,0.0,.l,0
A,46796010,8,2006,10,2010,R8KCNT,R10KCNT,1.0,1.0,weekly,weekly,0.0,maintained_weekly,0.0,0.0,1.0,1.0,1,1
A,46796020,8,2006,10,2010,R8KCNT,R10KCNT,1.0,1.0,weekly,weekly,0.0,maintained_weekly,0.0,0.0,1.0,1.0,1,1
A,46803020,8,2006,10,2010,R8KCNT,R10KCNT,1.0,1.0,weekly,weekly,0.0,maintained_weekly,1.0,1.0,1.0,1.0,1,1
A,46814040,8,2006,10,2010,R8KCNT,R10KCNT,1.0,1.0,weekly,weekly,0.0,maintained_weekly,1.0,1.0,1.0,1.0,1,1
A,46830010,8,2006,10,2010,R8KCNT,R10KCNT,1.0,1.0,weekly,weekly,0.0,maintained_weekly,1.0,0.0,1.0,1.0,1,1
A,46933020,8,2006,10,2010,R8KCNT,R10KCNT,1.0,1.0,weekly,weekly,0.0,maintained_weekly,0.0,0.0,1.0,1.0,1,1
A,46933030,8,2006,10,2010,R8KCNT,R10KCNT,1.0,1.0,weekly,weekly,0.0,maintained_weekly,0.0,0.0,1.0,1.0,1,1
A,47009010,8,2006,10,2010,R8KCNT,R10KCNT,1.0,1.0,weekly,weekly,0.0,maintained_weekly,1.0,1.0,1.0,1.0,1,1
A,47009020,8,2006,10,2010,R8KCNT,R10KCNT,1.0,1.0,weekly,weekly,0.0,maintained_weekly,1.0,1.0,0.0,1.0,1,1
A,47030020,8,2006,10,2010,R8KCNT,R10KCNT,1.0,1.0,weekly,weekly,0.0,maintained_weekly,1.0,1.0,1.0,1.0,1,1
A,47074020,8,2006,10,2010,R8KCNT,R10KCNT,1.0,1.0,weekly,weekly,0.0,maintained_weekly,1.0,0.0,1.0,1.0,1,1
A,47132010,8,2006,10,2010,R8KCNT,R10KCNT,1.0,,weekly,no_children,,,1.0,,1.0,,1,.k
A,47132011,8,2006,10,2010,R8KCNT,R10KCNT,1.0,1.0,weekly,weekly,0.0,maintained_weekly,0.0,0.0,1.0,1.0,1,1
A,47136020,8,2006,10,2010,R8KCNT,R10KCNT,0.0,1.0,less_than_weekly,weekly,1.0,increased_to_weekly,0.0,1.0,0.0,1.0,0,1
A,47199020,8,2006,10,2010,R8KCNT,R10KCNT,1.0,1.0,weekly,weekly,0.0,maintained_weekly,1.0,0.0,1.0,1.0,1,1
A,47230010,8,2006,10,2010,R8KCNT,R10KCNT,1.0,1.0,weekly,weekly,0.0,maintained_weekly,1.0,1.0,1.0,1.0,1,1
A,47230040,8,2006,10,2010,R8KCNT,R10KCNT,1.0,1.0,weekly,weekly,0.0,maintained_weekly,1.0,1.0,1.0,1.0,1,1
A,47241010,8,2006,10,2010,R8KCNT,R10KCNT,1.0,0.0,weekly,less_than_weekly,-1.0,decreased_below_weekly,0.0,0.0,1.0,0.0,1,0
A,47241011,8,2006,10,2010,R8KCNT,R10KCNT,0.0,0.0,less_than_weekly,less_than_weekly,0.0,persistently_below_weekly,0.0,0.0,0.0,0.0,0,0
A,47254010,8,2006,10,2010,R8KCNT,R10KCNT,1.0,,weekly,no_children,,,1.0,,1.0,,1,.k
A,47254040,8,2006,10,2010,R8KCNT,R10KCNT,1.0,1.0,weekly,weekly,0.0,maintained_weekly,1.0,1.0,1.0,1.0,1,1
A,47295020,8,2006,10,2010,R8KCNT,R10KCNT,1.0,1.0,weekly,weekly,0.0,maintained_weekly,0.0,0.0,1.0,1.0,1,1
A,47344020,8,2006,10,2010,R8KCNT,R10KCNT,0.0,1.0,less_than_weekly,weekly,1.0,increased_to_weekly,0.0,1.0,0.0,1.0,0,1
A,47378010,8,2006,10,2010,R8KCNT,R10KCNT,1.0,1.0,weekly,weekly,0.0,maintained_weekly,1.0,1.0,1.0,1.0,1,1
A,47404030,8,2006,10,2010,R8KCNT,R10KCNT,1.0,1.0,weekly,weekly,0.0,maintained_weekly,1.0,1.0,1.0,1.0,1,1
A,47415010,8,2006,10,2010,R8KCNT,R10KCNT,1.0,1.0,weekly,weekly,0.0,maintained_weekly,1.0,1.0,1.0,1.0,1,1
A,47415040,8,2006,10,2010,R8KCNT,R10KCNT,1.0,1.0,weekly,weekly,0.0,maintained_weekly,1.0,1.0,1.0,1.0,1,1
A,47418010,8,2006,10,2010,R8KCNT,R10KCNT,1.0,,weekly,missing_response,,,1.0,,1.0,,1,.m
A,47477020,8,2006,10,2010,R8KCNT,R10KCNT,1.0,1.0,weekly,weekly,0.0,maintained_weekly,1.0,1.0,1.0,1.0,1,1
A,47477030,8,2006,10,2010,R8KCNT,R10KCNT,1.0,1.0,weekly,weekly,0.0,maintained_weekly,1.0,1.0,1.0,1.0,1,1
A,47565010,8,2006,10,2010,R8KCNT,R10KCNT,0.0,1.0,less_than_weekly,weekly,1.0,increased_to_weekly,0.0,0.0,0.0,1.0,0,1
A,47578010,8,2006,10,2010,R8KCNT,R10KCNT,1.0,1.0,weekly,weekly,0.0,maintained_weekly,0.0,0.0,1.0,1.0,1,1
A,47578020,8,2006,10,2010,R8KCNT,R10KCNT,0.0,1.0,less_than_weekly,weekly,1.0,increased_to_weekly,0.0,0.0,0.0,1.0,0,1
A,47579020,8,2006,10,2010,R8KCNT,R10KCNT,1.0,1.0,weekly,weekly,0.0,maintained_weekly,0.0,0.0,1.0,1.0,1,1
A,47579030,8,2006,10,2010,R8KCNT,R10KCNT,0.0,1.0,less_than_weekly,weekly,1.0,increased_to_weekly,0.0,0.0,0.0,1.0,0,1
A,47582010,8,2006,10,2010,R8KCNT,R10KCNT,0.0,0.0,less_than_weekly,less_than_weekly,0.0,persistently_below_weekly,0.0,0.0,0.0,0.0,0,0
A,47582011,8,2006,10,2010,R8KCNT,R10KCNT,1.0,1.0,weekly,weekly,0.0,maintained_weekly,0.0,0.0,1.0,1.0,1,1
A,47591010,8,2006,10,2010,R8KCNT,R10KCNT,1.0,0.0,weekly,less_than_weekly,-1.0,decreased_below_weekly,0.0,0.0,1.0,0.0,1,0
A,47591040,8,2006,10,2010,R8KCNT,R10KCNT,0.0,1.0,less_than_weekly,weekly,1.0,increased_to_weekly,0.0,0.0,0.0,1.0,0,1
A,47592020,8,2006,10,2010,R8KCNT,R10KCNT,0.0,0.0,less_than_weekly,less_than_weekly,0.0,persistently_below_weekly,0.0,0.0,0.0,0.0,0,0
A,47610010,8,2006,10,2010,R8KCNT,R10KCNT,1.0,1.0,weekly,weekly,0.0,maintained_weekly,1.0,1.0,1.0,1.0,1,1
A,47610040,8,2006,10,2010,R8KCNT,R10KCNT,,0.0,no_children,less_than_weekly,,,,0.0,,0.0,.k,0
A,47619010,8,2006,10,2010,R8KCNT,R10KCNT,0.0,1.0,less_than_weekly,weekly,1.0,increased_to_weekly,0.0,0.0,0.0,1.0,0,1
A,47626010,8,2006,10,2010,R8KCNT,R10KCNT,1.0,,weekly,leave_behind_not_completed_or_ineligible,,,0.0,,1.0,,1,.l
A,47664020,8,2006,10,2010,R8KCNT,R10KCNT,1.0,1.0,weekly,weekly,0.0,maintained_weekly,1.0,1.0,1.0,1.0,1,1
A,47679020,8,2006,10,2010,R8KCNT,R10KCNT,1.0,1.0,weekly,weekly,0.0,maintained_weekly,0.0,0.0,1.0,1.0,1,1
A,47680010,8,2006,10,2010,R8KCNT,R10KCNT,1.0,0.0,weekly,less_than_weekly,-1.0,decreased_below_weekly,0.0,0.0,1.0,0.0,1,0
A,47680020,8,2006,10,2010,R8KCNT,R10KCNT,1.0,,weekly,leave_behind_not_completed_or_ineligible,,,0.0,,1.0,,1,.l
A,47683020,8,2006,10,2010,R8KCNT,R10KCNT,1.0,1.0,weekly,weekly,0.0,maintained_weekly,0.0,1.0,1.0,1.0,1,1
A,47683030,8,2006,10,2010,R8KCNT,R10KCNT,0.0,0.0,less_than_weekly,less_than_weekly,0.0,persistently_below_weekly,0.0,0.0,0.0,0.0,0,0
A,47704010,8,2006,10,2010,R8KCNT,R10KCNT,1.0,1.0,weekly,weekly,0.0,maintained_weekly,1.0,1.0,1.0,1.0,1,1
A,47704020,8,2006,10,2010,R8KCNT,R10KCNT,1.0,1.0,weekly,weekly,0.0,maintained_weekly,1.0,1.0,1.0,1.0,1,1
A,47711020,8,2006,10,2010,R8KCNT,R10KCNT,0.0,1.0,less_than_weekly,weekly,1.0,increased_to_weekly,0.0,0.0,0.0,1.0,0,1
A,47720020,8,2006,10,2010,R8KCNT,R10KCNT,1.0,1.0,weekly,weekly,0.0,maintained_weekly,0.0,1.0,1.0,1.0,1,1
A,47720030,8,2006,10,2010,R8KCNT,R10KCNT,1.0,1.0,weekly,weekly,0.0,maintained_weekly,0.0,1.0,1.0,1.0,1,1
A,47726020,8,2006,10,2010,R8KCNT,R10KCNT,1.0,1.0,weekly,weekly,0.0,maintained_weekly,0.0,1.0,1.0,1.0,1,1
A,47726030,8,2006,10,2010,R8KCNT,R10KCNT,1.0,1.0,weekly,weekly,0.0,maintained_weekly,0.0,0.0,1.0,1.0,1,1
A,47751010,8,2006,10,2010,R8KCNT,R10KCNT,1.0,1.0,weekly,weekly,0.0,maintained_weekly,1.0,0.0,1.0,1.0,1,1
A,47855010,8,2006,10,2010,R8KCNT,R10KCNT,1.0,1.0,weekly,weekly,0.0,maintained_weekly,0.0,1.0,1.0,1.0,1,1
A,47855020,8,2006,10,2010,R8KCNT,R10KCNT,1.0,1.0,weekly,weekly,0.0,maintained_weekly,1.0,1.0,1.0,1.0,1,1
A,47902020,8,2006,10,2010,R8KCNT,R10KCNT,1.0,1.0,weekly,weekly,0.0,maintained_weekly,0.0,0.0,1.0,1.0,1,1
A,47926021,8,2006,10,2010,R8KCNT,R10KCNT,1.0,1.0,weekly,weekly,0.0,maintained_weekly,0.0,1.0,1.0,1.0,1,1
A,48018010,8,2006,10,2010,R8KCNT,R10KCNT,,1.0,leave_behind_not_completed_or_ineligible,weekly,,,,1.0,,1.0,.l,1
A,48018020,8,2006,10,2010,R8KCNT,R10KCNT,,1.0,leave_behind_not_completed_or_ineligible,weekly,,,,0.0,,1.0,.l,1
A,48068010,8,2006,10,2010,R8KCNT,R10KCNT,1.0,1.0,weekly,weekly,0.0,maintained_weekly,1.0,0.0,1.0,1.0,1,1
A,48091010,8,2006,10,2010,R8KCNT,R10KCNT,0.0,0.0,less_than_weekly,less_than_weekly,0.0,persistently_below_weekly,0.0,0.0,0.0,0.0,0,0
A,48091020,8,2006,10,2010,R8KCNT,R10KCNT,1.0,1.0,weekly,weekly,0.0,maintained_weekly,1.0,1.0,1.0,1.0,1,1
A,48131010,8,2006,10,2010,R8KCNT,R10KCNT,1.0,1.0,weekly,weekly,0.0,maintained_weekly,1.0,0.0,1.0,1.0,1,1
A,48174020,8,2006,10,2010,R8KCNT,R10KCNT,1.0,1.0,weekly,weekly,0.0,maintained_weekly,1.0,1.0,1.0,1.0,1,1
A,48275020,8,2006,10,2010,R8KCNT,R10KCNT,1.0,1.0,weekly,weekly,0.0,maintained_weekly,1.0,1.0,1.0,1.0,1,1
A,48314020,8,2006,10,2010,R8KCNT,R10KCNT,1.0,1.0,weekly,weekly,0.0,maintained_weekly,1.0,1.0,1.0,1.0,1,1
A,48314030,8,2006,10,2010,R8KCNT,R10KCNT,1.0,1.0,weekly,weekly,0.0,maintained_weekly,0.0,1.0,1.0,1.0,1,1
A,48404040,8,2006,10,2010,R8KCNT,R10KCNT,1.0,1.0,weekly,weekly,0.0,maintained_weekly,1.0,0.0,1.0,1.0,1,1
A,48410010,8,2006,10,2010,R8KCNT,R10KCNT,0.0,,less_than_weekly,no_children,,,0.0,,0.0,,0,.k
A,48449030,8,2006,10,2010,R8KCNT,R10KCNT,,1.0,not_interviewed_or_plain_missing,weekly,,,,1.0,,1.0,.,1
A,48471010,8,2006,10,2010,R8KCNT,R10KCNT,1.0,1.0,weekly,weekly,0.0,maintained_weekly,0.0,0.0,1.0,1.0,1,1
A,48479010,8,2006,10,2010,R8KCNT,R10KCNT,0.0,0.0,less_than_weekly,less_than_weekly,0.0,persistently_below_weekly,0.0,0.0,0.0,0.0,0,0
A,48479020,8,2006,10,2010,R8KCNT,R10KCNT,0.0,0.0,less_than_weekly,less_than_weekly,0.0,persistently_below_weekly,0.0,0.0,0.0,0.0,0,0
A,48482020,8,2006,10,2010,R8KCNT,R10KCNT,1.0,1.0,weekly,weekly,0.0,maintained_weekly,1.0,1.0,1.0,1.0,1,1
A,48483010,8,2006,10,2010,R8KCNT,R10KCNT,1.0,1.0,weekly,weekly,0.0,maintained_weekly,0.0,1.0,1.0,1.0,1,1
A,48483020,8,2006,10,2010,R8KCNT,R10KCNT,1.0,,weekly,not_interviewed_or_plain_missing,,,0.0,,1.0,,1,.
A,48505010,8,2006,10,2010,R8KCNT,R10KCNT,1.0,1.0,weekly,weekly,0.0,maintained_weekly,0.0,0.0,1.0,1.0,1,1
A,48506010,8,2006,10,2010,R8KCNT,R10KCNT,,,no_children,no_children,,,,,,,.k,.k
A,48507010,8,2006,10,2010,R8KCNT,R10KCNT,1.0,0.0,weekly,less_than_weekly,-1.0,decreased_below_weekly,1.0,0.0,1.0,0.0,1,0
A,48507020,8,2006,10,2010,R8KCNT,R10KCNT,,0.0,no_children,less_than_weekly,,,,0.0,,0.0,.k,0
A,48524020,8,2006,10,2010,R8KCNT,R10KCNT,1.0,1.0,weekly,weekly,0.0,maintained_weekly,0.0,0.0,1.0,1.0,1,1
A,48531020,8,2006,10,2010,R8KCNT,R10KCNT,1.0,1.0,weekly,weekly,0.0,maintained_weekly,0.0,0.0,1.0,1.0,1,1
A,48531030,8,2006,10,2010,R8KCNT,R10KCNT,0.0,1.0,less_than_weekly,weekly,1.0,increased_to_weekly,0.0,1.0,0.0,0.0,0,1
A,48545010,8,2006,10,2010,R8KCNT,R10KCNT,1.0,0.0,weekly,less_than_weekly,-1.0,decreased_below_weekly,0.0,0.0,1.0,0.0,1,0
A,48585020,8,2006,10,2010,R8KCNT,R10KCNT,1.0,1.0,weekly,weekly,0.0,maintained_weekly,0.0,0.0,1.0,1.0,1,1
A,48596030,8,2006,10,2010,R8KCNT,R10KCNT,1.0,1.0,weekly,weekly,0.0,maintained_weekly,1.0,0.0,1.0,1.0,1,1
A,48612010,8,2006,10,2010,R8KCNT,R10KCNT,1.0,1.0,weekly,weekly,0.0,maintained_weekly,0.0,1.0,1.0,1.0,1,1
A,48615010,8,2006,10,2010,R8KCNT,R10KCNT,0.0,1.0,less_than_weekly,weekly,1.0,increased_to_weekly,0.0,0.0,0.0,1.0,0,1
A,48615040,8,2006,10,2010,R8KCNT,R10KCNT,1.0,,weekly,no_children,,,1.0,,1.0,,1,.k
A,48623021,8,2006,10,2010,R8KCNT,R10KCNT,1.0,1.0,weekly,weekly,0.0,maintained_weekly,0.0,1.0,1.0,1.0,1,1
A,48624010,8,2006,10,2010,R8KCNT,R10KCNT,1.0,1.0,weekly,weekly,0.0,maintained_weekly,0.0,0.0,1.0,1.0,1,1
A,48625020,8,2006,10,2010,R8KCNT,R10KCNT,1.0,1.0,weekly,weekly,0.0,maintained_weekly,1.0,1.0,1.0,1.0,1,1
A,48628030,8,2006,10,2010,R8KCNT,R10KCNT,0.0,1.0,less_than_weekly,weekly,1.0,increased_to_weekly,0.0,0.0,0.0,1.0,0,1
A,48629020,8,2006,10,2010,R8KCNT,R10KCNT,1.0,,weekly,leave_behind_not_completed_or_ineligible,,,0.0,,1.0,,1,.l
A,48686020,8,2006,10,2010,R8KCNT,R10KCNT,1.0,1.0,weekly,weekly,0.0,maintained_weekly,0.0,0.0,1.0,1.0,1,1
A,48767010,8,2006,10,2010,R8KCNT,R10KCNT,1.0,1.0,weekly,weekly,0.0,maintained_weekly,1.0,1.0,1.0,1.0,1,1
A,48767020,8,2006,10,2010,R8KCNT,R10KCNT,1.0,1.0,weekly,weekly,0.0,maintained_weekly,1.0,0.0,1.0,1.0,1,1
A,48804010,8,2006,10,2010,R8KCNT,R10KCNT,1.0,1.0,weekly,weekly,0.0,maintained_weekly,1.0,0.0,1.0,1.0,1,1
A,48823010,8,2006,10,2010,R8KCNT,R10KCNT,1.0,1.0,weekly,weekly,0.0,maintained_weekly,1.0,1.0,1.0,1.0,1,1
A,48823020,8,2006,10,2010,R8KCNT,R10KCNT,1.0,1.0,weekly,weekly,0.0,maintained_weekly,1.0,1.0,1.0,1.0,1,1
A,48828010,8,2006,10,2010,R8KCNT,R10KCNT,0.0,0.0,less_than_weekly,less_than_weekly,0.0,persistently_below_weekly,0.0,0.0,0.0,0.0,0,0
A,48828020,8,2006,10,2010,R8KCNT,R10KCNT,0.0,0.0,less_than_weekly,less_than_weekly,0.0,persistently_below_weekly,0.0,0.0,0.0,0.0,0,0
A,48855010,8,2006,10,2010,R8KCNT,R10KCNT,1.0,1.0,weekly,weekly,0.0,maintained_weekly,1.0,1.0,1.0,1.0,1,1
A,48868010,8,2006,10,2010,R8KCNT,R10KCNT,1.0,1.0,weekly,weekly,0.0,maintained_weekly,1.0,1.0,1.0,1.0,1,1
A,48868020,8,2006,10,2010,R8KCNT,R10KCNT,1.0,1.0,weekly,weekly,0.0,maintained_weekly,1.0,1.0,1.0,1.0,1,1
A,48870010,8,2006,10,2010,R8KCNT,R10KCNT,1.0,1.0,weekly,weekly,0.0,maintained_weekly,0.0,0.0,1.0,1.0,1,1
A,48877010,8,2006,10,2010,R8KCNT,R10KCNT,1.0,1.0,weekly,weekly,0.0,maintained_weekly,1.0,1.0,1.0,1.0,1,1
A,48882021,8,2006,10,2010,R8KCNT,R10KCNT,1.0,1.0,weekly,weekly,0.0,maintained_weekly,0.0,0.0,1.0,1.0,1,1
A,48901010,8,2006,10,2010,R8KCNT,R10KCNT,1.0,1.0,weekly,weekly,0.0,maintained_weekly,1.0,0.0,1.0,1.0,1,1
A,48901020,8,2006,10,2010,R8KCNT,R10KCNT,1.0,,weekly,leave_behind_not_completed_or_ineligible,,,1.0,,1.0,,1,.l
A,48938010,8,2006,10,2010,R8KCNT,R10KCNT,1.0,1.0,weekly,weekly,0.0,maintained_weekly,0.0,0.0,1.0,1.0,1,1
A,48938020,8,2006,10,2010,R8KCNT,R10KCNT,1.0,1.0,weekly,weekly,0.0,maintained_weekly,0.0,0.0,1.0,1.0,1,1
A,48982010,8,2006,10,2010,R8KCNT,R10KCNT,1.0,1.0,weekly,weekly,0.0,maintained_weekly,1.0,1.0,1.0,1.0,1,1
A,48982020,8,2006,10,2010,R8KCNT,R10KCNT,0.0,1.0,less_than_weekly,weekly,1.0,increased_to_weekly,0.0,1.0,0.0,1.0,0,1
A,48988020,8,2006,10,2010,R8KCNT,R10KCNT,0.0,0.0,less_than_weekly,less_than_weekly,0.0,persistently_below_weekly,0.0,0.0,0.0,0.0,0,0
A,48995010,8,2006,10,2010,R8KCNT,R10KCNT,1.0,1.0,weekly,weekly,0.0,maintained_weekly,1.0,1.0,1.0,1.0,1,1
A,48995020,8,2006,10,2010,R8KCNT,R10KCNT,1.0,1.0,weekly,weekly,0.0,maintained_weekly,1.0,1.0,1.0,1.0,1,1
A,49093010,8,2006,10,2010,R8KCNT,R10KCNT,0.0,0.0,less_than_weekly,less_than_weekly,0.0,persistently_below_weekly,0.0,0.0,0.0,0.0,0,0
A,49093040,8,2006,10,2010,R8KCNT,R10KCNT,1.0,,weekly,no_children,,,0.0,,1.0,,1,.k
A,49137010,8,2006,10,2010,R8KCNT,R10KCNT,1.0,1.0,weekly,weekly,0.0,maintained_weekly,0.0,0.0,1.0,1.0,1,1
A,49175010,8,2006,10,2010,R8KCNT,R10KCNT,1.0,1.0,weekly,weekly,0.0,maintained_weekly,0.0,0.0,1.0,1.0,1,1
A,49175040,8,2006,10,2010,R8KCNT,R10KCNT,1.0,0.0,weekly,less_than_weekly,-1.0,decreased_below_weekly,0.0,0.0,1.0,0.0,1,0
A,49199010,8,2006,10,2010,R8KCNT,R10KCNT,1.0,1.0,weekly,weekly,0.0,maintained_weekly,0.0,0.0,1.0,1.0,1,1
A,49199020,8,2006,10,2010,R8KCNT,R10KCNT,1.0,1.0,weekly,weekly,0.0,maintained_weekly,0.0,0.0,1.0,1.0,1,1
A,49207020,8,2006,10,2010,R8KCNT,R10KCNT,1.0,1.0,weekly,weekly,0.0,maintained_weekly,1.0,1.0,1.0,1.0,1,1
A,49207030,8,2006,10,2010,R8KCNT,R10KCNT,1.0,1.0,weekly,weekly,0.0,maintained_weekly,1.0,0.0,1.0,1.0,1,1
A,49229010,8,2006,10,2010,R8KCNT,R10KCNT,1.0,1.0,weekly,weekly,0.0,maintained_weekly,0.0,1.0,1.0,1.0,1,1
A,49229020,8,2006,10,2010,R8KCNT,R10KCNT,1.0,1.0,weekly,weekly,0.0,maintained_weekly,1.0,1.0,1.0,1.0,1,1
A,49377010,8,2006,10,2010,R8KCNT,R10KCNT,1.0,1.0,weekly,weekly,0.0,maintained_weekly,0.0,0.0,1.0,1.0,1,1
A,49377020,8,2006,10,2010,R8KCNT,R10KCNT,1.0,1.0,weekly,weekly,0.0,maintained_weekly,0.0,0.0,1.0,1.0,1,1
A,49426010,8,2006,10,2010,R8KCNT,R10KCNT,0.0,0.0,less_than_weekly,less_than_weekly,0.0,persistently_below_weekly,0.0,,0.0,0.0,0,0
A,49442020,8,2006,10,2010,R8KCNT,R10KCNT,1.0,1.0,weekly,weekly,0.0,maintained_weekly,1.0,1.0,1.0,0.0,1,1
A,49448010,8,2006,10,2010,R8KCNT,R10KCNT,1.0,1.0,weekly,weekly,0.0,maintained_weekly,0.0,1.0,1.0,1.0,1,1
A,49504010,8,2006,10,2010,R8KCNT,R10KCNT,1.0,1.0,weekly,weekly,0.0,maintained_weekly,0.0,0.0,1.0,1.0,1,1
A,49504020,8,2006,10,2010,R8KCNT,R10KCNT,1.0,1.0,weekly,weekly,0.0,maintained_weekly,0.0,0.0,1.0,1.0,1,1
A,49512010,8,2006,10,2010,R8KCNT,R10KCNT,1.0,1.0,weekly,weekly,0.0,maintained_weekly,0.0,1.0,1.0,1.0,1,1
A,49531010,8,2006,10,2010,R8KCNT,R10KCNT,1.0,1.0,weekly,weekly,0.0,maintained_weekly,1.0,1.0,1.0,1.0,1,1
A,49531020,8,2006,10,2010,R8KCNT,R10KCNT,1.0,1.0,weekly,weekly,0.0,maintained_weekly,1.0,1.0,1.0,1.0,1,1
A,49542010,8,2006,10,2010,R8KCNT,R10KCNT,0.0,1.0,less_than_weekly,weekly,1.0,increased_to_weekly,0.0,0.0,0.0,1.0,0,1
A,49542040,8,2006,10,2010,R8KCNT,R10KCNT,1.0,1.0,weekly,weekly,0.0,maintained_weekly,1.0,0.0,1.0,1.0,1,1
A,49548010,8,2006,10,2010,R8KCNT,R10KCNT,1.0,1.0,weekly,weekly,0.0,maintained_weekly,1.0,0.0,1.0,1.0,1,1
A,49548040,8,2006,10,2010,R8KCNT,R10KCNT,1.0,1.0,weekly,weekly,0.0,maintained_weekly,0.0,0.0,1.0,1.0,1,1
A,49608040,8,2006,10,2010,R8KCNT,R10KCNT,,,no_children,no_children,,,,,,,.k,.k
A,49645010,8,2006,10,2010,R8KCNT,R10KCNT,1.0,1.0,weekly,weekly,0.0,maintained_weekly,1.0,1.0,1.0,1.0,1,1
A,49661010,8,2006,10,2010,R8KCNT,R10KCNT,1.0,0.0,weekly,less_than_weekly,-1.0,decreased_below_weekly,0.0,0.0,1.0,0.0,1,0
A,49697010,8,2006,10,2010,R8KCNT,R10KCNT,0.0,1.0,less_than_weekly,weekly,1.0,increased_to_weekly,0.0,0.0,0.0,1.0,0,1
A,49697020,8,2006,10,2010,R8KCNT,R10KCNT,1.0,1.0,weekly,weekly,0.0,maintained_weekly,0.0,0.0,1.0,1.0,1,1
A,49701020,8,2006,10,2010,R8KCNT,R10KCNT,1.0,0.0,weekly,less_than_weekly,-1.0,decreased_below_weekly,0.0,0.0,1.0,0.0,1,0
A,49701030,8,2006,10,2010,R8KCNT,R10KCNT,1.0,1.0,weekly,weekly,0.0,maintained_weekly,0.0,0.0,1.0,1.0,1,1
A,49729010,8,2006,10,2010,R8KCNT,R10KCNT,1.0,1.0,weekly,weekly,0.0,maintained_weekly,1.0,0.0,1.0,1.0,1,1
A,49801010,8,2006,10,2010,R8KCNT,R10KCNT,0.0,0.0,less_than_weekly,less_than_weekly,0.0,persistently_below_weekly,0.0,0.0,0.0,0.0,0,0
A,49801020,8,2006,10,2010,R8KCNT,R10KCNT,1.0,1.0,weekly,weekly,0.0,maintained_weekly,0.0,1.0,1.0,1.0,1,1
A,49801021,8,2006,10,2010,R8KCNT,R10KCNT,0.0,1.0,less_than_weekly,weekly,1.0,increased_to_weekly,0.0,0.0,0.0,1.0,0,1
A,50125020,8,2006,10,2010,R8KCNT,R10KCNT,1.0,,weekly,not_interviewed_or_plain_missing,,,0.0,,1.0,,1,.
A,50125021,8,2006,10,2010,R8KCNT,R10KCNT,0.0,1.0,less_than_weekly,weekly,1.0,increased_to_weekly,0.0,0.0,0.0,1.0,0,1
A,50125022,8,2006,10,2010,R8KCNT,R10KCNT,0.0,,less_than_weekly,not_interviewed_or_plain_missing,,,0.0,,0.0,,0,.
A,50138020,8,2006,10,2010,R8KCNT,R10KCNT,0.0,1.0,less_than_weekly,weekly,1.0,increased_to_weekly,0.0,1.0,0.0,1.0,0,1
A,50138030,8,2006,10,2010,R8KCNT,R10KCNT,0.0,0.0,less_than_weekly,less_than_weekly,0.0,persistently_below_weekly,0.0,0.0,0.0,0.0,0,0
A,50143010,8,2006,10,2010,R8KCNT,R10KCNT,1.0,1.0,weekly,weekly,0.0,maintained_weekly,0.0,0.0,1.0,1.0,1,1
A,50143020,8,2006,10,2010,R8KCNT,R10KCNT,1.0,0.0,weekly,less_than_weekly,-1.0,decreased_below_weekly,0.0,0.0,1.0,0.0,1,0
A,50156010,8,2006,10,2010,R8KCNT,R10KCNT,1.0,1.0,weekly,weekly,0.0,maintained_weekly,0.0,0.0,1.0,1.0,1,1
A,50176010,8,2006,10,2010,R8KCNT,R10KCNT,1.0,1.0,weekly,weekly,0.0,maintained_weekly,0.0,0.0,1.0,1.0,1,1
A,50180010,8,2006,10,2010,R8KCNT,R10KCNT,1.0,1.0,weekly,weekly,0.0,maintained_weekly,1.0,0.0,1.0,1.0,1,1
A,50180020,8,2006,10,2010,R8KCNT,R10KCNT,1.0,0.0,weekly,less_than_weekly,-1.0,decreased_below_weekly,1.0,0.0,1.0,0.0,1,0
A,50181010,8,2006,10,2010,R8KCNT,R10KCNT,1.0,1.0,weekly,weekly,0.0,maintained_weekly,0.0,1.0,1.0,1.0,1,1
A,50181020,8,2006,10,2010,R8KCNT,R10KCNT,1.0,1.0,weekly,weekly,0.0,maintained_weekly,0.0,0.0,1.0,1.0,1,1
A,50182010,8,2006,10,2010,R8KCNT,R10KCNT,1.0,0.0,weekly,less_than_weekly,-1.0,decreased_below_weekly,0.0,0.0,1.0,0.0,1,0
A,50182020,8,2006,10,2010,R8KCNT,R10KCNT,0.0,0.0,less_than_weekly,less_than_weekly,0.0,persistently_below_weekly,0.0,0.0,0.0,0.0,0,0
A,50192010,8,2006,10,2010,R8KCNT,R10KCNT,1.0,1.0,weekly,weekly,0.0,maintained_weekly,1.0,1.0,1.0,1.0,1,1
A,50192020,8,2006,10,2010,R8KCNT,R10KCNT,1.0,1.0,weekly,weekly,0.0,maintained_weekly,0.0,0.0,1.0,1.0,1,1
A,50195030,8,2006,10,2010,R8KCNT,R10KCNT,1.0,1.0,weekly,weekly,0.0,maintained_weekly,1.0,0.0,0.0,1.0,1,1
A,50195031,8,2006,10,2010,R8KCNT,R10KCNT,1.0,1.0,weekly,weekly,0.0,maintained_weekly,0.0,0.0,1.0,1.0,1,1
A,50203010,8,2006,10,2010,R8KCNT,R10KCNT,1.0,1.0,weekly,weekly,0.0,maintained_weekly,1.0,1.0,1.0,1.0,1,1
A,50203020,8,2006,10,2010,R8KCNT,R10KCNT,0.0,1.0,less_than_weekly,weekly,1.0,increased_to_weekly,0.0,1.0,0.0,0.0,0,1
A,50223010,8,2006,10,2010,R8KCNT,R10KCNT,1.0,1.0,weekly,weekly,0.0,maintained_weekly,1.0,1.0,1.0,1.0,1,1
A,50223020,8,2006,10,2010,R8KCNT,R10KCNT,1.0,1.0,weekly,weekly,0.0,maintained_weekly,1.0,1.0,1.0,1.0,1,1
A,50232010,8,2006,10,2010,R8KCNT,R10KCNT,0.0,1.0,less_than_weekly,weekly,1.0,increased_to_weekly,0.0,0.0,0.0,1.0,0,1
A,50232020,8,2006,10,2010,R8KCNT,R10KCNT,1.0,,weekly,leave_behind_not_completed_or_ineligible,,,0.0,,1.0,,1,.l
A,50235020,8,2006,10,2010,R8KCNT,R10KCNT,1.0,0.0,weekly,less_than_weekly,-1.0,decreased_below_weekly,0.0,0.0,1.0,0.0,1,0
A,50237040,8,2006,10,2010,R8KCNT,R10KCNT,1.0,1.0,weekly,weekly,0.0,maintained_weekly,0.0,1.0,1.0,1.0,1,1
A,50243010,8,2006,10,2010,R8KCNT,R10KCNT,1.0,1.0,weekly,weekly,0.0,maintained_weekly,0.0,1.0,1.0,1.0,1,1
A,50243020,8,2006,10,2010,R8KCNT,R10KCNT,1.0,1.0,weekly,weekly,0.0,maintained_weekly,0.0,1.0,1.0,1.0,1,1
A,50258020,8,2006,10,2010,R8KCNT,R10KCNT,1.0,1.0,weekly,weekly,0.0,maintained_weekly,1.0,1.0,0.0,0.0,1,1
A,50272040,8,2006,10,2010,R8KCNT,R10KCNT,,1.0,leave_behind_not_completed_or_ineligible,weekly,,,,0.0,,1.0,.l,1
A,50358040,8,2006,10,2010,R8KCNT,R10KCNT,1.0,1.0,weekly,weekly,0.0,maintained_weekly,0.0,0.0,1.0,1.0,1,1
A,50365030,8,2006,10,2010,R8KCNT,R10KCNT,1.0,1.0,weekly,weekly,0.0,maintained_weekly,0.0,0.0,1.0,1.0,1,1
A,50368020,8,2006,10,2010,R8KCNT,R10KCNT,1.0,1.0,weekly,weekly,0.0,maintained_weekly,1.0,0.0,1.0,1.0,1,1
A,50375010,8,2006,10,2010,R8KCNT,R10KCNT,0.0,0.0,less_than_weekly,less_than_weekly,0.0,persistently_below_weekly,0.0,0.0,0.0,0.0,0,0
A,50375020,8,2006,10,2010,R8KCNT,R10KCNT,0.0,0.0,less_than_weekly,less_than_weekly,0.0,persistently_below_weekly,0.0,0.0,0.0,0.0,0,0
A,50376010,8,2006,10,2010,R8KCNT,R10KCNT,1.0,1.0,weekly,weekly,0.0,maintained_weekly,0.0,0.0,1.0,1.0,1,1
A,50376040,8,2006,10,2010,R8KCNT,R10KCNT,1.0,1.0,weekly,weekly,0.0,maintained_weekly,0.0,0.0,1.0,1.0,1,1
A,50380020,8,2006,10,2010,R8KCNT,R10KCNT,1.0,0.0,weekly,less_than_weekly,-1.0,decreased_below_weekly,0.0,0.0,1.0,0.0,1,0
A,50389010,8,2006,10,2010,R8KCNT,R10KCNT,,,no_children,no_children,,,,,,,.k,.k
A,50412010,8,2006,10,2010,R8KCNT,R10KCNT,,1.0,missing_response,weekly,,,,0.0,,1.0,.m,1
A,50412020,8,2006,10,2010,R8KCNT,R10KCNT,1.0,1.0,weekly,weekly,0.0,maintained_weekly,1.0,0.0,1.0,1.0,1,1
A,50428020,8,2006,10,2010,R8KCNT,R10KCNT,1.0,1.0,weekly,weekly,0.0,maintained_weekly,1.0,1.0,1.0,1.0,1,1
A,50437020,8,2006,10,2010,R8KCNT,R10KCNT,0.0,0.0,less_than_weekly,less_than_weekly,0.0,persistently_below_weekly,0.0,0.0,0.0,0.0,0,0
A,50437030,8,2006,10,2010,R8KCNT,R10KCNT,,1.0,not_interviewed_or_plain_missing,weekly,,,,0.0,,1.0,.,1
A,50452010,8,2006,10,2010,R8KCNT,R10KCNT,1.0,1.0,weekly,weekly,0.0,maintained_weekly,0.0,0.0,1.0,1.0,1,1
A,50452020,8,2006,10,2010,R8KCNT,R10KCNT,1.0,0.0,weekly,less_than_weekly,-1.0,decreased_below_weekly,0.0,0.0,1.0,0.0,1,0
A,50456010,8,2006,10,2010,R8KCNT,R10KCNT,1.0,1.0,weekly,weekly,0.0,maintained_weekly,1.0,0.0,1.0,1.0,1,1
A,50456040,8,2006,10,2010,R8KCNT,R10KCNT,1.0,1.0,weekly,weekly,0.0,maintained_weekly,0.0,0.0,1.0,1.0,1,1
A,50473020,8,2006,10,2010,R8KCNT,R10KCNT,1.0,1.0,weekly,weekly,0.0,maintained_weekly,0.0,0.0,1.0,1.0,1,1
A,50488020,8,2006,10,2010,R8KCNT,R10KCNT,1.0,1.0,weekly,weekly,0.0,maintained_weekly,1.0,0.0,1.0,1.0,1,1
A,50528020,8,2006,10,2010,R8KCNT,R10KCNT,1.0,0.0,weekly,less_than_weekly,-1.0,decreased_below_weekly,0.0,0.0,1.0,0.0,1,0
A,50528030,8,2006,10,2010,R8KCNT,R10KCNT,1.0,0.0,weekly,less_than_weekly,-1.0,decreased_below_weekly,0.0,0.0,1.0,0.0,1,0
A,50576020,8,2006,10,2010,R8KCNT,R10KCNT,1.0,0.0,weekly,less_than_weekly,-1.0,decreased_below_weekly,1.0,0.0,1.0,0.0,1,0
A,50583030,8,2006,10,2010,R8KCNT,R10KCNT,1.0,1.0,weekly,weekly,0.0,maintained_weekly,1.0,1.0,1.0,1.0,1,1
A,50587020,8,2006,10,2010,R8KCNT,R10KCNT,,,no_children,no_children,,,,,,,.k,.k
A,50594010,8,2006,10,2010,R8KCNT,R10KCNT,1.0,1.0,weekly,weekly,0.0,maintained_weekly,0.0,0.0,1.0,1.0,1,1
A,50594020,8,2006,10,2010,R8KCNT,R10KCNT,0.0,1.0,less_than_weekly,weekly,1.0,increased_to_weekly,0.0,0.0,0.0,1.0,0,1
A,50598010,8,2006,10,2010,R8KCNT,R10KCNT,1.0,1.0,weekly,weekly,0.0,maintained_weekly,1.0,1.0,1.0,1.0,1,1
A,50600020,8,2006,10,2010,R8KCNT,R10KCNT,0.0,0.0,less_than_weekly,less_than_weekly,0.0,persistently_below_weekly,0.0,0.0,0.0,0.0,0,0
A,50601010,8,2006,10,2010,R8KCNT,R10KCNT,0.0,1.0,less_than_weekly,weekly,1.0,increased_to_weekly,0.0,1.0,0.0,1.0,0,1
A,50601040,8,2006,10,2010,R8KCNT,R10KCNT,1.0,1.0,weekly,weekly,0.0,maintained_weekly,0.0,0.0,1.0,1.0,1,1
A,50606010,8,2006,10,2010,R8KCNT,R10KCNT,1.0,1.0,weekly,weekly,0.0,maintained_weekly,0.0,0.0,1.0,1.0,1,1
A,50622020,8,2006,10,2010,R8KCNT,R10KCNT,1.0,1.0,weekly,weekly,0.0,maintained_weekly,1.0,1.0,1.0,1.0,1,1
A,50631020,8,2006,10,2010,R8KCNT,R10KCNT,0.0,1.0,less_than_weekly,weekly,1.0,increased_to_weekly,0.0,1.0,0.0,1.0,0,1
A,50694010,8,2006,10,2010,R8KCNT,R10KCNT,1.0,0.0,weekly,less_than_weekly,-1.0,decreased_below_weekly,1.0,0.0,1.0,0.0,1,0
A,50708010,8,2006,10,2010,R8KCNT,R10KCNT,1.0,1.0,weekly,weekly,0.0,maintained_weekly,0.0,0.0,1.0,1.0,1,1
A,50709010,8,2006,10,2010,R8KCNT,R10KCNT,1.0,1.0,weekly,weekly,0.0,maintained_weekly,1.0,1.0,1.0,1.0,1,1
A,50746010,8,2006,10,2010,R8KCNT,R10KCNT,1.0,0.0,weekly,less_than_weekly,-1.0,decreased_below_weekly,0.0,0.0,1.0,0.0,1,0
A,50746020,8,2006,10,2010,R8KCNT,R10KCNT,1.0,0.0,weekly,less_than_weekly,-1.0,decreased_below_weekly,1.0,0.0,1.0,0.0,1,0
A,50802010,8,2006,10,2010,R8KCNT,R10KCNT,1.0,1.0,weekly,weekly,0.0,maintained_weekly,1.0,1.0,1.0,1.0,1,1
A,50803010,8,2006,10,2010,R8KCNT,R10KCNT,1.0,1.0,weekly,weekly,0.0,maintained_weekly,1.0,1.0,1.0,1.0,1,1
A,50807010,8,2006,10,2010,R8KCNT,R10KCNT,,1.0,leave_behind_not_completed_or_ineligible,weekly,,,,1.0,,1.0,.l,1
A,50823010,8,2006,10,2010,R8KCNT,R10KCNT,1.0,0.0,weekly,less_than_weekly,-1.0,decreased_below_weekly,0.0,0.0,1.0,0.0,1,0
A,50825010,8,2006,10,2010,R8KCNT,R10KCNT,0.0,0.0,less_than_weekly,less_than_weekly,0.0,persistently_below_weekly,0.0,0.0,0.0,0.0,0,0
A,50852010,8,2006,10,2010,R8KCNT,R10KCNT,1.0,1.0,weekly,weekly,0.0,maintained_weekly,0.0,0.0,1.0,1.0,1,1
A,50853010,8,2006,10,2010,R8KCNT,R10KCNT,1.0,1.0,weekly,weekly,0.0,maintained_weekly,1.0,1.0,1.0,1.0,1,1
A,50853020,8,2006,10,2010,R8KCNT,R10KCNT,1.0,1.0,weekly,weekly,0.0,maintained_weekly,0.0,1.0,1.0,1.0,1,1
A,50861020,8,2006,10,2010,R8KCNT,R10KCNT,1.0,1.0,weekly,weekly,0.0,maintained_weekly,0.0,0.0,1.0,1.0,1,1
A,50861030,8,2006,10,2010,R8KCNT,R10KCNT,0.0,1.0,less_than_weekly,weekly,1.0,increased_to_weekly,0.0,0.0,0.0,1.0,0,1
A,50869020,8,2006,10,2010,R8KCNT,R10KCNT,1.0,1.0,weekly,weekly,0.0,maintained_weekly,1.0,1.0,1.0,1.0,1,1
A,50869030,8,2006,10,2010,R8KCNT,R10KCNT,1.0,1.0,weekly,weekly,0.0,maintained_weekly,1.0,1.0,1.0,1.0,1,1
A,50885010,8,2006,10,2010,R8KCNT,R10KCNT,1.0,1.0,weekly,weekly,0.0,maintained_weekly,1.0,1.0,1.0,1.0,1,1
A,50885040,8,2006,10,2010,R8KCNT,R10KCNT,0.0,0.0,less_than_weekly,less_than_weekly,0.0,persistently_below_weekly,0.0,0.0,0.0,0.0,0,0
A,50890010,8,2006,10,2010,R8KCNT,R10KCNT,0.0,1.0,less_than_weekly,weekly,1.0,increased_to_weekly,0.0,1.0,0.0,1.0,0,1
A,50894020,8,2006,10,2010,R8KCNT,R10KCNT,1.0,1.0,weekly,weekly,0.0,maintained_weekly,0.0,0.0,1.0,1.0,1,1
A,50972040,8,2006,10,2010,R8KCNT,R10KCNT,0.0,1.0,less_than_weekly,weekly,1.0,increased_to_weekly,0.0,1.0,0.0,1.0,0,1
A,50997010,8,2006,10,2010,R8KCNT,R10KCNT,1.0,1.0,weekly,weekly,0.0,maintained_weekly,1.0,1.0,1.0,1.0,1,1
A,50997020,8,2006,10,2010,R8KCNT,R10KCNT,1.0,1.0,weekly,weekly,0.0,maintained_weekly,0.0,0.0,1.0,1.0,1,1
A,51018010,8,2006,10,2010,R8KCNT,R10KCNT,1.0,1.0,weekly,weekly,0.0,maintained_weekly,1.0,1.0,1.0,1.0,1,1
A,51111020,8,2006,10,2010,R8KCNT,R10KCNT,1.0,0.0,weekly,less_than_weekly,-1.0,decreased_below_weekly,0.0,0.0,1.0,0.0,1,0
A,51169010,8,2006,10,2010,R8KCNT,R10KCNT,1.0,1.0,weekly,weekly,0.0,maintained_weekly,0.0,1.0,1.0,1.0,1,1
A,51169020,8,2006,10,2010,R8KCNT,R10KCNT,1.0,1.0,weekly,weekly,0.0,maintained_weekly,1.0,1.0,1.0,1.0,1,1
A,51174030,8,2006,10,2010,R8KCNT,R10KCNT,0.0,0.0,less_than_weekly,less_than_weekly,0.0,persistently_below_weekly,0.0,0.0,0.0,0.0,0,0
A,51185010,8,2006,10,2010,R8KCNT,R10KCNT,0.0,0.0,less_than_weekly,less_than_weekly,0.0,persistently_below_weekly,0.0,0.0,0.0,0.0,0,0
A,51203010,8,2006,10,2010,R8KCNT,R10KCNT,1.0,1.0,weekly,weekly,0.0,maintained_weekly,1.0,1.0,1.0,1.0,1,1
A,51217010,8,2006,10,2010,R8KCNT,R10KCNT,1.0,,weekly,no_children,,,1.0,,1.0,,1,.k
A,51217040,8,2006,10,2010,R8KCNT,R10KCNT,1.0,1.0,weekly,weekly,0.0,maintained_weekly,1.0,1.0,1.0,1.0,1,1
A,51221010,8,2006,10,2010,R8KCNT,R10KCNT,1.0,1.0,weekly,weekly,0.0,maintained_weekly,1.0,0.0,1.0,1.0,1,1
A,51228010,8,2006,10,2010,R8KCNT,R10KCNT,1.0,1.0,weekly,weekly,0.0,maintained_weekly,0.0,1.0,1.0,1.0,1,1
A,51228020,8,2006,10,2010,R8KCNT,R10KCNT,1.0,1.0,weekly,weekly,0.0,maintained_weekly,1.0,0.0,1.0,1.0,1,1
A,51244010,8,2006,10,2010,R8KCNT,R10KCNT,0.0,0.0,less_than_weekly,less_than_weekly,0.0,persistently_below_weekly,0.0,0.0,0.0,0.0,0,0
A,51244020,8,2006,10,2010,R8KCNT,R10KCNT,0.0,0.0,less_than_weekly,less_than_weekly,0.0,persistently_below_weekly,0.0,0.0,0.0,0.0,0,0
A,51273010,8,2006,10,2010,R8KCNT,R10KCNT,1.0,0.0,weekly,less_than_weekly,-1.0,decreased_below_weekly,0.0,0.0,1.0,0.0,1,0
A,51273020,8,2006,10,2010,R8KCNT,R10KCNT,1.0,1.0,weekly,weekly,0.0,maintained_weekly,0.0,1.0,1.0,1.0,1,1
A,51298010,8,2006,10,2010,R8KCNT,R10KCNT,1.0,1.0,weekly,weekly,0.0,maintained_weekly,0.0,0.0,1.0,1.0,1,1
A,51302010,8,2006,10,2010,R8KCNT,R10KCNT,1.0,1.0,weekly,weekly,0.0,maintained_weekly,1.0,1.0,1.0,1.0,1,1
A,51308020,8,2006,10,2010,R8KCNT,R10KCNT,0.0,0.0,less_than_weekly,less_than_weekly,0.0,persistently_below_weekly,0.0,0.0,0.0,0.0,0,0
A,51348020,8,2006,10,2010,R8KCNT,R10KCNT,1.0,,weekly,leave_behind_not_completed_or_ineligible,,,1.0,,1.0,,1,.l
A,51381010,8,2006,10,2010,R8KCNT,R10KCNT,0.0,1.0,less_than_weekly,weekly,1.0,increased_to_weekly,0.0,0.0,0.0,1.0,0,1
A,51476020,8,2006,10,2010,R8KCNT,R10KCNT,1.0,1.0,weekly,weekly,0.0,maintained_weekly,1.0,1.0,1.0,1.0,1,1
A,51479010,8,2006,10,2010,R8KCNT,R10KCNT,1.0,1.0,weekly,weekly,0.0,maintained_weekly,0.0,0.0,1.0,1.0,1,1
A,51479020,8,2006,10,2010,R8KCNT,R10KCNT,1.0,1.0,weekly,weekly,0.0,maintained_weekly,0.0,0.0,1.0,1.0,1,1
A,51500020,8,2006,10,2010,R8KCNT,R10KCNT,1.0,1.0,weekly,weekly,0.0,maintained_weekly,1.0,1.0,1.0,1.0,1,1
A,51500030,8,2006,10,2010,R8KCNT,R10KCNT,1.0,1.0,weekly,weekly,0.0,maintained_weekly,1.0,0.0,1.0,1.0,1,1
A,51515010,8,2006,10,2010,R8KCNT,R10KCNT,1.0,1.0,weekly,weekly,0.0,maintained_weekly,0.0,1.0,1.0,1.0,1,1
A,51522020,8,2006,10,2010,R8KCNT,R10KCNT,1.0,,weekly,leave_behind_not_completed_or_ineligible,,,1.0,,0.0,,1,.l
A,51538010,8,2006,10,2010,R8KCNT,R10KCNT,1.0,1.0,weekly,weekly,0.0,maintained_weekly,1.0,1.0,1.0,1.0,1,1
A,51549010,8,2006,10,2010,R8KCNT,R10KCNT,1.0,1.0,weekly,weekly,0.0,maintained_weekly,1.0,1.0,1.0,1.0,1,1
A,51550020,8,2006,10,2010,R8KCNT,R10KCNT,1.0,1.0,weekly,weekly,0.0,maintained_weekly,1.0,1.0,1.0,1.0,1,1
A,51554030,8,2006,10,2010,R8KCNT,R10KCNT,1.0,1.0,weekly,weekly,0.0,maintained_weekly,1.0,1.0,1.0,1.0,1,1
A,51577010,8,2006,10,2010,R8KCNT,R10KCNT,,1.0,missing_response,weekly,,,,1.0,,1.0,.m,1
A,51577020,8,2006,10,2010,R8KCNT,R10KCNT,1.0,1.0,weekly,weekly,0.0,maintained_weekly,,0.0,1.0,1.0,1,1
A,51596020,8,2006,10,2010,R8KCNT,R10KCNT,1.0,1.0,weekly,weekly,0.0,maintained_weekly,1.0,1.0,1.0,1.0,1,1
A,51639030,8,2006,10,2010,R8KCNT,R10KCNT,1.0,1.0,weekly,weekly,0.0,maintained_weekly,0.0,1.0,1.0,1.0,1,1
A,51640010,8,2006,10,2010,R8KCNT,R10KCNT,1.0,1.0,weekly,weekly,0.0,maintained_weekly,0.0,0.0,1.0,1.0,1,1
A,51655040,8,2006,10,2010,R8KCNT,R10KCNT,0.0,0.0,less_than_weekly,less_than_weekly,0.0,persistently_below_weekly,0.0,0.0,0.0,0.0,0,0
A,51695020,8,2006,10,2010,R8KCNT,R10KCNT,1.0,1.0,weekly,weekly,0.0,maintained_weekly,1.0,1.0,1.0,1.0,1,1
A,51695030,8,2006,10,2010,R8KCNT,R10KCNT,1.0,1.0,weekly,weekly,0.0,maintained_weekly,1.0,1.0,1.0,1.0,1,1
A,51725020,8,2006,10,2010,R8KCNT,R10KCNT,1.0,1.0,weekly,weekly,0.0,maintained_weekly,1.0,1.0,1.0,1.0,1,1
A,51835020,8,2006,10,2010,R8KCNT,R10KCNT,0.0,0.0,less_than_weekly,less_than_weekly,0.0,persistently_below_weekly,0.0,0.0,0.0,0.0,0,0
A,51872020,8,2006,10,2010,R8KCNT,R10KCNT,,1.0,not_interviewed_or_plain_missing,weekly,,,,1.0,,1.0,.,1
A,51890010,8,2006,10,2010,R8KCNT,R10KCNT,0.0,1.0,less_than_weekly,weekly,1.0,increased_to_weekly,0.0,0.0,0.0,1.0,0,1
A,51890011,8,2006,10,2010,R8KCNT,R10KCNT,0.0,0.0,less_than_weekly,less_than_weekly,0.0,persistently_below_weekly,0.0,0.0,0.0,0.0,0,0
A,51908030,8,2006,10,2010,R8KCNT,R10KCNT,,,no_children,no_children,,,,,,,.k,.k
A,51908031,8,2006,10,2010,R8KCNT,R10KCNT,0.0,1.0,less_than_weekly,weekly,1.0,increased_to_weekly,0.0,0.0,0.0,1.0,0,1
A,51991010,8,2006,10,2010,R8KCNT,R10KCNT,1.0,1.0,weekly,weekly,0.0,maintained_weekly,1.0,1.0,1.0,1.0,1,1
A,52010010,8,2006,10,2010,R8KCNT,R10KCNT,0.0,0.0,less_than_weekly,less_than_weekly,0.0,persistently_below_weekly,0.0,0.0,0.0,0.0,0,0
A,52010020,8,2006,10,2010,R8KCNT,R10KCNT,1.0,,weekly,leave_behind_not_completed_or_ineligible,,,0.0,,1.0,,1,.l
A,52037010,8,2006,10,2010,R8KCNT,R10KCNT,0.0,,less_than_weekly,missing_response,,,0.0,,0.0,,0,.m
A,52037011,8,2006,10,2010,R8KCNT,R10KCNT,1.0,1.0,weekly,weekly,0.0,maintained_weekly,0.0,0.0,1.0,1.0,1,1
A,52080010,8,2006,10,2010,R8KCNT,R10KCNT,1.0,0.0,weekly,less_than_weekly,-1.0,decreased_below_weekly,0.0,0.0,1.0,0.0,1,0
A,52082010,8,2006,10,2010,R8KCNT,R10KCNT,1.0,1.0,weekly,weekly,0.0,maintained_weekly,1.0,0.0,1.0,1.0,1,1
A,52082040,8,2006,10,2010,R8KCNT,R10KCNT,1.0,1.0,weekly,weekly,0.0,maintained_weekly,1.0,0.0,1.0,1.0,1,1
A,52112020,8,2006,10,2010,R8KCNT,R10KCNT,1.0,1.0,weekly,weekly,0.0,maintained_weekly,1.0,0.0,1.0,1.0,1,1
A,52149040,8,2006,10,2010,R8KCNT,R10KCNT,1.0,1.0,weekly,weekly,0.0,maintained_weekly,,0.0,1.0,1.0,1,1
A,52180010,8,2006,10,2010,R8KCNT,R10KCNT,1.0,1.0,weekly,weekly,0.0,maintained_weekly,1.0,1.0,1.0,1.0,1,1
A,52188010,8,2006,10,2010,R8KCNT,R10KCNT,1.0,1.0,weekly,weekly,0.0,maintained_weekly,0.0,0.0,1.0,1.0,1,1
A,52191010,8,2006,10,2010,R8KCNT,R10KCNT,0.0,1.0,less_than_weekly,weekly,1.0,increased_to_weekly,0.0,0.0,0.0,1.0,0,1
A,52191020,8,2006,10,2010,R8KCNT,R10KCNT,1.0,1.0,weekly,weekly,0.0,maintained_weekly,0.0,0.0,1.0,1.0,1,1
A,52277010,8,2006,10,2010,R8KCNT,R10KCNT,1.0,1.0,weekly,weekly,0.0,maintained_weekly,0.0,1.0,1.0,1.0,1,1
A,52277040,8,2006,10,2010,R8KCNT,R10KCNT,,1.0,leave_behind_not_completed_or_ineligible,weekly,,,,1.0,,1.0,.l,1
A,52281010,8,2006,10,2010,R8KCNT,R10KCNT,1.0,1.0,weekly,weekly,0.0,maintained_weekly,1.0,0.0,1.0,1.0,1,1
A,52298020,8,2006,10,2010,R8KCNT,R10KCNT,1.0,1.0,weekly,weekly,0.0,maintained_weekly,0.0,0.0,1.0,1.0,1,1
A,52298030,8,2006,10,2010,R8KCNT,R10KCNT,1.0,1.0,weekly,weekly,0.0,maintained_weekly,1.0,1.0,1.0,0.0,1,1
A,52354010,8,2006,10,2010,R8KCNT,R10KCNT,,,no_children,no_children,,,,,,,.k,.k
A,52354020,8,2006,10,2010,R8KCNT,R10KCNT,,,no_children,no_children,,,,,,,.k,.k
A,52361010,8,2006,10,2010,R8KCNT,R10KCNT,0.0,0.0,less_than_weekly,less_than_weekly,0.0,persistently_below_weekly,0.0,0.0,0.0,0.0,0,0
A,52361020,8,2006,10,2010,R8KCNT,R10KCNT,1.0,1.0,weekly,weekly,0.0,maintained_weekly,0.0,0.0,1.0,1.0,1,1
A,52362010,8,2006,10,2010,R8KCNT,R10KCNT,1.0,1.0,weekly,weekly,0.0,maintained_weekly,0.0,0.0,1.0,1.0,1,1
A,52362020,8,2006,10,2010,R8KCNT,R10KCNT,1.0,1.0,weekly,weekly,0.0,maintained_weekly,1.0,1.0,1.0,1.0,1,1
A,52384010,8,2006,10,2010,R8KCNT,R10KCNT,1.0,1.0,weekly,weekly,0.0,maintained_weekly,0.0,0.0,1.0,1.0,1,1
A,52384011,8,2006,10,2010,R8KCNT,R10KCNT,,1.0,not_interviewed_or_plain_missing,weekly,,,,1.0,,1.0,.,1
A,52392011,8,2006,10,2010,R8KCNT,R10KCNT,1.0,1.0,weekly,weekly,0.0,maintained_weekly,0.0,0.0,1.0,1.0,1,1
A,52444010,8,2006,10,2010,R8KCNT,R10KCNT,1.0,,weekly,not_interviewed_or_plain_missing,,,1.0,,1.0,,1,.
A,52444020,8,2006,10,2010,R8KCNT,R10KCNT,1.0,1.0,weekly,weekly,0.0,maintained_weekly,1.0,1.0,1.0,1.0,1,1
A,52455030,8,2006,10,2010,R8KCNT,R10KCNT,1.0,1.0,weekly,weekly,0.0,maintained_weekly,0.0,1.0,1.0,1.0,1,1
A,52470010,8,2006,10,2010,R8KCNT,R10KCNT,,1.0,leave_behind_not_completed_or_ineligible,weekly,,,,1.0,,1.0,.l,1
A,52509020,8,2006,10,2010,R8KCNT,R10KCNT,1.0,1.0,weekly,weekly,0.0,maintained_weekly,1.0,0.0,1.0,1.0,1,1
A,52509030,8,2006,10,2010,R8KCNT,R10KCNT,1.0,1.0,weekly,weekly,0.0,maintained_weekly,1.0,1.0,1.0,1.0,1,1
A,52568020,8,2006,10,2010,R8KCNT,R10KCNT,,0.0,leave_behind_not_completed_or_ineligible,less_than_weekly,,,,0.0,,0.0,.l,0
A,52572010,8,2006,10,2010,R8KCNT,R10KCNT,0.0,1.0,less_than_weekly,weekly,1.0,increased_to_weekly,0.0,1.0,0.0,1.0,0,1
A,52572011,8,2006,10,2010,R8KCNT,R10KCNT,0.0,1.0,less_than_weekly,weekly,1.0,increased_to_weekly,0.0,0.0,0.0,1.0,0,1
A,52573010,8,2006,10,2010,R8KCNT,R10KCNT,1.0,1.0,weekly,weekly,0.0,maintained_weekly,1.0,0.0,1.0,1.0,1,1
A,52573020,8,2006,10,2010,R8KCNT,R10KCNT,1.0,1.0,weekly,weekly,0.0,maintained_weekly,1.0,1.0,1.0,1.0,1,1
A,52645010,8,2006,10,2010,R8KCNT,R10KCNT,1.0,0.0,weekly,less_than_weekly,-1.0,decreased_below_weekly,1.0,0.0,1.0,0.0,1,0
A,52645040,8,2006,10,2010,R8KCNT,R10KCNT,1.0,1.0,weekly,weekly,0.0,maintained_weekly,1.0,0.0,1.0,1.0,1,1
A,52647020,8,2006,10,2010,R8KCNT,R10KCNT,1.0,1.0,weekly,weekly,0.0,maintained_weekly,0.0,0.0,1.0,1.0,1,1
A,52672010,8,2006,10,2010,R8KCNT,R10KCNT,1.0,0.0,weekly,less_than_weekly,-1.0,decreased_below_weekly,1.0,0.0,1.0,0.0,1,0
A,52805020,8,2006,10,2010,R8KCNT,R10KCNT,1.0,,weekly,leave_behind_not_completed_or_ineligible,,,1.0,,1.0,,1,.l
A,52823020,8,2006,10,2010,R8KCNT,R10KCNT,1.0,1.0,weekly,weekly,0.0,maintained_weekly,,0.0,1.0,1.0,1,1
A,52823030,8,2006,10,2010,R8KCNT,R10KCNT,1.0,1.0,weekly,weekly,0.0,maintained_weekly,0.0,0.0,1.0,1.0,1,1
A,52854010,8,2006,10,2010,R8KCNT,R10KCNT,1.0,1.0,weekly,weekly,0.0,maintained_weekly,0.0,0.0,1.0,1.0,1,1
A,52854020,8,2006,10,2010,R8KCNT,R10KCNT,1.0,1.0,weekly,weekly,0.0,maintained_weekly,1.0,1.0,1.0,1.0,1,1
A,52904020,8,2006,10,2010,R8KCNT,R10KCNT,1.0,1.0,weekly,weekly,0.0,maintained_weekly,0.0,0.0,1.0,1.0,1,1
A,52904030,8,2006,10,2010,R8KCNT,R10KCNT,1.0,1.0,weekly,weekly,0.0,maintained_weekly,0.0,0.0,1.0,1.0,1,1
A,52946010,8,2006,10,2010,R8KCNT,R10KCNT,1.0,1.0,weekly,weekly,0.0,maintained_weekly,0.0,0.0,1.0,1.0,1,1
A,52946020,8,2006,10,2010,R8KCNT,R10KCNT,1.0,1.0,weekly,weekly,0.0,maintained_weekly,1.0,1.0,1.0,1.0,1,1
A,52986020,8,2006,10,2010,R8KCNT,R10KCNT,1.0,1.0,weekly,weekly,0.0,maintained_weekly,0.0,0.0,1.0,1.0,1,1
A,53021010,8,2006,10,2010,R8KCNT,R10KCNT,1.0,1.0,weekly,weekly,0.0,maintained_weekly,1.0,1.0,1.0,1.0,1,1
A,53021040,8,2006,10,2010,R8KCNT,R10KCNT,1.0,1.0,weekly,weekly,0.0,maintained_weekly,1.0,1.0,1.0,1.0,1,1
A,53027010,8,2006,10,2010,R8KCNT,R10KCNT,1.0,1.0,weekly,weekly,0.0,maintained_weekly,1.0,1.0,1.0,1.0,1,1
A,53029010,8,2006,10,2010,R8KCNT,R10KCNT,,,no_children,no_children,,,,,,,.k,.k
A,53029011,8,2006,10,2010,R8KCNT,R10KCNT,1.0,1.0,weekly,weekly,0.0,maintained_weekly,0.0,0.0,1.0,1.0,1,1
A,53045010,8,2006,10,2010,R8KCNT,R10KCNT,1.0,1.0,weekly,weekly,0.0,maintained_weekly,,0.0,1.0,1.0,1,1
A,53045020,8,2006,10,2010,R8KCNT,R10KCNT,1.0,1.0,weekly,weekly,0.0,maintained_weekly,1.0,0.0,1.0,1.0,1,1
A,53052010,8,2006,10,2010,R8KCNT,R10KCNT,1.0,1.0,weekly,weekly,0.0,maintained_weekly,1.0,1.0,0.0,1.0,1,1
A,53087020,8,2006,10,2010,R8KCNT,R10KCNT,1.0,1.0,weekly,weekly,0.0,maintained_weekly,1.0,1.0,1.0,1.0,1,1
A,53088010,8,2006,10,2010,R8KCNT,R10KCNT,1.0,1.0,weekly,weekly,0.0,maintained_weekly,1.0,1.0,1.0,1.0,1,1
A,53088040,8,2006,10,2010,R8KCNT,R10KCNT,1.0,1.0,weekly,weekly,0.0,maintained_weekly,1.0,1.0,1.0,1.0,1,1
A,53095010,8,2006,10,2010,R8KCNT,R10KCNT,1.0,1.0,weekly,weekly,0.0,maintained_weekly,1.0,1.0,1.0,1.0,1,1
A,53095041,8,2006,10,2010,R8KCNT,R10KCNT,,0.0,leave_behind_not_completed_or_ineligible,less_than_weekly,,,,0.0,,0.0,.l,0
A,53148030,8,2006,10,2010,R8KCNT,R10KCNT,1.0,0.0,weekly,less_than_weekly,-1.0,decreased_below_weekly,0.0,0.0,1.0,0.0,1,0
A,53158010,8,2006,10,2010,R8KCNT,R10KCNT,0.0,,less_than_weekly,no_children,,,0.0,,0.0,,0,.k
A,53266010,8,2006,10,2010,R8KCNT,R10KCNT,1.0,1.0,weekly,weekly,0.0,maintained_weekly,0.0,1.0,1.0,1.0,1,1
A,53273010,8,2006,10,2010,R8KCNT,R10KCNT,,,no_children,no_children,,,,,,,.k,.k
A,53304010,8,2006,10,2010,R8KCNT,R10KCNT,1.0,1.0,weekly,weekly,0.0,maintained_weekly,0.0,0.0,1.0,1.0,1,1
A,53304020,8,2006,10,2010,R8KCNT,R10KCNT,1.0,0.0,weekly,less_than_weekly,-1.0,decreased_below_weekly,0.0,0.0,1.0,0.0,1,0
A,53352010,8,2006,10,2010,R8KCNT,R10KCNT,1.0,,weekly,leave_behind_not_completed_or_ineligible,,,1.0,,1.0,,1,.l
A,53352020,8,2006,10,2010,R8KCNT,R10KCNT,1.0,,weekly,missing_response,,,1.0,,1.0,,1,.m
A,53482020,8,2006,10,2010,R8KCNT,R10KCNT,1.0,1.0,weekly,weekly,0.0,maintained_weekly,0.0,1.0,1.0,1.0,1,1
A,53493020,8,2006,10,2010,R8KCNT,R10KCNT,,,no_children,no_children,,,,,,,.k,.k
A,53493030,8,2006,10,2010,R8KCNT,R10KCNT,,,no_children,no_children,,,,,,,.k,.k
A,53495010,8,2006,10,2010,R8KCNT,R10KCNT,1.0,0.0,weekly,less_than_weekly,-1.0,decreased_below_weekly,0.0,0.0,1.0,0.0,1,0
A,53525010,8,2006,10,2010,R8KCNT,R10KCNT,1.0,1.0,weekly,weekly,0.0,maintained_weekly,1.0,1.0,1.0,1.0,1,1
A,53536010,8,2006,10,2010,R8KCNT,R10KCNT,,,no_children,no_children,,,,,,,.k,.k
A,53674020,8,2006,10,2010,R8KCNT,R10KCNT,0.0,1.0,less_than_weekly,weekly,1.0,increased_to_weekly,0.0,0.0,0.0,1.0,0,1
A,53764010,8,2006,10,2010,R8KCNT,R10KCNT,0.0,1.0,less_than_weekly,weekly,1.0,increased_to_weekly,0.0,0.0,0.0,1.0,0,1
A,53780010,8,2006,10,2010,R8KCNT,R10KCNT,1.0,0.0,weekly,less_than_weekly,-1.0,decreased_below_weekly,1.0,0.0,1.0,0.0,1,0
A,53782010,8,2006,10,2010,R8KCNT,R10KCNT,1.0,1.0,weekly,weekly,0.0,maintained_weekly,1.0,1.0,1.0,1.0,1,1
A,53782020,8,2006,10,2010,R8KCNT,R10KCNT,1.0,1.0,weekly,weekly,0.0,maintained_weekly,1.0,1.0,1.0,1.0,1,1
A,53788020,8,2006,10,2010,R8KCNT,R10KCNT,1.0,1.0,weekly,weekly,0.0,maintained_weekly,0.0,1.0,1.0,1.0,1,1
A,53788030,8,2006,10,2010,R8KCNT,R10KCNT,1.0,1.0,weekly,weekly,0.0,maintained_weekly,0.0,0.0,1.0,1.0,1,1
A,53813010,8,2006,10,2010,R8KCNT,R10KCNT,1.0,1.0,weekly,weekly,0.0,maintained_weekly,1.0,1.0,0.0,1.0,1,1
A,53846010,8,2006,10,2010,R8KCNT,R10KCNT,,,no_children,no_children,,,,,,,.k,.k
A,53856020,8,2006,10,2010,R8KCNT,R10KCNT,,,no_children,no_children,,,,,,,.k,.k
A,53856030,8,2006,10,2010,R8KCNT,R10KCNT,0.0,0.0,less_than_weekly,less_than_weekly,0.0,persistently_below_weekly,0.0,0.0,0.0,0.0,0,0
A,53879010,8,2006,10,2010,R8KCNT,R10KCNT,1.0,1.0,weekly,weekly,0.0,maintained_weekly,1.0,1.0,1.0,1.0,1,1
A,53879020,8,2006,10,2010,R8KCNT,R10KCNT,1.0,1.0,weekly,weekly,0.0,maintained_weekly,0.0,1.0,1.0,1.0,1,1
A,53882010,8,2006,10,2010,R8KCNT,R10KCNT,0.0,0.0,less_than_weekly,less_than_weekly,0.0,persistently_below_weekly,0.0,0.0,0.0,0.0,0,0
A,53882011,8,2006,10,2010,R8KCNT,R10KCNT,1.0,1.0,weekly,weekly,0.0,maintained_weekly,0.0,0.0,1.0,1.0,1,1
A,53889010,8,2006,10,2010,R8KCNT,R10KCNT,1.0,1.0,weekly,weekly,0.0,maintained_weekly,1.0,1.0,1.0,1.0,1,1
A,53898010,8,2006,10,2010,R8KCNT,R10KCNT,,1.0,leave_behind_not_completed_or_ineligible,weekly,,,,1.0,,1.0,.l,1
A,53910010,8,2006,10,2010,R8KCNT,R10KCNT,0.0,1.0,less_than_weekly,weekly,1.0,increased_to_weekly,0.0,1.0,0.0,1.0,0,1
A,53949010,8,2006,10,2010,R8KCNT,R10KCNT,1.0,1.0,weekly,weekly,0.0,maintained_weekly,0.0,1.0,1.0,1.0,1,1
A,54008010,8,2006,10,2010,R8KCNT,R10KCNT,1.0,0.0,weekly,less_than_weekly,-1.0,decreased_below_weekly,0.0,0.0,1.0,0.0,1,0
A,54017020,8,2006,10,2010,R8KCNT,R10KCNT,1.0,1.0,weekly,weekly,0.0,maintained_weekly,0.0,0.0,1.0,1.0,1,1
A,54053020,8,2006,10,2010,R8KCNT,R10KCNT,1.0,1.0,weekly,weekly,0.0,maintained_weekly,0.0,1.0,1.0,1.0,1,1
A,54082010,8,2006,10,2010,R8KCNT,R10KCNT,1.0,1.0,weekly,weekly,0.0,maintained_weekly,1.0,1.0,1.0,1.0,1,1
A,54082020,8,2006,10,2010,R8KCNT,R10KCNT,1.0,1.0,weekly,weekly,0.0,maintained_weekly,0.0,1.0,1.0,1.0,1,1
A,54098020,8,2006,10,2010,R8KCNT,R10KCNT,0.0,1.0,less_than_weekly,weekly,1.0,increased_to_weekly,0.0,1.0,0.0,0.0,0,1
A,54111020,8,2006,10,2010,R8KCNT,R10KCNT,1.0,1.0,weekly,weekly,0.0,maintained_weekly,0.0,,1.0,1.0,1,1
A,54124010,8,2006,10,2010,R8KCNT,R10KCNT,1.0,1.0,weekly,weekly,0.0,maintained_weekly,0.0,0.0,1.0,1.0,1,1
A,54129010,8,2006,10,2010,R8KCNT,R10KCNT,1.0,1.0,weekly,weekly,0.0,maintained_weekly,1.0,1.0,1.0,1.0,1,1
A,54137010,8,2006,10,2010,R8KCNT,R10KCNT,1.0,1.0,weekly,weekly,0.0,maintained_weekly,1.0,1.0,1.0,1.0,1,1
A,54168010,8,2006,10,2010,R8KCNT,R10KCNT,1.0,,weekly,no_children,,,0.0,,1.0,,1,.k
A,54168020,8,2006,10,2010,R8KCNT,R10KCNT,1.0,1.0,weekly,weekly,0.0,maintained_weekly,0.0,1.0,1.0,1.0,1,1
A,54185020,8,2006,10,2010,R8KCNT,R10KCNT,0.0,1.0,less_than_weekly,weekly,1.0,increased_to_weekly,0.0,1.0,0.0,1.0,0,1
A,54188010,8,2006,10,2010,R8KCNT,R10KCNT,1.0,1.0,weekly,weekly,0.0,maintained_weekly,1.0,0.0,1.0,1.0,1,1
A,54191010,8,2006,10,2010,R8KCNT,R10KCNT,1.0,1.0,weekly,weekly,0.0,maintained_weekly,0.0,0.0,1.0,1.0,1,1
A,54191011,8,2006,10,2010,R8KCNT,R10KCNT,1.0,1.0,weekly,weekly,0.0,maintained_weekly,1.0,1.0,1.0,1.0,1,1
A,54257010,8,2006,10,2010,R8KCNT,R10KCNT,,,no_children,leave_behind_not_completed_or_ineligible,,,,,,,.k,.l
A,54290010,8,2006,10,2010,R8KCNT,R10KCNT,1.0,1.0,weekly,weekly,0.0,maintained_weekly,1.0,,1.0,1.0,1,1
A,54290020,8,2006,10,2010,R8KCNT,R10KCNT,1.0,1.0,weekly,weekly,0.0,maintained_weekly,0.0,0.0,1.0,1.0,1,1
A,54312010,8,2006,10,2010,R8KCNT,R10KCNT,1.0,0.0,weekly,less_than_weekly,-1.0,decreased_below_weekly,1.0,0.0,0.0,0.0,1,0
A,54312040,8,2006,10,2010,R8KCNT,R10KCNT,1.0,0.0,weekly,less_than_weekly,-1.0,decreased_below_weekly,1.0,0.0,1.0,0.0,1,0
A,54336040,8,2006,10,2010,R8KCNT,R10KCNT,,1.0,leave_behind_not_completed_or_ineligible,weekly,,,,0.0,,1.0,.l,1
A,54390020,8,2006,10,2010,R8KCNT,R10KCNT,0.0,0.0,less_than_weekly,less_than_weekly,0.0,persistently_below_weekly,0.0,0.0,0.0,0.0,0,0
A,54390021,8,2006,10,2010,R8KCNT,R10KCNT,,1.0,not_interviewed_or_plain_missing,weekly,,,,0.0,,1.0,.,1
A,54441021,8,2006,10,2010,R8KCNT,R10KCNT,1.0,1.0,weekly,weekly,0.0,maintained_weekly,0.0,0.0,1.0,1.0,1,1
A,54479010,8,2006,10,2010,R8KCNT,R10KCNT,,,leave_behind_not_completed_or_ineligible,no_children,,,,,,,.l,.k
A,54486010,8,2006,10,2010,R8KCNT,R10KCNT,1.0,1.0,weekly,weekly,0.0,maintained_weekly,1.0,1.0,1.0,1.0,1,1
A,54486040,8,2006,10,2010,R8KCNT,R10KCNT,1.0,0.0,weekly,less_than_weekly,-1.0,decreased_below_weekly,0.0,0.0,1.0,0.0,1,0
A,54514010,8,2006,10,2010,R8KCNT,R10KCNT,1.0,1.0,weekly,weekly,0.0,maintained_weekly,0.0,1.0,1.0,1.0,1,1
A,54514040,8,2006,10,2010,R8KCNT,R10KCNT,1.0,1.0,weekly,weekly,0.0,maintained_weekly,0.0,0.0,1.0,1.0,1,1
A,54524010,8,2006,10,2010,R8KCNT,R10KCNT,0.0,,less_than_weekly,missing_response,,,0.0,,0.0,,0,.m
A,54534010,8,2006,10,2010,R8KCNT,R10KCNT,1.0,1.0,weekly,weekly,0.0,maintained_weekly,1.0,0.0,1.0,1.0,1,1
A,54534020,8,2006,10,2010,R8KCNT,R10KCNT,1.0,1.0,weekly,weekly,0.0,maintained_weekly,1.0,1.0,1.0,1.0,1,1
A,54540020,8,2006,10,2010,R8KCNT,R10KCNT,1.0,0.0,weekly,less_than_weekly,-1.0,decreased_below_weekly,1.0,0.0,1.0,0.0,1,0
A,54586010,8,2006,10,2010,R8KCNT,R10KCNT,0.0,1.0,less_than_weekly,weekly,1.0,increased_to_weekly,0.0,1.0,0.0,1.0,0,1
A,54586020,8,2006,10,2010,R8KCNT,R10KCNT,1.0,1.0,weekly,weekly,0.0,maintained_weekly,1.0,1.0,1.0,1.0,1,1
A,54616010,8,2006,10,2010,R8KCNT,R10KCNT,1.0,1.0,weekly,weekly,0.0,maintained_weekly,0.0,0.0,1.0,1.0,1,1
A,54616040,8,2006,10,2010,R8KCNT,R10KCNT,1.0,0.0,weekly,less_than_weekly,-1.0,decreased_below_weekly,0.0,0.0,1.0,0.0,1,0
A,54617010,8,2006,10,2010,R8KCNT,R10KCNT,1.0,,weekly,leave_behind_not_completed_or_ineligible,,,0.0,,1.0,,1,.l
A,54620010,8,2006,10,2010,R8KCNT,R10KCNT,1.0,1.0,weekly,weekly,0.0,maintained_weekly,0.0,1.0,1.0,1.0,1,1
A,54735020,8,2006,10,2010,R8KCNT,R10KCNT,,1.0,leave_behind_not_completed_or_ineligible,weekly,,,,1.0,,1.0,.l,1
A,54741040,8,2006,10,2010,R8KCNT,R10KCNT,0.0,0.0,less_than_weekly,less_than_weekly,0.0,persistently_below_weekly,0.0,0.0,0.0,0.0,0,0
A,54763010,8,2006,10,2010,R8KCNT,R10KCNT,1.0,1.0,weekly,weekly,0.0,maintained_weekly,1.0,1.0,1.0,1.0,1,1
A,54763020,8,2006,10,2010,R8KCNT,R10KCNT,1.0,,weekly,leave_behind_not_completed_or_ineligible,,,1.0,,1.0,,1,.l
A,54818010,8,2006,10,2010,R8KCNT,R10KCNT,1.0,1.0,weekly,weekly,0.0,maintained_weekly,0.0,0.0,1.0,1.0,1,1
A,54829010,8,2006,10,2010,R8KCNT,R10KCNT,1.0,1.0,weekly,weekly,0.0,maintained_weekly,0.0,0.0,1.0,1.0,1,1
A,54829020,8,2006,10,2010,R8KCNT,R10KCNT,1.0,1.0,weekly,weekly,0.0,maintained_weekly,1.0,1.0,1.0,1.0,1,1
A,54932010,8,2006,10,2010,R8KCNT,R10KCNT,0.0,0.0,less_than_weekly,less_than_weekly,0.0,persistently_below_weekly,0.0,0.0,0.0,0.0,0,0
A,54932020,8,2006,10,2010,R8KCNT,R10KCNT,0.0,0.0,less_than_weekly,less_than_weekly,0.0,persistently_below_weekly,0.0,0.0,0.0,0.0,0,0
A,55000010,8,2006,10,2010,R8KCNT,R10KCNT,1.0,0.0,weekly,less_than_weekly,-1.0,decreased_below_weekly,0.0,0.0,1.0,0.0,1,0
A,55000040,8,2006,10,2010,R8KCNT,R10KCNT,,0.0,no_children,less_than_weekly,,,,0.0,,0.0,.k,0
A,55032010,8,2006,10,2010,R8KCNT,R10KCNT,1.0,1.0,weekly,weekly,0.0,maintained_weekly,1.0,1.0,1.0,1.0,1,1
A,55134020,8,2006,10,2010,R8KCNT,R10KCNT,1.0,1.0,weekly,weekly,0.0,maintained_weekly,1.0,1.0,1.0,1.0,1,1
A,55134030,8,2006,10,2010,R8KCNT,R10KCNT,1.0,1.0,weekly,weekly,0.0,maintained_weekly,1.0,1.0,1.0,1.0,1,1
A,55145010,8,2006,10,2010,R8KCNT,R10KCNT,1.0,1.0,weekly,weekly,0.0,maintained_weekly,1.0,0.0,1.0,1.0,1,1
A,55197020,8,2006,10,2010,R8KCNT,R10KCNT,,1.0,leave_behind_not_completed_or_ineligible,weekly,,,,0.0,,1.0,.l,1
A,55276010,8,2006,10,2010,R8KCNT,R10KCNT,,,no_children,no_children,,,,,,,.k,.k
A,55363010,8,2006,10,2010,R8KCNT,R10KCNT,1.0,1.0,weekly,weekly,0.0,maintained_weekly,1.0,1.0,1.0,1.0,1,1
A,55363040,8,2006,10,2010,R8KCNT,R10KCNT,1.0,1.0,weekly,weekly,0.0,maintained_weekly,1.0,1.0,1.0,1.0,1,1
A,55403020,8,2006,10,2010,R8KCNT,R10KCNT,1.0,1.0,weekly,weekly,0.0,maintained_weekly,1.0,0.0,1.0,1.0,1,1
A,55403030,8,2006,10,2010,R8KCNT,R10KCNT,1.0,1.0,weekly,weekly,0.0,maintained_weekly,0.0,0.0,1.0,1.0,1,1
A,55439010,8,2006,10,2010,R8KCNT,R10KCNT,1.0,0.0,weekly,less_than_weekly,-1.0,decreased_below_weekly,0.0,0.0,1.0,0.0,1,0
A,55444040,8,2006,10,2010,R8KCNT,R10KCNT,1.0,1.0,weekly,weekly,0.0,maintained_weekly,0.0,1.0,1.0,1.0,1,1
A,55570010,8,2006,10,2010,R8KCNT,R10KCNT,1.0,1.0,weekly,weekly,0.0,maintained_weekly,1.0,1.0,1.0,1.0,1,1
A,55601010,8,2006,10,2010,R8KCNT,R10KCNT,1.0,1.0,weekly,weekly,0.0,maintained_weekly,0.0,0.0,1.0,1.0,1,1
A,55625010,8,2006,10,2010,R8KCNT,R10KCNT,0.0,0.0,less_than_weekly,less_than_weekly,0.0,persistently_below_weekly,0.0,0.0,0.0,0.0,0,0
A,55633030,8,2006,10,2010,R8KCNT,R10KCNT,0.0,0.0,less_than_weekly,less_than_weekly,0.0,persistently_below_weekly,0.0,0.0,0.0,0.0,0,0
A,55633031,8,2006,10,2010,R8KCNT,R10KCNT,1.0,1.0,weekly,weekly,0.0,maintained_weekly,1.0,1.0,1.0,1.0,1,1
A,55720010,8,2006,10,2010,R8KCNT,R10KCNT,1.0,1.0,weekly,weekly,0.0,maintained_weekly,1.0,0.0,1.0,1.0,1,1
A,55720020,8,2006,10,2010,R8KCNT,R10KCNT,1.0,1.0,weekly,weekly,0.0,maintained_weekly,1.0,0.0,1.0,1.0,1,1
A,55721020,8,2006,10,2010,R8KCNT,R10KCNT,1.0,1.0,weekly,weekly,0.0,maintained_weekly,1.0,0.0,1.0,1.0,1,1
A,55975020,8,2006,10,2010,R8KCNT,R10KCNT,1.0,,weekly,leave_behind_not_completed_or_ineligible,,,0.0,,1.0,,1,.l
A,56010010,8,2006,10,2010,R8KCNT,R10KCNT,1.0,0.0,weekly,less_than_weekly,-1.0,decreased_below_weekly,0.0,0.0,1.0,0.0,1,0
A,56010020,8,2006,10,2010,R8KCNT,R10KCNT,1.0,1.0,weekly,weekly,0.0,maintained_weekly,0.0,0.0,1.0,1.0,1,1
A,56030012,8,2006,10,2010,R8KCNT,R10KCNT,1.0,1.0,weekly,weekly,0.0,maintained_weekly,1.0,1.0,1.0,1.0,1,1
A,56043010,8,2006,10,2010,R8KCNT,R10KCNT,,1.0,missing_response,weekly,,,,0.0,,1.0,.m,1
A,56051010,8,2006,10,2010,R8KCNT,R10KCNT,1.0,1.0,weekly,weekly,0.0,maintained_weekly,1.0,0.0,1.0,1.0,1,1
A,56061010,8,2006,10,2010,R8KCNT,R10KCNT,1.0,1.0,weekly,weekly,0.0,maintained_weekly,1.0,0.0,1.0,1.0,1,1
A,56061020,8,2006,10,2010,R8KCNT,R10KCNT,1.0,1.0,weekly,weekly,0.0,maintained_weekly,0.0,0.0,1.0,1.0,1,1
A,56104020,8,2006,10,2010,R8KCNT,R10KCNT,1.0,1.0,weekly,weekly,0.0,maintained_weekly,1.0,0.0,1.0,1.0,1,1
A,56117020,8,2006,10,2010,R8KCNT,R10KCNT,,,no_children,no_children,,,,,,,.k,.k
A,56156010,8,2006,10,2010,R8KCNT,R10KCNT,0.0,0.0,less_than_weekly,less_than_weekly,0.0,persistently_below_weekly,0.0,0.0,0.0,0.0,0,0
A,56162030,8,2006,10,2010,R8KCNT,R10KCNT,0.0,0.0,less_than_weekly,less_than_weekly,0.0,persistently_below_weekly,0.0,0.0,0.0,0.0,0,0
A,56164010,8,2006,10,2010,R8KCNT,R10KCNT,1.0,1.0,weekly,weekly,0.0,maintained_weekly,0.0,1.0,1.0,1.0,1,1
A,56164020,8,2006,10,2010,R8KCNT,R10KCNT,1.0,1.0,weekly,weekly,0.0,maintained_weekly,1.0,1.0,1.0,1.0,1,1
A,56211040,8,2006,10,2010,R8KCNT,R10KCNT,1.0,1.0,weekly,weekly,0.0,maintained_weekly,1.0,0.0,1.0,1.0,1,1
A,56215020,8,2006,10,2010,R8KCNT,R10KCNT,1.0,1.0,weekly,weekly,0.0,maintained_weekly,1.0,0.0,1.0,1.0,1,1
A,56215030,8,2006,10,2010,R8KCNT,R10KCNT,1.0,1.0,weekly,weekly,0.0,maintained_weekly,1.0,1.0,1.0,1.0,1,1
A,56296010,8,2006,10,2010,R8KCNT,R10KCNT,0.0,0.0,less_than_weekly,less_than_weekly,0.0,persistently_below_weekly,0.0,0.0,0.0,0.0,0,0
A,56296020,8,2006,10,2010,R8KCNT,R10KCNT,0.0,0.0,less_than_weekly,less_than_weekly,0.0,persistently_below_weekly,0.0,0.0,0.0,0.0,0,0
A,56323010,8,2006,10,2010,R8KCNT,R10KCNT,0.0,0.0,less_than_weekly,less_than_weekly,0.0,persistently_below_weekly,0.0,0.0,0.0,0.0,0,0
A,56323011,8,2006,10,2010,R8KCNT,R10KCNT,1.0,1.0,weekly,weekly,0.0,maintained_weekly,0.0,1.0,1.0,1.0,1,1
A,56425010,8,2006,10,2010,R8KCNT,R10KCNT,1.0,1.0,weekly,weekly,0.0,maintained_weekly,1.0,,1.0,1.0,1,1
A,56429010,8,2006,10,2010,R8KCNT,R10KCNT,1.0,,weekly,leave_behind_not_completed_or_ineligible,,,1.0,,1.0,,1,.l
A,56458010,8,2006,10,2010,R8KCNT,R10KCNT,1.0,1.0,weekly,weekly,0.0,maintained_weekly,0.0,0.0,1.0,1.0,1,1
A,56489010,8,2006,10,2010,R8KCNT,R10KCNT,1.0,1.0,weekly,weekly,0.0,maintained_weekly,1.0,,1.0,1.0,1,1
A,56550010,8,2006,10,2010,R8KCNT,R10KCNT,1.0,1.0,weekly,weekly,0.0,maintained_weekly,1.0,1.0,1.0,1.0,1,1
A,56550040,8,2006,10,2010,R8KCNT,R10KCNT,0.0,1.0,less_than_weekly,weekly,1.0,increased_to_weekly,0.0,0.0,0.0,1.0,0,1
A,56562010,8,2006,10,2010,R8KCNT,R10KCNT,1.0,,weekly,leave_behind_not_completed_or_ineligible,,,1.0,,1.0,,1,.l
A,56566020,8,2006,10,2010,R8KCNT,R10KCNT,,0.0,leave_behind_not_completed_or_ineligible,less_than_weekly,,,,0.0,,0.0,.l,0
A,56566030,8,2006,10,2010,R8KCNT,R10KCNT,0.0,0.0,less_than_weekly,less_than_weekly,0.0,persistently_below_weekly,0.0,0.0,0.0,0.0,0,0
A,56639020,8,2006,10,2010,R8KCNT,R10KCNT,1.0,1.0,weekly,weekly,0.0,maintained_weekly,1.0,1.0,1.0,0.0,1,1
A,56651010,8,2006,10,2010,R8KCNT,R10KCNT,1.0,,weekly,leave_behind_not_completed_or_ineligible,,,1.0,,,,1,.l
A,56651011,8,2006,10,2010,R8KCNT,R10KCNT,1.0,,weekly,leave_behind_not_completed_or_ineligible,,,0.0,,1.0,,1,.l
A,56678010,8,2006,10,2010,R8KCNT,R10KCNT,,,leave_behind_not_completed_or_ineligible,missing_response,,,,,,,.l,.m
A,56712010,8,2006,10,2010,R8KCNT,R10KCNT,1.0,1.0,weekly,weekly,0.0,maintained_weekly,1.0,1.0,1.0,1.0,1,1
A,56747010,8,2006,10,2010,R8KCNT,R10KCNT,1.0,0.0,weekly,less_than_weekly,-1.0,decreased_below_weekly,0.0,0.0,1.0,0.0,1,0
A,56747020,8,2006,10,2010,R8KCNT,R10KCNT,0.0,1.0,less_than_weekly,weekly,1.0,increased_to_weekly,0.0,0.0,0.0,1.0,0,1
A,56753010,8,2006,10,2010,R8KCNT,R10KCNT,,,no_children,no_children,,,,,,,.k,.k
A,56754010,8,2006,10,2010,R8KCNT,R10KCNT,1.0,1.0,weekly,weekly,0.0,maintained_weekly,1.0,1.0,1.0,1.0,1,1
A,56778010,8,2006,10,2010,R8KCNT,R10KCNT,,1.0,leave_behind_not_completed_or_ineligible,weekly,,,,1.0,,1.0,.l,1
A,56835010,8,2006,10,2010,R8KCNT,R10KCNT,,,leave_behind_not_completed_or_ineligible,missing_response,,,,,,,.l,.m
A,56955012,8,2006,10,2010,R8KCNT,R10KCNT,1.0,1.0,weekly,weekly,0.0,maintained_weekly,1.0,1.0,1.0,1.0,1,1
A,56991030,8,2006,10,2010,R8KCNT,R10KCNT,0.0,0.0,less_than_weekly,less_than_weekly,0.0,persistently_below_weekly,0.0,0.0,0.0,0.0,0,0
A,57026020,8,2006,10,2010,R8KCNT,R10KCNT,,0.0,leave_behind_not_completed_or_ineligible,less_than_weekly,,,,0.0,,0.0,.l,0
A,57026021,8,2006,10,2010,R8KCNT,R10KCNT,1.0,1.0,weekly,weekly,0.0,maintained_weekly,0.0,1.0,1.0,1.0,1,1
A,57045010,8,2006,10,2010,R8KCNT,R10KCNT,0.0,1.0,less_than_weekly,weekly,1.0,increased_to_weekly,0.0,0.0,0.0,1.0,0,1
A,57093010,8,2006,10,2010,R8KCNT,R10KCNT,1.0,1.0,weekly,weekly,0.0,maintained_weekly,0.0,0.0,1.0,1.0,1,1
A,57117010,8,2006,10,2010,R8KCNT,R10KCNT,1.0,1.0,weekly,weekly,0.0,maintained_weekly,0.0,0.0,1.0,1.0,1,1
A,57117020,8,2006,10,2010,R8KCNT,R10KCNT,1.0,1.0,weekly,weekly,0.0,maintained_weekly,1.0,0.0,1.0,1.0,1,1
A,57284020,8,2006,10,2010,R8KCNT,R10KCNT,,1.0,not_interviewed_or_plain_missing,weekly,,,,1.0,,1.0,.,1
A,57296010,8,2006,10,2010,R8KCNT,R10KCNT,0.0,,less_than_weekly,no_children,,,0.0,,0.0,,0,.k
A,57296020,8,2006,10,2010,R8KCNT,R10KCNT,1.0,1.0,weekly,weekly,0.0,maintained_weekly,0.0,0.0,1.0,1.0,1,1
A,57339020,8,2006,10,2010,R8KCNT,R10KCNT,0.0,0.0,less_than_weekly,less_than_weekly,0.0,persistently_below_weekly,0.0,0.0,0.0,0.0,0,0
A,57339021,8,2006,10,2010,R8KCNT,R10KCNT,1.0,1.0,weekly,weekly,0.0,maintained_weekly,0.0,0.0,1.0,1.0,1,1
A,57417010,8,2006,10,2010,R8KCNT,R10KCNT,1.0,1.0,weekly,weekly,0.0,maintained_weekly,0.0,1.0,1.0,1.0,1,1
A,57506010,8,2006,10,2010,R8KCNT,R10KCNT,1.0,1.0,weekly,weekly,0.0,maintained_weekly,1.0,0.0,1.0,1.0,1,1
A,57509010,8,2006,10,2010,R8KCNT,R10KCNT,1.0,1.0,weekly,weekly,0.0,maintained_weekly,1.0,1.0,1.0,1.0,1,1
A,57509020,8,2006,10,2010,R8KCNT,R10KCNT,1.0,1.0,weekly,weekly,0.0,maintained_weekly,1.0,1.0,1.0,1.0,1,1
A,57511010,8,2006,10,2010,R8KCNT,R10KCNT,1.0,1.0,weekly,weekly,0.0,maintained_weekly,0.0,1.0,1.0,1.0,1,1
A,57511040,8,2006,10,2010,R8KCNT,R10KCNT,1.0,1.0,weekly,weekly,0.0,maintained_weekly,1.0,1.0,0.0,1.0,1,1
A,57516040,8,2006,10,2010,R8KCNT,R10KCNT,1.0,1.0,weekly,weekly,0.0,maintained_weekly,1.0,1.0,1.0,1.0,1,1
A,57629010,8,2006,10,2010,R8KCNT,R10KCNT,1.0,1.0,weekly,weekly,0.0,maintained_weekly,1.0,1.0,1.0,1.0,1,1
A,57644040,8,2006,10,2010,R8KCNT,R10KCNT,,,not_interviewed_or_plain_missing,no_children,,,,,,,.,.k
A,57669010,8,2006,10,2010,R8KCNT,R10KCNT,,,no_children,no_children,,,,,,,.k,.k
A,57714010,8,2006,10,2010,R8KCNT,R10KCNT,1.0,1.0,weekly,weekly,0.0,maintained_weekly,1.0,1.0,1.0,1.0,1,1
A,57714040,8,2006,10,2010,R8KCNT,R10KCNT,1.0,1.0,weekly,weekly,0.0,maintained_weekly,1.0,1.0,1.0,1.0,1,1
A,57894010,8,2006,10,2010,R8KCNT,R10KCNT,1.0,,weekly,leave_behind_not_completed_or_ineligible,,,1.0,,1.0,,1,.l
A,57976010,8,2006,10,2010,R8KCNT,R10KCNT,,,no_children,no_children,,,,,,,.k,.k
A,57976040,8,2006,10,2010,R8KCNT,R10KCNT,0.0,1.0,less_than_weekly,weekly,1.0,increased_to_weekly,0.0,0.0,0.0,1.0,0,1
A,58053010,8,2006,10,2010,R8KCNT,R10KCNT,1.0,1.0,weekly,weekly,0.0,maintained_weekly,1.0,1.0,1.0,1.0,1,1
A,58064010,8,2006,10,2010,R8KCNT,R10KCNT,0.0,1.0,less_than_weekly,weekly,1.0,increased_to_weekly,,0.0,0.0,1.0,0,1
A,58098010,8,2006,10,2010,R8KCNT,R10KCNT,1.0,1.0,weekly,weekly,0.0,maintained_weekly,0.0,0.0,1.0,1.0,1,1
A,58137020,8,2006,10,2010,R8KCNT,R10KCNT,,1.0,not_interviewed_or_plain_missing,weekly,,,,0.0,,1.0,.,1
A,58251010,8,2006,10,2010,R8KCNT,R10KCNT,,0.0,no_children,less_than_weekly,,,,0.0,,0.0,.k,0
A,58260010,8,2006,10,2010,R8KCNT,R10KCNT,1.0,1.0,weekly,weekly,0.0,maintained_weekly,1.0,1.0,1.0,1.0,1,1
A,58277040,8,2006,10,2010,R8KCNT,R10KCNT,1.0,1.0,weekly,weekly,0.0,maintained_weekly,0.0,0.0,1.0,1.0,1,1
A,58384030,8,2006,10,2010,R8KCNT,R10KCNT,1.0,,weekly,no_children,,,1.0,,1.0,,1,.k
A,58405010,8,2006,10,2010,R8KCNT,R10KCNT,1.0,1.0,weekly,weekly,0.0,maintained_weekly,0.0,1.0,1.0,1.0,1,1
A,58493010,8,2006,10,2010,R8KCNT,R10KCNT,1.0,,weekly,leave_behind_not_completed_or_ineligible,,,0.0,,1.0,,1,.l
A,58652010,8,2006,10,2010,R8KCNT,R10KCNT,,1.0,leave_behind_not_completed_or_ineligible,weekly,,,,1.0,,1.0,.l,1
A,58752010,8,2006,10,2010,R8KCNT,R10KCNT,,1.0,not_interviewed_or_plain_missing,weekly,,,,1.0,,1.0,.,1
A,58802010,8,2006,10,2010,R8KCNT,R10KCNT,1.0,1.0,weekly,weekly,0.0,maintained_weekly,0.0,0.0,1.0,1.0,1,1
A,58850010,8,2006,10,2010,R8KCNT,R10KCNT,1.0,1.0,weekly,weekly,0.0,maintained_weekly,0.0,1.0,1.0,1.0,1,1
A,58870010,8,2006,10,2010,R8KCNT,R10KCNT,1.0,,weekly,leave_behind_not_completed_or_ineligible,,,1.0,,1.0,,1,.l
A,58881020,8,2006,10,2010,R8KCNT,R10KCNT,1.0,1.0,weekly,weekly,0.0,maintained_weekly,1.0,1.0,1.0,1.0,1,1
A,58888010,8,2006,10,2010,R8KCNT,R10KCNT,1.0,1.0,weekly,weekly,0.0,maintained_weekly,0.0,0.0,1.0,1.0,1,1
A,58958010,8,2006,10,2010,R8KCNT,R10KCNT,0.0,0.0,less_than_weekly,less_than_weekly,0.0,persistently_below_weekly,0.0,0.0,0.0,0.0,0,0
A,59036010,8,2006,10,2010,R8KCNT,R10KCNT,1.0,1.0,weekly,weekly,0.0,maintained_weekly,0.0,0.0,1.0,1.0,1,1
A,59051020,8,2006,10,2010,R8KCNT,R10KCNT,1.0,1.0,weekly,weekly,0.0,maintained_weekly,1.0,1.0,1.0,1.0,1,1
A,59060040,8,2006,10,2010,R8KCNT,R10KCNT,1.0,1.0,weekly,weekly,0.0,maintained_weekly,1.0,1.0,1.0,1.0,1,1
A,59144020,8,2006,10,2010,R8KCNT,R10KCNT,1.0,1.0,weekly,weekly,0.0,maintained_weekly,1.0,0.0,1.0,1.0,1,1
A,59210020,8,2006,10,2010,R8KCNT,R10KCNT,1.0,1.0,weekly,weekly,0.0,maintained_weekly,0.0,0.0,1.0,1.0,1,1
A,59255010,8,2006,10,2010,R8KCNT,R10KCNT,0.0,1.0,less_than_weekly,weekly,1.0,increased_to_weekly,0.0,0.0,0.0,1.0,0,1
A,59256010,8,2006,10,2010,R8KCNT,R10KCNT,1.0,1.0,weekly,weekly,0.0,maintained_weekly,1.0,1.0,1.0,1.0,1,1
A,59300020,8,2006,10,2010,R8KCNT,R10KCNT,1.0,1.0,weekly,weekly,0.0,maintained_weekly,1.0,0.0,1.0,1.0,1,1
A,59346020,8,2006,10,2010,R8KCNT,R10KCNT,1.0,1.0,weekly,weekly,0.0,maintained_weekly,1.0,0.0,1.0,1.0,1,1
A,59454010,8,2006,10,2010,R8KCNT,R10KCNT,1.0,1.0,weekly,weekly,0.0,maintained_weekly,0.0,,1.0,1.0,1,1
A,59467010,8,2006,10,2010,R8KCNT,R10KCNT,,1.0,missing_response,weekly,,,,,,1.0,.m,1
A,59569010,8,2006,10,2010,R8KCNT,R10KCNT,1.0,0.0,weekly,less_than_weekly,-1.0,decreased_below_weekly,0.0,0.0,1.0,0.0,1,0
A,59596020,8,2006,10,2010,R8KCNT,R10KCNT,0.0,1.0,less_than_weekly,weekly,1.0,increased_to_weekly,0.0,,0.0,1.0,0,1
A,59598020,8,2006,10,2010,R8KCNT,R10KCNT,1.0,,weekly,leave_behind_not_completed_or_ineligible,,,1.0,,1.0,,1,.l
A,59599011,8,2006,10,2010,R8KCNT,R10KCNT,1.0,,weekly,not_interviewed_or_plain_missing,,,1.0,,1.0,,1,.
A,59693010,8,2006,10,2010,R8KCNT,R10KCNT,1.0,1.0,weekly,weekly,0.0,maintained_weekly,1.0,1.0,1.0,1.0,1,1
A,59695010,8,2006,10,2010,R8KCNT,R10KCNT,1.0,0.0,weekly,less_than_weekly,-1.0,decreased_below_weekly,1.0,0.0,1.0,0.0,1,0
A,59695011,8,2006,10,2010,R8KCNT,R10KCNT,1.0,1.0,weekly,weekly,0.0,maintained_weekly,0.0,0.0,1.0,1.0,1,1
A,59702010,8,2006,10,2010,R8KCNT,R10KCNT,0.0,1.0,less_than_weekly,weekly,1.0,increased_to_weekly,0.0,1.0,0.0,1.0,0,1
A,59702020,8,2006,10,2010,R8KCNT,R10KCNT,1.0,1.0,weekly,weekly,0.0,maintained_weekly,0.0,0.0,1.0,1.0,1,1
A,59864010,8,2006,10,2010,R8KCNT,R10KCNT,1.0,1.0,weekly,weekly,0.0,maintained_weekly,0.0,0.0,1.0,1.0,1,1
A,59872020,8,2006,10,2010,R8KCNT,R10KCNT,0.0,1.0,less_than_weekly,weekly,1.0,increased_to_weekly,0.0,0.0,0.0,1.0,0,1
A,59929030,8,2006,10,2010,R8KCNT,R10KCNT,1.0,1.0,weekly,weekly,0.0,maintained_weekly,1.0,0.0,1.0,1.0,1,1
A,59935010,8,2006,10,2010,R8KCNT,R10KCNT,1.0,1.0,weekly,weekly,0.0,maintained_weekly,0.0,1.0,1.0,1.0,1,1
A,59935020,8,2006,10,2010,R8KCNT,R10KCNT,1.0,1.0,weekly,weekly,0.0,maintained_weekly,1.0,1.0,1.0,1.0,1,1
A,59939010,8,2006,10,2010,R8KCNT,R10KCNT,1.0,1.0,weekly,weekly,0.0,maintained_weekly,0.0,0.0,1.0,1.0,1,1
A,59939011,8,2006,10,2010,R8KCNT,R10KCNT,1.0,1.0,weekly,weekly,0.0,maintained_weekly,0.0,0.0,1.0,1.0,1,1
A,59971010,8,2006,10,2010,R8KCNT,R10KCNT,1.0,,weekly,leave_behind_not_completed_or_ineligible,,,1.0,,1.0,,1,.l
A,60114010,8,2006,10,2010,R8KCNT,R10KCNT,1.0,1.0,weekly,weekly,0.0,maintained_weekly,1.0,1.0,1.0,1.0,1,1
A,60136010,8,2006,10,2010,R8KCNT,R10KCNT,1.0,1.0,weekly,weekly,0.0,maintained_weekly,1.0,1.0,1.0,1.0,1,1
A,60136040,8,2006,10,2010,R8KCNT,R10KCNT,1.0,1.0,weekly,weekly,0.0,maintained_weekly,1.0,1.0,1.0,1.0,1,1
A,60146010,8,2006,10,2010,R8KCNT,R10KCNT,1.0,1.0,weekly,weekly,0.0,maintained_weekly,0.0,1.0,1.0,1.0,1,1
A,60146020,8,2006,10,2010,R8KCNT,R10KCNT,1.0,1.0,weekly,weekly,0.0,maintained_weekly,1.0,0.0,1.0,1.0,1,1
A,60148010,8,2006,10,2010,R8KCNT,R10KCNT,,,no_children,no_children,,,,,,,.k,.k
A,60148040,8,2006,10,2010,R8KCNT,R10KCNT,,,no_children,no_children,,,,,,,.k,.k
A,60232040,8,2006,10,2010,R8KCNT,R10KCNT,1.0,,weekly,missing_response,,,1.0,,0.0,,1,.m
A,60273010,8,2006,10,2010,R8KCNT,R10KCNT,1.0,1.0,weekly,weekly,0.0,maintained_weekly,1.0,1.0,1.0,1.0,1,1
A,60273020,8,2006,10,2010,R8KCNT,R10KCNT,1.0,1.0,weekly,weekly,0.0,maintained_weekly,1.0,1.0,1.0,1.0,1,1
A,60290030,8,2006,10,2010,R8KCNT,R10KCNT,1.0,1.0,weekly,weekly,0.0,maintained_weekly,0.0,0.0,1.0,1.0,1,1
A,60293010,8,2006,10,2010,R8KCNT,R10KCNT,1.0,1.0,weekly,weekly,0.0,maintained_weekly,0.0,1.0,1.0,1.0,1,1
A,60293020,8,2006,10,2010,R8KCNT,R10KCNT,1.0,0.0,weekly,less_than_weekly,-1.0,decreased_below_weekly,,0.0,1.0,0.0,1,0
A,60296010,8,2006,10,2010,R8KCNT,R10KCNT,0.0,1.0,less_than_weekly,weekly,1.0,increased_to_weekly,0.0,0.0,0.0,1.0,0,1
A,60296020,8,2006,10,2010,R8KCNT,R10KCNT,1.0,1.0,weekly,weekly,0.0,maintained_weekly,0.0,0.0,1.0,1.0,1,1
A,60300010,8,2006,10,2010,R8KCNT,R10KCNT,,1.0,leave_behind_not_completed_or_ineligible,weekly,,,,1.0,,1.0,.l,1
A,60300020,8,2006,10,2010,R8KCNT,R10KCNT,,1.0,leave_behind_not_completed_or_ineligible,weekly,,,,0.0,,1.0,.l,1
A,60304010,8,2006,10,2010,R8KCNT,R10KCNT,,,missing_response,missing_response,,,,,,,.m,.m
A,60304040,8,2006,10,2010,R8KCNT,R10KCNT,,,missing_response,missing_response,,,,,,,.m,.m
A,60314020,8,2006,10,2010,R8KCNT,R10KCNT,1.0,1.0,weekly,weekly,0.0,maintained_weekly,0.0,0.0,1.0,1.0,1,1
A,60314021,8,2006,10,2010,R8KCNT,R10KCNT,0.0,0.0,less_than_weekly,less_than_weekly,0.0,persistently_below_weekly,0.0,0.0,0.0,0.0,0,0
A,60324010,8,2006,10,2010,R8KCNT,R10KCNT,1.0,1.0,weekly,weekly,0.0,maintained_weekly,0.0,0.0,1.0,1.0,1,1
A,60419010,8,2006,10,2010,R8KCNT,R10KCNT,1.0,,weekly,no_children,,,0.0,,1.0,,1,.k
A,60419020,8,2006,10,2010,R8KCNT,R10KCNT,1.0,1.0,weekly,weekly,0.0,maintained_weekly,0.0,0.0,1.0,1.0,1,1
A,60424020,8,2006,10,2010,R8KCNT,R10KCNT,,1.0,not_interviewed_or_plain_missing,weekly,,,,1.0,,1.0,.,1
A,60424021,8,2006,10,2010,R8KCNT,R10KCNT,,1.0,not_interviewed_or_plain_missing,weekly,,,,0.0,,1.0,.,1
A,60477020,8,2006,10,2010,R8KCNT,R10KCNT,0.0,1.0,less_than_weekly,weekly,1.0,increased_to_weekly,0.0,0.0,0.0,1.0,0,1
A,60509010,8,2006,10,2010,R8KCNT,R10KCNT,1.0,1.0,weekly,weekly,0.0,maintained_weekly,0.0,1.0,1.0,1.0,1,1
A,60513010,8,2006,10,2010,R8KCNT,R10KCNT,1.0,1.0,weekly,weekly,0.0,maintained_weekly,0.0,0.0,1.0,1.0,1,1
A,60594010,8,2006,10,2010,R8KCNT,R10KCNT,,1.0,missing_response,weekly,,,,1.0,,0.0,.m,1
A,60607010,8,2006,10,2010,R8KCNT,R10KCNT,1.0,1.0,weekly,weekly,0.0,maintained_weekly,1.0,1.0,1.0,1.0,1,1
A,60615010,8,2006,10,2010,R8KCNT,R10KCNT,1.0,,weekly,not_interviewed_or_plain_missing,,,1.0,,1.0,,1,.
A,60615020,8,2006,10,2010,R8KCNT,R10KCNT,1.0,1.0,weekly,weekly,0.0,maintained_weekly,1.0,1.0,1.0,1.0,1,1
A,60637010,8,2006,10,2010,R8KCNT,R10KCNT,1.0,1.0,weekly,weekly,0.0,maintained_weekly,1.0,0.0,1.0,1.0,1,1
A,60637040,8,2006,10,2010,R8KCNT,R10KCNT,0.0,1.0,less_than_weekly,weekly,1.0,increased_to_weekly,0.0,0.0,0.0,1.0,0,1
A,60637041,8,2006,10,2010,R8KCNT,R10KCNT,1.0,0.0,weekly,less_than_weekly,-1.0,decreased_below_weekly,0.0,0.0,1.0,0.0,1,0
A,60656020,8,2006,10,2010,R8KCNT,R10KCNT,1.0,1.0,weekly,weekly,0.0,maintained_weekly,1.0,0.0,1.0,1.0,1,1
A,60656030,8,2006,10,2010,R8KCNT,R10KCNT,1.0,1.0,weekly,weekly,0.0,maintained_weekly,0.0,0.0,1.0,1.0,1,1
A,60675010,8,2006,10,2010,R8KCNT,R10KCNT,1.0,0.0,weekly,less_than_weekly,-1.0,decreased_below_weekly,0.0,0.0,1.0,0.0,1,0
A,60691020,8,2006,10,2010,R8KCNT,R10KCNT,1.0,,weekly,missing_response,,,1.0,,1.0,,1,.m
A,60705020,8,2006,10,2010,R8KCNT,R10KCNT,1.0,,weekly,missing_response,,,1.0,,1.0,,1,.m
A,60705030,8,2006,10,2010,R8KCNT,R10KCNT,1.0,,weekly,missing_response,,,1.0,,1.0,,1,.m
A,60717020,8,2006,10,2010,R8KCNT,R10KCNT,0.0,1.0,less_than_weekly,weekly,1.0,increased_to_weekly,0.0,1.0,0.0,1.0,0,1
A,60747020,8,2006,10,2010,R8KCNT,R10KCNT,1.0,1.0,weekly,weekly,0.0,maintained_weekly,1.0,1.0,1.0,1.0,1,1
A,60769040,8,2006,10,2010,R8KCNT,R10KCNT,1.0,0.0,weekly,less_than_weekly,-1.0,decreased_below_weekly,0.0,0.0,1.0,0.0,1,0
A,60771010,8,2006,10,2010,R8KCNT,R10KCNT,,1.0,leave_behind_not_completed_or_ineligible,weekly,,,,1.0,,1.0,.l,1
A,60771040,8,2006,10,2010,R8KCNT,R10KCNT,1.0,1.0,weekly,weekly,0.0,maintained_weekly,0.0,1.0,1.0,1.0,1,1
A,60819020,8,2006,10,2010,R8KCNT,R10KCNT,1.0,1.0,weekly,weekly,0.0,maintained_weekly,1.0,,1.0,1.0,1,1
A,60874010,8,2006,10,2010,R8KCNT,R10KCNT,1.0,1.0,weekly,weekly,0.0,maintained_weekly,1.0,1.0,1.0,1.0,1,1
A,60885020,8,2006,10,2010,R8KCNT,R10KCNT,1.0,1.0,weekly,weekly,0.0,maintained_weekly,1.0,0.0,1.0,1.0,1,1
A,60885030,8,2006,10,2010,R8KCNT,R10KCNT,1.0,1.0,weekly,weekly,0.0,maintained_weekly,1.0,1.0,1.0,1.0,1,1
A,60923020,8,2006,10,2010,R8KCNT,R10KCNT,1.0,1.0,weekly,weekly,0.0,maintained_weekly,1.0,1.0,1.0,1.0,1,1
A,60965010,8,2006,10,2010,R8KCNT,R10KCNT,1.0,1.0,weekly,weekly,0.0,maintained_weekly,1.0,1.0,1.0,1.0,1,1
A,60965020,8,2006,10,2010,R8KCNT,R10KCNT,1.0,1.0,weekly,weekly,0.0,maintained_weekly,1.0,1.0,1.0,1.0,1,1
A,60969010,8,2006,10,2010,R8KCNT,R10KCNT,1.0,1.0,weekly,weekly,0.0,maintained_weekly,0.0,0.0,1.0,1.0,1,1
A,60969020,8,2006,10,2010,R8KCNT,R10KCNT,1.0,1.0,weekly,weekly,0.0,maintained_weekly,1.0,1.0,1.0,1.0,1,1
A,61000030,8,2006,10,2010,R8KCNT,R10KCNT,1.0,1.0,weekly,weekly,0.0,maintained_weekly,0.0,0.0,1.0,1.0,1,1
A,61035011,8,2006,10,2010,R8KCNT,R10KCNT,,,no_children,no_children,,,,,,,.k,.k
A,61041010,8,2006,10,2010,R8KCNT,R10KCNT,1.0,1.0,weekly,weekly,0.0,maintained_weekly,1.0,1.0,1.0,1.0,1,1
A,61054020,8,2006,10,2010,R8KCNT,R10KCNT,1.0,1.0,weekly,weekly,0.0,maintained_weekly,0.0,0.0,1.0,1.0,1,1
A,61054021,8,2006,10,2010,R8KCNT,R10KCNT,0.0,0.0,less_than_weekly,less_than_weekly,0.0,persistently_below_weekly,0.0,0.0,0.0,0.0,0,0
A,61059030,8,2006,10,2010,R8KCNT,R10KCNT,,1.0,leave_behind_not_completed_or_ineligible,weekly,,,,0.0,,1.0,.l,1
A,61061030,8,2006,10,2010,R8KCNT,R10KCNT,1.0,1.0,weekly,weekly,0.0,maintained_weekly,1.0,0.0,1.0,1.0,1,1
A,61127010,8,2006,10,2010,R8KCNT,R10KCNT,1.0,1.0,weekly,weekly,0.0,maintained_weekly,0.0,1.0,1.0,1.0,1,1
A,61134010,8,2006,10,2010,R8KCNT,R10KCNT,0.0,,less_than_weekly,leave_behind_not_completed_or_ineligible,,,0.0,,0.0,,0,.l
A,61160010,8,2006,10,2010,R8KCNT,R10KCNT,1.0,,weekly,leave_behind_not_completed_or_ineligible,,,1.0,,1.0,,1,.l
A,61167010,8,2006,10,2010,R8KCNT,R10KCNT,1.0,1.0,weekly,weekly,0.0,maintained_weekly,0.0,1.0,1.0,1.0,1,1
A,61215010,8,2006,10,2010,R8KCNT,R10KCNT,0.0,1.0,less_than_weekly,weekly,1.0,increased_to_weekly,0.0,1.0,0.0,0.0,0,1
A,61215020,8,2006,10,2010,R8KCNT,R10KCNT,1.0,,weekly,no_children,,,1.0,,1.0,,1,.k
A,61252010,8,2006,10,2010,R8KCNT,R10KCNT,,1.0,no_children,weekly,,,,1.0,,1.0,.k,1
A,61352010,8,2006,10,2010,R8KCNT,R10KCNT,1.0,1.0,weekly,weekly,0.0,maintained_weekly,0.0,0.0,1.0,1.0,1,1
A,62089010,8,2006,10,2010,R8KCNT,R10KCNT,,,no_children,no_children,,,,,,,.k,.k
A,62108010,8,2006,10,2010,R8KCNT,R10KCNT,1.0,0.0,weekly,less_than_weekly,-1.0,decreased_below_weekly,0.0,0.0,1.0,0.0,1,0
A,62157010,8,2006,10,2010,R8KCNT,R10KCNT,0.0,0.0,less_than_weekly,less_than_weekly,0.0,persistently_below_weekly,0.0,0.0,0.0,0.0,0,0
A,62157011,8,2006,10,2010,R8KCNT,R10KCNT,1.0,1.0,weekly,weekly,0.0,maintained_weekly,1.0,0.0,1.0,1.0,1,1
A,62183010,8,2006,10,2010,R8KCNT,R10KCNT,,,no_children,no_children,,,,,,,.k,.k
A,62183040,8,2006,10,2010,R8KCNT,R10KCNT,1.0,1.0,weekly,weekly,0.0,maintained_weekly,0.0,1.0,1.0,1.0,1,1
A,62186010,8,2006,10,2010,R8KCNT,R10KCNT,1.0,1.0,weekly,weekly,0.0,maintained_weekly,1.0,0.0,1.0,1.0,1,1
A,62262010,8,2006,10,2010,R8KCNT,R10KCNT,1.0,1.0,weekly,weekly,0.0,maintained_weekly,1.0,0.0,1.0,1.0,1,1
A,62265010,8,2006,10,2010,R8KCNT,R10KCNT,1.0,1.0,weekly,weekly,0.0,maintained_weekly,1.0,0.0,1.0,1.0,1,1
A,62432020,8,2006,10,2010,R8KCNT,R10KCNT,1.0,1.0,weekly,weekly,0.0,maintained_weekly,1.0,1.0,1.0,1.0,1,1
A,62780010,8,2006,10,2010,R8KCNT,R10KCNT,,1.0,leave_behind_not_completed_or_ineligible,weekly,,,,1.0,,1.0,.l,1
A,62890010,8,2006,10,2010,R8KCNT,R10KCNT,0.0,1.0,less_than_weekly,weekly,1.0,increased_to_weekly,0.0,0.0,0.0,1.0,0,1
A,62937010,8,2006,10,2010,R8KCNT,R10KCNT,1.0,1.0,weekly,weekly,0.0,maintained_weekly,0.0,0.0,1.0,1.0,1,1
A,63028020,8,2006,10,2010,R8KCNT,R10KCNT,1.0,0.0,weekly,less_than_weekly,-1.0,decreased_below_weekly,0.0,0.0,1.0,0.0,1,0
A,63028030,8,2006,10,2010,R8KCNT,R10KCNT,1.0,1.0,weekly,weekly,0.0,maintained_weekly,0.0,0.0,1.0,1.0,1,1
A,63400010,8,2006,10,2010,R8KCNT,R10KCNT,1.0,1.0,weekly,weekly,0.0,maintained_weekly,1.0,,1.0,1.0,1,1
A,63400040,8,2006,10,2010,R8KCNT,R10KCNT,1.0,1.0,weekly,weekly,0.0,maintained_weekly,1.0,1.0,1.0,1.0,1,1
A,63699010,8,2006,10,2010,R8KCNT,R10KCNT,1.0,1.0,weekly,weekly,0.0,maintained_weekly,1.0,1.0,1.0,1.0,1,1
A,63712010,8,2006,10,2010,R8KCNT,R10KCNT,,1.0,leave_behind_not_completed_or_ineligible,weekly,,,,1.0,,1.0,.l,1
A,63712020,8,2006,10,2010,R8KCNT,R10KCNT,1.0,1.0,weekly,weekly,0.0,maintained_weekly,1.0,1.0,1.0,1.0,1,1
A,64032010,8,2006,10,2010,R8KCNT,R10KCNT,0.0,1.0,less_than_weekly,weekly,1.0,increased_to_weekly,0.0,0.0,0.0,1.0,0,1
A,64302010,8,2006,10,2010,R8KCNT,R10KCNT,1.0,1.0,weekly,weekly,0.0,maintained_weekly,0.0,,1.0,1.0,1,1
A,64399010,8,2006,10,2010,R8KCNT,R10KCNT,0.0,0.0,less_than_weekly,less_than_weekly,0.0,persistently_below_weekly,0.0,0.0,0.0,0.0,0,0
A,64614020,8,2006,10,2010,R8KCNT,R10KCNT,1.0,,weekly,leave_behind_not_completed_or_ineligible,,,1.0,,1.0,,1,.l
A,64654010,8,2006,10,2010,R8KCNT,R10KCNT,1.0,1.0,weekly,weekly,0.0,maintained_weekly,1.0,1.0,1.0,1.0,1,1
A,64654011,8,2006,10,2010,R8KCNT,R10KCNT,1.0,0.0,weekly,less_than_weekly,-1.0,decreased_below_weekly,1.0,0.0,1.0,0.0,1,0
A,64722020,8,2006,10,2010,R8KCNT,R10KCNT,1.0,1.0,weekly,weekly,0.0,maintained_weekly,0.0,1.0,1.0,1.0,1,1
A,64866020,8,2006,10,2010,R8KCNT,R10KCNT,1.0,1.0,weekly,weekly,0.0,maintained_weekly,1.0,1.0,1.0,1.0,1,1
A,64889010,8,2006,10,2010,R8KCNT,R10KCNT,1.0,,weekly,leave_behind_not_completed_or_ineligible,,,1.0,,1.0,,1,.l
A,65212020,8,2006,10,2010,R8KCNT,R10KCNT,1.0,,weekly,leave_behind_not_completed_or_ineligible,,,0.0,,1.0,,1,.l
A,65225010,8,2006,10,2010,R8KCNT,R10KCNT,,1.0,leave_behind_not_completed_or_ineligible,weekly,,,,0.0,,1.0,.l,1
A,65298010,8,2006,10,2010,R8KCNT,R10KCNT,0.0,1.0,less_than_weekly,weekly,1.0,increased_to_weekly,0.0,0.0,0.0,1.0,0,1
A,65482010,8,2006,10,2010,R8KCNT,R10KCNT,,1.0,missing_response,weekly,,,,0.0,,1.0,.m,1
A,65482020,8,2006,10,2010,R8KCNT,R10KCNT,1.0,,weekly,leave_behind_not_completed_or_ineligible,,,1.0,,1.0,,1,.l
A,65550010,8,2006,10,2010,R8KCNT,R10KCNT,,,no_children,no_children,,,,,,,.k,.k
A,65550020,8,2006,10,2010,R8KCNT,R10KCNT,0.0,1.0,less_than_weekly,weekly,1.0,increased_to_weekly,0.0,0.0,0.0,1.0,0,1
A,65622010,8,2006,10,2010,R8KCNT,R10KCNT,1.0,1.0,weekly,weekly,0.0,maintained_weekly,0.0,0.0,1.0,1.0,1,1
A,65622040,8,2006,10,2010,R8KCNT,R10KCNT,1.0,1.0,weekly,weekly,0.0,maintained_weekly,0.0,0.0,1.0,1.0,1,1
A,65834010,8,2006,10,2010,R8KCNT,R10KCNT,1.0,,weekly,leave_behind_not_completed_or_ineligible,,,0.0,,1.0,,1,.l
A,65878010,8,2006,10,2010,R8KCNT,R10KCNT,,1.0,missing_response,weekly,,,,0.0,,1.0,.m,1
A,65891010,8,2006,10,2010,R8KCNT,R10KCNT,1.0,1.0,weekly,weekly,0.0,maintained_weekly,0.0,0.0,1.0,1.0,1,1
A,65891020,8,2006,10,2010,R8KCNT,R10KCNT,1.0,1.0,weekly,weekly,0.0,maintained_weekly,0.0,0.0,1.0,1.0,1,1
A,65929020,8,2006,10,2010,R8KCNT,R10KCNT,1.0,1.0,weekly,weekly,0.0,maintained_weekly,0.0,0.0,1.0,1.0,1,1
A,65929030,8,2006,10,2010,R8KCNT,R10KCNT,0.0,1.0,less_than_weekly,weekly,1.0,increased_to_weekly,0.0,0.0,0.0,1.0,0,1
A,66019010,8,2006,10,2010,R8KCNT,R10KCNT,0.0,0.0,less_than_weekly,less_than_weekly,0.0,persistently_below_weekly,0.0,0.0,0.0,0.0,0,0
A,66019040,8,2006,10,2010,R8KCNT,R10KCNT,1.0,0.0,weekly,less_than_weekly,-1.0,decreased_below_weekly,0.0,0.0,1.0,0.0,1,0
A,70886010,8,2006,10,2010,R8KCNT,R10KCNT,,,no_children,missing_response,,,,,,,.k,.m
A,70989010,8,2006,10,2010,R8KCNT,R10KCNT,0.0,0.0,less_than_weekly,less_than_weekly,0.0,persistently_below_weekly,0.0,0.0,0.0,0.0,0,0
A,71012010,8,2006,10,2010,R8KCNT,R10KCNT,1.0,1.0,weekly,weekly,0.0,maintained_weekly,1.0,1.0,1.0,1.0,1,1
A,71012020,8,2006,10,2010,R8KCNT,R10KCNT,1.0,1.0,weekly,weekly,0.0,maintained_weekly,1.0,1.0,1.0,1.0,1,1
A,71173010,8,2006,10,2010,R8KCNT,R10KCNT,1.0,0.0,weekly,less_than_weekly,-1.0,decreased_below_weekly,0.0,0.0,1.0,0.0,1,0
A,71203010,8,2006,10,2010,R8KCNT,R10KCNT,0.0,0.0,less_than_weekly,less_than_weekly,0.0,persistently_below_weekly,0.0,0.0,0.0,0.0,0,0
A,71259010,8,2006,10,2010,R8KCNT,R10KCNT,1.0,1.0,weekly,weekly,0.0,maintained_weekly,0.0,0.0,1.0,1.0,1,1
A,71259020,8,2006,10,2010,R8KCNT,R10KCNT,1.0,,weekly,no_children,,,1.0,,1.0,,1,.k
A,71265010,8,2006,10,2010,R8KCNT,R10KCNT,1.0,,weekly,leave_behind_not_completed_or_ineligible,,,0.0,,1.0,,1,.l
A,71402010,8,2006,10,2010,R8KCNT,R10KCNT,1.0,1.0,weekly,weekly,0.0,maintained_weekly,0.0,0.0,1.0,1.0,1,1
A,71402020,8,2006,10,2010,R8KCNT,R10KCNT,1.0,1.0,weekly,weekly,0.0,maintained_weekly,0.0,1.0,1.0,1.0,1,1
A,71408010,8,2006,10,2010,R8KCNT,R10KCNT,1.0,1.0,weekly,weekly,0.0,maintained_weekly,1.0,0.0,1.0,1.0,1,1
A,71408020,8,2006,10,2010,R8KCNT,R10KCNT,1.0,1.0,weekly,weekly,0.0,maintained_weekly,0.0,1.0,1.0,1.0,1,1
A,71438020,8,2006,10,2010,R8KCNT,R10KCNT,1.0,1.0,weekly,weekly,0.0,maintained_weekly,1.0,1.0,1.0,1.0,1,1
A,71487010,8,2006,10,2010,R8KCNT,R10KCNT,1.0,,weekly,not_interviewed_or_plain_missing,,,0.0,,1.0,,1,.
A,71502010,8,2006,10,2010,R8KCNT,R10KCNT,1.0,1.0,weekly,weekly,0.0,maintained_weekly,0.0,0.0,1.0,1.0,1,1
A,71505010,8,2006,10,2010,R8KCNT,R10KCNT,1.0,1.0,weekly,weekly,0.0,maintained_weekly,1.0,,1.0,1.0,1,1
A,71566010,8,2006,10,2010,R8KCNT,R10KCNT,1.0,1.0,weekly,weekly,0.0,maintained_weekly,0.0,0.0,1.0,1.0,1,1
A,71566020,8,2006,10,2010,R8KCNT,R10KCNT,0.0,0.0,less_than_weekly,less_than_weekly,0.0,persistently_below_weekly,0.0,0.0,0.0,0.0,0,0
A,71611010,8,2006,10,2010,R8KCNT,R10KCNT,0.0,0.0,less_than_weekly,less_than_weekly,0.0,persistently_below_weekly,0.0,0.0,0.0,0.0,0,0
A,71792030,8,2006,10,2010,R8KCNT,R10KCNT,1.0,1.0,weekly,weekly,0.0,maintained_weekly,0.0,1.0,1.0,1.0,1,1
A,71795020,8,2006,10,2010,R8KCNT,R10KCNT,,1.0,leave_behind_not_completed_or_ineligible,weekly,,,,0.0,,1.0,.l,1
A,71861010,8,2006,10,2010,R8KCNT,R10KCNT,1.0,1.0,weekly,weekly,0.0,maintained_weekly,,,1.0,1.0,1,1
A,71875010,8,2006,10,2010,R8KCNT,R10KCNT,1.0,1.0,weekly,weekly,0.0,maintained_weekly,1.0,1.0,1.0,0.0,1,1
A,71875020,8,2006,10,2010,R8KCNT,R10KCNT,1.0,1.0,weekly,weekly,0.0,maintained_weekly,1.0,1.0,1.0,0.0,1,1
A,71987010,8,2006,10,2010,R8KCNT,R10KCNT,1.0,1.0,weekly,weekly,0.0,maintained_weekly,,0.0,1.0,1.0,1,1
A,71989010,8,2006,10,2010,R8KCNT,R10KCNT,1.0,1.0,weekly,weekly,0.0,maintained_weekly,1.0,0.0,1.0,1.0,1,1
A,71989040,8,2006,10,2010,R8KCNT,R10KCNT,1.0,1.0,weekly,weekly,0.0,maintained_weekly,0.0,0.0,1.0,1.0,1,1
A,72004010,8,2006,10,2010,R8KCNT,R10KCNT,1.0,0.0,weekly,less_than_weekly,-1.0,decreased_below_weekly,1.0,0.0,1.0,0.0,1,0
A,72004020,8,2006,10,2010,R8KCNT,R10KCNT,1.0,1.0,weekly,weekly,0.0,maintained_weekly,1.0,0.0,1.0,1.0,1,1
A,72056010,8,2006,10,2010,R8KCNT,R10KCNT,,,no_children,no_children,,,,,,,.k,.k
A,72106010,8,2006,10,2010,R8KCNT,R10KCNT,0.0,1.0,less_than_weekly,weekly,1.0,increased_to_weekly,0.0,0.0,0.0,1.0,0,1
A,72229030,8,2006,10,2010,R8KCNT,R10KCNT,1.0,,weekly,missing_response,,,1.0,,1.0,,1,.m
A,72230020,8,2006,10,2010,R8KCNT,R10KCNT,1.0,1.0,weekly,weekly,0.0,maintained_weekly,0.0,1.0,1.0,1.0,1,1
A,72274010,8,2006,10,2010,R8KCNT,R10KCNT,0.0,,less_than_weekly,leave_behind_not_completed_or_ineligible,,,,,0.0,,0,.l
A,72327010,8,2006,10,2010,R8KCNT,R10KCNT,1.0,1.0,weekly,weekly,0.0,maintained_weekly,0.0,1.0,1.0,0.0,1,1
A,72352010,8,2006,10,2010,R8KCNT,R10KCNT,1.0,1.0,weekly,weekly,0.0,maintained_weekly,0.0,0.0,1.0,1.0,1,1
A,72352020,8,2006,10,2010,R8KCNT,R10KCNT,1.0,1.0,weekly,weekly,0.0,maintained_weekly,0.0,0.0,1.0,1.0,1,1
A,72357010,8,2006,10,2010,R8KCNT,R10KCNT,0.0,0.0,less_than_weekly,less_than_weekly,0.0,persistently_below_weekly,0.0,0.0,0.0,0.0,0,0
A,72362010,8,2006,10,2010,R8KCNT,R10KCNT,1.0,1.0,weekly,weekly,0.0,maintained_weekly,0.0,0.0,1.0,1.0,1,1
A,72365010,8,2006,10,2010,R8KCNT,R10KCNT,1.0,1.0,weekly,weekly,0.0,maintained_weekly,,,1.0,1.0,1,1
A,72383010,8,2006,10,2010,R8KCNT,R10KCNT,,,no_children,no_children,,,,,,,.k,.k
A,72386010,8,2006,10,2010,R8KCNT,R10KCNT,1.0,1.0,weekly,weekly,0.0,maintained_weekly,0.0,0.0,1.0,1.0,1,1
A,72504010,8,2006,10,2010,R8KCNT,R10KCNT,1.0,,weekly,leave_behind_not_completed_or_ineligible,,,0.0,,1.0,,1,.l
A,72504020,8,2006,10,2010,R8KCNT,R10KCNT,1.0,,weekly,leave_behind_not_completed_or_ineligible,,,1.0,,1.0,,1,.l
A,72618010,8,2006,10,2010,R8KCNT,R10KCNT,1.0,1.0,weekly,weekly,0.0,maintained_weekly,1.0,0.0,1.0,1.0,1,1
A,72761020,8,2006,10,2010,R8KCNT,R10KCNT,1.0,1.0,weekly,weekly,0.0,maintained_weekly,0.0,0.0,1.0,1.0,1,1
A,72857010,8,2006,10,2010,R8KCNT,R10KCNT,0.0,0.0,less_than_weekly,less_than_weekly,0.0,persistently_below_weekly,0.0,0.0,0.0,0.0,0,0
A,72857020,8,2006,10,2010,R8KCNT,R10KCNT,1.0,0.0,weekly,less_than_weekly,-1.0,decreased_below_weekly,0.0,0.0,1.0,0.0,1,0
A,72862010,8,2006,10,2010,R8KCNT,R10KCNT,1.0,1.0,weekly,weekly,0.0,maintained_weekly,0.0,0.0,1.0,1.0,1,1
A,72912040,8,2006,10,2010,R8KCNT,R10KCNT,1.0,1.0,weekly,weekly,0.0,maintained_weekly,0.0,0.0,1.0,1.0,1,1
A,72950010,8,2006,10,2010,R8KCNT,R10KCNT,1.0,0.0,weekly,less_than_weekly,-1.0,decreased_below_weekly,0.0,0.0,1.0,0.0,1,0
A,73030010,8,2006,10,2010,R8KCNT,R10KCNT,1.0,0.0,weekly,less_than_weekly,-1.0,decreased_below_weekly,1.0,0.0,1.0,0.0,1,0
A,73056010,8,2006,10,2010,R8KCNT,R10KCNT,1.0,1.0,weekly,weekly,0.0,maintained_weekly,0.0,0.0,1.0,1.0,1,1
A,73109040,8,2006,10,2010,R8KCNT,R10KCNT,,1.0,not_interviewed_or_plain_missing,weekly,,,,1.0,,1.0,.,1
A,73138010,8,2006,10,2010,R8KCNT,R10KCNT,1.0,1.0,weekly,weekly,0.0,maintained_weekly,0.0,0.0,1.0,1.0,1,1
A,73155010,8,2006,10,2010,R8KCNT,R10KCNT,0.0,1.0,less_than_weekly,weekly,1.0,increased_to_weekly,0.0,1.0,0.0,1.0,0,1
A,73162020,8,2006,10,2010,R8KCNT,R10KCNT,1.0,1.0,weekly,weekly,0.0,maintained_weekly,0.0,0.0,1.0,1.0,1,1
A,73162030,8,2006,10,2010,R8KCNT,R10KCNT,1.0,1.0,weekly,weekly,0.0,maintained_weekly,0.0,0.0,1.0,1.0,1,1
A,73292010,8,2006,10,2010,R8KCNT,R10KCNT,,1.0,leave_behind_not_completed_or_ineligible,weekly,,,,1.0,,1.0,.l,1
A,73393010,8,2006,10,2010,R8KCNT,R10KCNT,0.0,1.0,less_than_weekly,weekly,1.0,increased_to_weekly,0.0,1.0,0.0,0.0,0,1
A,73393020,8,2006,10,2010,R8KCNT,R10KCNT,1.0,1.0,weekly,weekly,0.0,maintained_weekly,0.0,1.0,1.0,0.0,1,1
A,73401010,8,2006,10,2010,R8KCNT,R10KCNT,,0.0,leave_behind_not_completed_or_ineligible,less_than_weekly,,,,0.0,,0.0,.l,0
A,73401011,8,2006,10,2010,R8KCNT,R10KCNT,,0.0,leave_behind_not_completed_or_ineligible,less_than_weekly,,,,0.0,,0.0,.l,0
A,73408010,8,2006,10,2010,R8KCNT,R10KCNT,1.0,1.0,weekly,weekly,0.0,maintained_weekly,1.0,1.0,1.0,1.0,1,1
A,73485020,8,2006,10,2010,R8KCNT,R10KCNT,,1.0,leave_behind_not_completed_or_ineligible,weekly,,,,1.0,,1.0,.l,1
A,73485030,8,2006,10,2010,R8KCNT,R10KCNT,1.0,1.0,weekly,weekly,0.0,maintained_weekly,1.0,0.0,1.0,1.0,1,1
A,73624010,8,2006,10,2010,R8KCNT,R10KCNT,,0.0,leave_behind_not_completed_or_ineligible,less_than_weekly,,,,0.0,,0.0,.l,0
A,73624020,8,2006,10,2010,R8KCNT,R10KCNT,,1.0,not_interviewed_or_plain_missing,weekly,,,,0.0,,1.0,.,1
A,73625010,8,2006,10,2010,R8KCNT,R10KCNT,0.0,0.0,less_than_weekly,less_than_weekly,0.0,persistently_below_weekly,0.0,0.0,0.0,0.0,0,0
A,73656010,8,2006,10,2010,R8KCNT,R10KCNT,,1.0,not_interviewed_or_plain_missing,weekly,,,,0.0,,1.0,.,1
A,73663010,8,2006,10,2010,R8KCNT,R10KCNT,,,no_children,no_children,,,,,,,.k,.k
A,73671010,8,2006,10,2010,R8KCNT,R10KCNT,1.0,1.0,weekly,weekly,0.0,maintained_weekly,0.0,1.0,1.0,0.0,1,1
A,73671020,8,2006,10,2010,R8KCNT,R10KCNT,1.0,1.0,weekly,weekly,0.0,maintained_weekly,0.0,0.0,1.0,1.0,1,1
A,73757010,8,2006,10,2010,R8KCNT,R10KCNT,0.0,1.0,less_than_weekly,weekly,1.0,increased_to_weekly,0.0,0.0,0.0,1.0,0,1
A,73757040,8,2006,10,2010,R8KCNT,R10KCNT,1.0,1.0,weekly,weekly,0.0,maintained_weekly,0.0,0.0,1.0,1.0,1,1
A,73841010,8,2006,10,2010,R8KCNT,R10KCNT,0.0,0.0,less_than_weekly,less_than_weekly,0.0,persistently_below_weekly,0.0,0.0,0.0,0.0,0,0
A,73855010,8,2006,10,2010,R8KCNT,R10KCNT,1.0,1.0,weekly,weekly,0.0,maintained_weekly,1.0,1.0,1.0,1.0,1,1
A,73855020,8,2006,10,2010,R8KCNT,R10KCNT,1.0,1.0,weekly,weekly,0.0,maintained_weekly,1.0,1.0,1.0,1.0,1,1
A,73933010,8,2006,10,2010,R8KCNT,R10KCNT,1.0,1.0,weekly,weekly,0.0,maintained_weekly,1.0,1.0,1.0,1.0,1,1
A,73933020,8,2006,10,2010,R8KCNT,R10KCNT,1.0,1.0,weekly,weekly,0.0,maintained_weekly,0.0,0.0,1.0,1.0,1,1
A,73945010,8,2006,10,2010,R8KCNT,R10KCNT,1.0,1.0,weekly,weekly,0.0,maintained_weekly,1.0,1.0,1.0,1.0,1,1
A,73982010,8,2006,10,2010,R8KCNT,R10KCNT,1.0,1.0,weekly,weekly,0.0,maintained_weekly,1.0,1.0,1.0,1.0,1,1
A,74061010,8,2006,10,2010,R8KCNT,R10KCNT,1.0,1.0,weekly,weekly,0.0,maintained_weekly,1.0,1.0,1.0,1.0,1,1
A,74061011,8,2006,10,2010,R8KCNT,R10KCNT,1.0,1.0,weekly,weekly,0.0,maintained_weekly,1.0,1.0,1.0,1.0,1,1
A,74260010,8,2006,10,2010,R8KCNT,R10KCNT,0.0,1.0,less_than_weekly,weekly,1.0,increased_to_weekly,0.0,0.0,0.0,1.0,0,1
A,74265010,8,2006,10,2010,R8KCNT,R10KCNT,1.0,1.0,weekly,weekly,0.0,maintained_weekly,0.0,0.0,1.0,1.0,1,1
A,74265020,8,2006,10,2010,R8KCNT,R10KCNT,1.0,1.0,weekly,weekly,0.0,maintained_weekly,0.0,0.0,1.0,1.0,1,1
A,74266010,8,2006,10,2010,R8KCNT,R10KCNT,1.0,1.0,weekly,weekly,0.0,maintained_weekly,0.0,0.0,1.0,1.0,1,1
A,74266040,8,2006,10,2010,R8KCNT,R10KCNT,1.0,1.0,weekly,weekly,0.0,maintained_weekly,0.0,0.0,1.0,1.0,1,1
A,74272010,8,2006,10,2010,R8KCNT,R10KCNT,1.0,1.0,weekly,weekly,0.0,maintained_weekly,1.0,0.0,1.0,1.0,1,1
A,74272020,8,2006,10,2010,R8KCNT,R10KCNT,1.0,1.0,weekly,weekly,0.0,maintained_weekly,1.0,0.0,1.0,1.0,1,1
A,74285010,8,2006,10,2010,R8KCNT,R10KCNT,1.0,1.0,weekly,weekly,0.0,maintained_weekly,1.0,0.0,1.0,1.0,1,1
A,74285040,8,2006,10,2010,R8KCNT,R10KCNT,1.0,1.0,weekly,weekly,0.0,maintained_weekly,0.0,0.0,1.0,1.0,1,1
A,74292020,8,2006,10,2010,R8KCNT,R10KCNT,1.0,1.0,weekly,weekly,0.0,maintained_weekly,0.0,0.0,1.0,1.0,1,1
A,74319010,8,2006,10,2010,R8KCNT,R10KCNT,1.0,1.0,weekly,weekly,0.0,maintained_weekly,1.0,1.0,1.0,1.0,1,1
A,74350010,8,2006,10,2010,R8KCNT,R10KCNT,1.0,0.0,weekly,less_than_weekly,-1.0,decreased_below_weekly,1.0,0.0,1.0,0.0,1,0
A,74350040,8,2006,10,2010,R8KCNT,R10KCNT,1.0,1.0,weekly,weekly,0.0,maintained_weekly,1.0,1.0,1.0,1.0,1,1
A,74354010,8,2006,10,2010,R8KCNT,R10KCNT,,0.0,not_interviewed_or_plain_missing,less_than_weekly,,,,0.0,,0.0,.,0
A,74368010,8,2006,10,2010,R8KCNT,R10KCNT,0.0,0.0,less_than_weekly,less_than_weekly,0.0,persistently_below_weekly,0.0,0.0,0.0,0.0,0,0
A,74459010,8,2006,10,2010,R8KCNT,R10KCNT,1.0,1.0,weekly,weekly,0.0,maintained_weekly,1.0,0.0,1.0,1.0,1,1
A,74459020,8,2006,10,2010,R8KCNT,R10KCNT,1.0,1.0,weekly,weekly,0.0,maintained_weekly,1.0,1.0,1.0,1.0,1,1
A,74477010,8,2006,10,2010,R8KCNT,R10KCNT,0.0,0.0,less_than_weekly,less_than_weekly,0.0,persistently_below_weekly,0.0,0.0,0.0,0.0,0,0
A,74507010,8,2006,10,2010,R8KCNT,R10KCNT,1.0,1.0,weekly,weekly,0.0,maintained_weekly,0.0,0.0,1.0,1.0,1,1
A,74656010,8,2006,10,2010,R8KCNT,R10KCNT,1.0,1.0,weekly,weekly,0.0,maintained_weekly,0.0,1.0,1.0,1.0,1,1
A,74666010,8,2006,10,2010,R8KCNT,R10KCNT,,,no_children,no_children,,,,,,,.k,.k
A,74666020,8,2006,10,2010,R8KCNT,R10KCNT,,,leave_behind_not_completed_or_ineligible,no_children,,,,,,,.l,.k
A,74670040,8,2006,10,2010,R8KCNT,R10KCNT,1.0,1.0,weekly,weekly,0.0,maintained_weekly,1.0,1.0,1.0,1.0,1,1
A,74715010,8,2006,10,2010,R8KCNT,R10KCNT,1.0,,weekly,leave_behind_not_completed_or_ineligible,,,1.0,,1.0,,1,.l
A,74716040,8,2006,10,2010,R8KCNT,R10KCNT,0.0,1.0,less_than_weekly,weekly,1.0,increased_to_weekly,0.0,0.0,0.0,1.0,0,1
A,74948030,8,2006,10,2010,R8KCNT,R10KCNT,1.0,1.0,weekly,weekly,0.0,maintained_weekly,0.0,1.0,1.0,1.0,1,1
A,74968010,8,2006,10,2010,R8KCNT,R10KCNT,1.0,1.0,weekly,weekly,0.0,maintained_weekly,0.0,0.0,1.0,1.0,1,1
A,75034010,8,2006,10,2010,R8KCNT,R10KCNT,1.0,0.0,weekly,less_than_weekly,-1.0,decreased_below_weekly,0.0,0.0,1.0,0.0,1,0
A,75035041,8,2006,10,2010,R8KCNT,R10KCNT,,,not_interviewed_or_plain_missing,no_children,,,,,,,.,.k
A,75062010,8,2006,10,2010,R8KCNT,R10KCNT,,,missing_response,missing_response,,,,,,,.m,.m
A,75263010,8,2006,10,2010,R8KCNT,R10KCNT,1.0,1.0,weekly,weekly,0.0,maintained_weekly,1.0,1.0,1.0,1.0,1,1
A,75324020,8,2006,10,2010,R8KCNT,R10KCNT,1.0,1.0,weekly,weekly,0.0,maintained_weekly,0.0,1.0,1.0,1.0,1,1
A,75388010,8,2006,10,2010,R8KCNT,R10KCNT,1.0,1.0,weekly,weekly,0.0,maintained_weekly,0.0,1.0,1.0,0.0,1,1
A,75388020,8,2006,10,2010,R8KCNT,R10KCNT,1.0,1.0,weekly,weekly,0.0,maintained_weekly,1.0,1.0,1.0,1.0,1,1
A,75411010,8,2006,10,2010,R8KCNT,R10KCNT,1.0,,weekly,not_interviewed_or_plain_missing,,,1.0,,1.0,,1,.
A,75412020,8,2006,10,2010,R8KCNT,R10KCNT,1.0,1.0,weekly,weekly,0.0,maintained_weekly,0.0,0.0,1.0,1.0,1,1
A,75460010,8,2006,10,2010,R8KCNT,R10KCNT,0.0,,less_than_weekly,no_children,,,0.0,,0.0,,0,.k
A,75460020,8,2006,10,2010,R8KCNT,R10KCNT,0.0,1.0,less_than_weekly,weekly,1.0,increased_to_weekly,0.0,0.0,0.0,1.0,0,1
A,75464040,8,2006,10,2010,R8KCNT,R10KCNT,1.0,1.0,weekly,weekly,0.0,maintained_weekly,0.0,0.0,1.0,1.0,1,1
A,75475020,8,2006,10,2010,R8KCNT,R10KCNT,0.0,,less_than_weekly,no_children,,,0.0,,0.0,,0,.k
A,75475030,8,2006,10,2010,R8KCNT,R10KCNT,,0.0,no_children,less_than_weekly,,,,0.0,,0.0,.k,0
A,75493010,8,2006,10,2010,R8KCNT,R10KCNT,0.0,1.0,less_than_weekly,weekly,1.0,increased_to_weekly,0.0,0.0,0.0,1.0,0,1
A,75493040,8,2006,10,2010,R8KCNT,R10KCNT,1.0,1.0,weekly,weekly,0.0,maintained_weekly,0.0,0.0,1.0,1.0,1,1
A,75500020,8,2006,10,2010,R8KCNT,R10KCNT,0.0,0.0,less_than_weekly,less_than_weekly,0.0,persistently_below_weekly,0.0,0.0,0.0,0.0,0,0
A,75517010,8,2006,10,2010,R8KCNT,R10KCNT,1.0,1.0,weekly,weekly,0.0,maintained_weekly,0.0,0.0,1.0,1.0,1,1
A,75582010,8,2006,10,2010,R8KCNT,R10KCNT,,,no_children,no_children,,,,,,,.k,.k
A,75586010,8,2006,10,2010,R8KCNT,R10KCNT,,,no_children,no_children,,,,,,,.k,.k
A,75588020,8,2006,10,2010,R8KCNT,R10KCNT,1.0,1.0,weekly,weekly,0.0,maintained_weekly,1.0,0.0,1.0,1.0,1,1
A,75605010,8,2006,10,2010,R8KCNT,R10KCNT,,0.0,leave_behind_not_completed_or_ineligible,less_than_weekly,,,,0.0,,0.0,.l,0
A,75605011,8,2006,10,2010,R8KCNT,R10KCNT,,1.0,not_interviewed_or_plain_missing,weekly,,,,1.0,,1.0,.,1
A,75664010,8,2006,10,2010,R8KCNT,R10KCNT,1.0,1.0,weekly,weekly,0.0,maintained_weekly,1.0,1.0,1.0,1.0,1,1
A,75664040,8,2006,10,2010,R8KCNT,R10KCNT,1.0,1.0,weekly,weekly,0.0,maintained_weekly,1.0,1.0,,0.0,1,1
A,75697010,8,2006,10,2010,R8KCNT,R10KCNT,1.0,1.0,weekly,weekly,0.0,maintained_weekly,0.0,0.0,1.0,1.0,1,1
A,75699010,8,2006,10,2010,R8KCNT,R10KCNT,1.0,1.0,weekly,weekly,0.0,maintained_weekly,0.0,1.0,1.0,1.0,1,1
A,75747010,8,2006,10,2010,R8KCNT,R10KCNT,1.0,1.0,weekly,weekly,0.0,maintained_weekly,1.0,0.0,1.0,1.0,1,1
A,75750030,8,2006,10,2010,R8KCNT,R10KCNT,,1.0,not_interviewed_or_plain_missing,weekly,,,,0.0,,1.0,.,1
A,75755010,8,2006,10,2010,R8KCNT,R10KCNT,1.0,1.0,weekly,weekly,0.0,maintained_weekly,1.0,1.0,1.0,1.0,1,1
A,75755020,8,2006,10,2010,R8KCNT,R10KCNT,1.0,1.0,weekly,weekly,0.0,maintained_weekly,0.0,0.0,1.0,1.0,1,1
A,75764010,8,2006,10,2010,R8KCNT,R10KCNT,1.0,1.0,weekly,weekly,0.0,maintained_weekly,0.0,0.0,1.0,1.0,1,1
A,75764020,8,2006,10,2010,R8KCNT,R10KCNT,1.0,1.0,weekly,weekly,0.0,maintained_weekly,0.0,1.0,1.0,1.0,1,1
A,75835010,8,2006,10,2010,R8KCNT,R10KCNT,,1.0,missing_response,weekly,,,,1.0,,1.0,.m,1
A,75835020,8,2006,10,2010,R8KCNT,R10KCNT,,,missing_response,missing_response,,,,,,,.m,.m
A,75881010,8,2006,10,2010,R8KCNT,R10KCNT,,,no_children,no_children,,,,,,,.k,.k
A,75895040,8,2006,10,2010,R8KCNT,R10KCNT,1.0,,weekly,missing_response,,,1.0,,1.0,,1,.m
A,75924020,8,2006,10,2010,R8KCNT,R10KCNT,1.0,1.0,weekly,weekly,0.0,maintained_weekly,1.0,1.0,1.0,1.0,1,1
A,75925010,8,2006,10,2010,R8KCNT,R10KCNT,,0.0,leave_behind_not_completed_or_ineligible,less_than_weekly,,,,0.0,,0.0,.l,0
A,75926010,8,2006,10,2010,R8KCNT,R10KCNT,1.0,1.0,weekly,weekly,0.0,maintained_weekly,0.0,1.0,1.0,1.0,1,1
A,75926020,8,2006,10,2010,R8KCNT,R10KCNT,1.0,1.0,weekly,weekly,0.0,maintained_weekly,0.0,0.0,1.0,1.0,1,1
A,75933010,8,2006,10,2010,R8KCNT,R10KCNT,1.0,1.0,weekly,weekly,0.0,maintained_weekly,0.0,0.0,1.0,1.0,1,1
A,75933011,8,2006,10,2010,R8KCNT,R10KCNT,1.0,1.0,weekly,weekly,0.0,maintained_weekly,0.0,0.0,1.0,1.0,1,1
A,75970010,8,2006,10,2010,R8KCNT,R10KCNT,1.0,1.0,weekly,weekly,0.0,maintained_weekly,1.0,1.0,1.0,1.0,1,1
A,75971010,8,2006,10,2010,R8KCNT,R10KCNT,1.0,1.0,weekly,weekly,0.0,maintained_weekly,1.0,1.0,1.0,1.0,1,1
A,75977010,8,2006,10,2010,R8KCNT,R10KCNT,,,not_interviewed_or_plain_missing,no_children,,,,,,,.,.k
A,75977020,8,2006,10,2010,R8KCNT,R10KCNT,,,not_interviewed_or_plain_missing,no_children,,,,,,,.,.k
A,76013010,8,2006,10,2010,R8KCNT,R10KCNT,1.0,1.0,weekly,weekly,0.0,maintained_weekly,0.0,0.0,1.0,1.0,1,1
A,76077010,8,2006,10,2010,R8KCNT,R10KCNT,0.0,1.0,less_than_weekly,weekly,1.0,increased_to_weekly,0.0,0.0,0.0,1.0,0,1
A,76077040,8,2006,10,2010,R8KCNT,R10KCNT,1.0,1.0,weekly,weekly,0.0,maintained_weekly,0.0,0.0,1.0,1.0,1,1
A,76111010,8,2006,10,2010,R8KCNT,R10KCNT,1.0,1.0,weekly,weekly,0.0,maintained_weekly,1.0,1.0,1.0,1.0,1,1
A,76111020,8,2006,10,2010,R8KCNT,R10KCNT,1.0,1.0,weekly,weekly,0.0,maintained_weekly,1.0,1.0,1.0,1.0,1,1
A,76130020,8,2006,10,2010,R8KCNT,R10KCNT,,1.0,leave_behind_not_completed_or_ineligible,weekly,,,,1.0,,1.0,.l,1
A,76191020,8,2006,10,2010,R8KCNT,R10KCNT,,1.0,leave_behind_not_completed_or_ineligible,weekly,,,,0.0,,1.0,.l,1
A,76216030,8,2006,10,2010,R8KCNT,R10KCNT,,1.0,not_interviewed_or_plain_missing,weekly,,,,1.0,,1.0,.,1
A,76338010,8,2006,10,2010,R8KCNT,R10KCNT,1.0,1.0,weekly,weekly,0.0,maintained_weekly,1.0,1.0,0.0,1.0,1,1
A,76371010,8,2006,10,2010,R8KCNT,R10KCNT,1.0,1.0,weekly,weekly,0.0,maintained_weekly,1.0,1.0,1.0,1.0,1,1
A,76382010,8,2006,10,2010,R8KCNT,R10KCNT,1.0,1.0,weekly,weekly,0.0,maintained_weekly,1.0,1.0,1.0,1.0,1,1
A,76438010,8,2006,10,2010,R8KCNT,R10KCNT,1.0,1.0,weekly,weekly,0.0,maintained_weekly,0.0,0.0,1.0,1.0,1,1
A,76438020,8,2006,10,2010,R8KCNT,R10KCNT,1.0,0.0,weekly,less_than_weekly,-1.0,decreased_below_weekly,0.0,0.0,1.0,0.0,1,0
A,76471010,8,2006,10,2010,R8KCNT,R10KCNT,1.0,1.0,weekly,weekly,0.0,maintained_weekly,0.0,0.0,1.0,1.0,1,1
A,76472010,8,2006,10,2010,R8KCNT,R10KCNT,1.0,1.0,weekly,weekly,0.0,maintained_weekly,1.0,1.0,1.0,1.0,1,1
A,76472020,8,2006,10,2010,R8KCNT,R10KCNT,1.0,1.0,weekly,weekly,0.0,maintained_weekly,1.0,1.0,1.0,1.0,1,1
A,76506020,8,2006,10,2010,R8KCNT,R10KCNT,1.0,1.0,weekly,weekly,0.0,maintained_weekly,0.0,1.0,1.0,1.0,1,1
A,76539010,8,2006,10,2010,R8KCNT,R10KCNT,,1.0,leave_behind_not_completed_or_ineligible,weekly,,,,1.0,,1.0,.l,1
A,76605010,8,2006,10,2010,R8KCNT,R10KCNT,,,no_children,no_children,,,,,,,.k,.k
A,76605020,8,2006,10,2010,R8KCNT,R10KCNT,,,no_children,no_children,,,,,,,.k,.k
A,76613010,8,2006,10,2010,R8KCNT,R10KCNT,1.0,,weekly,no_children,,,0.0,,1.0,,1,.k
A,76616010,8,2006,10,2010,R8KCNT,R10KCNT,1.0,1.0,weekly,weekly,0.0,maintained_weekly,1.0,0.0,1.0,1.0,1,1
A,76616040,8,2006,10,2010,R8KCNT,R10KCNT,1.0,1.0,weekly,weekly,0.0,maintained_weekly,1.0,1.0,1.0,1.0,1,1
A,76648010,8,2006,10,2010,R8KCNT,R10KCNT,,,no_children,no_children,,,,,,,.k,.k
A,76648020,8,2006,10,2010,R8KCNT,R10KCNT,,,no_children,no_children,,,,,,,.k,.k
A,76691020,8,2006,10,2010,R8KCNT,R10KCNT,1.0,,weekly,leave_behind_not_completed_or_ineligible,,,0.0,,1.0,,1,.l
A,76697010,8,2006,10,2010,R8KCNT,R10KCNT,1.0,1.0,weekly,weekly,0.0,maintained_weekly,1.0,0.0,1.0,1.0,1,1
A,76697040,8,2006,10,2010,R8KCNT,R10KCNT,1.0,1.0,weekly,weekly,0.0,maintained_weekly,1.0,1.0,1.0,1.0,1,1
A,76739020,8,2006,10,2010,R8KCNT,R10KCNT,1.0,1.0,weekly,weekly,0.0,maintained_weekly,0.0,0.0,1.0,1.0,1,1
A,76753040,8,2006,10,2010,R8KCNT,R10KCNT,,1.0,leave_behind_not_completed_or_ineligible,weekly,,,,1.0,,1.0,.l,1
A,76791020,8,2006,10,2010,R8KCNT,R10KCNT,,1.0,leave_behind_not_completed_or_ineligible,weekly,,,,0.0,,1.0,.l,1
A,76797010,8,2006,10,2010,R8KCNT,R10KCNT,0.0,,less_than_weekly,leave_behind_not_completed_or_ineligible,,,0.0,,0.0,,0,.l
A,76825010,8,2006,10,2010,R8KCNT,R10KCNT,,,no_children,no_children,,,,,,,.k,.k
A,76827010,8,2006,10,2010,R8KCNT,R10KCNT,1.0,1.0,weekly,weekly,0.0,maintained_weekly,,1.0,1.0,1.0,1,1
A,76827020,8,2006,10,2010,R8KCNT,R10KCNT,1.0,1.0,weekly,weekly,0.0,maintained_weekly,0.0,1.0,1.0,1.0,1,1
A,76933010,8,2006,10,2010,R8KCNT,R10KCNT,1.0,1.0,weekly,weekly,0.0,maintained_weekly,1.0,1.0,1.0,1.0,1,1
A,76933020,8,2006,10,2010,R8KCNT,R10KCNT,1.0,1.0,weekly,weekly,0.0,maintained_weekly,1.0,1.0,1.0,1.0,1,1
A,76945020,8,2006,10,2010,R8KCNT,R10KCNT,1.0,1.0,weekly,weekly,0.0,maintained_weekly,1.0,1.0,1.0,1.0,1,1
A,76989010,8,2006,10,2010,R8KCNT,R10KCNT,1.0,1.0,weekly,weekly,0.0,maintained_weekly,0.0,0.0,1.0,1.0,1,1
A,76997010,8,2006,10,2010,R8KCNT,R10KCNT,1.0,1.0,weekly,weekly,0.0,maintained_weekly,1.0,1.0,1.0,1.0,1,1
A,77020010,8,2006,10,2010,R8KCNT,R10KCNT,1.0,1.0,weekly,weekly,0.0,maintained_weekly,1.0,1.0,1.0,1.0,1,1
A,77066010,8,2006,10,2010,R8KCNT,R10KCNT,1.0,1.0,weekly,weekly,0.0,maintained_weekly,1.0,1.0,1.0,1.0,1,1
A,77066020,8,2006,10,2010,R8KCNT,R10KCNT,1.0,1.0,weekly,weekly,0.0,maintained_weekly,1.0,1.0,1.0,1.0,1,1
A,77087040,8,2006,10,2010,R8KCNT,R10KCNT,1.0,1.0,weekly,weekly,0.0,maintained_weekly,1.0,0.0,1.0,1.0,1,1
A,77125010,8,2006,10,2010,R8KCNT,R10KCNT,1.0,1.0,weekly,weekly,0.0,maintained_weekly,0.0,0.0,1.0,1.0,1,1
A,77244010,8,2006,10,2010,R8KCNT,R10KCNT,1.0,1.0,weekly,weekly,0.0,maintained_weekly,1.0,1.0,1.0,1.0,1,1
A,77244020,8,2006,10,2010,R8KCNT,R10KCNT,1.0,1.0,weekly,weekly,0.0,maintained_weekly,1.0,1.0,1.0,1.0,1,1
A,77264010,8,2006,10,2010,R8KCNT,R10KCNT,1.0,1.0,weekly,weekly,0.0,maintained_weekly,0.0,0.0,1.0,1.0,1,1
A,77264020,8,2006,10,2010,R8KCNT,R10KCNT,1.0,1.0,weekly,weekly,0.0,maintained_weekly,0.0,0.0,1.0,1.0,1,1
A,77354010,8,2006,10,2010,R8KCNT,R10KCNT,1.0,,weekly,leave_behind_not_completed_or_ineligible,,,0.0,,1.0,,1,.l
A,77354020,8,2006,10,2010,R8KCNT,R10KCNT,0.0,1.0,less_than_weekly,weekly,1.0,increased_to_weekly,0.0,0.0,,1.0,0,1
A,77364010,8,2006,10,2010,R8KCNT,R10KCNT,1.0,1.0,weekly,weekly,0.0,maintained_weekly,1.0,1.0,1.0,1.0,1,1
A,77441010,8,2006,10,2010,R8KCNT,R10KCNT,0.0,0.0,less_than_weekly,less_than_weekly,0.0,persistently_below_weekly,0.0,0.0,0.0,0.0,0,0
A,77470010,8,2006,10,2010,R8KCNT,R10KCNT,1.0,1.0,weekly,weekly,0.0,maintained_weekly,1.0,1.0,1.0,1.0,1,1
A,77470040,8,2006,10,2010,R8KCNT,R10KCNT,1.0,1.0,weekly,weekly,0.0,maintained_weekly,1.0,1.0,1.0,1.0,1,1
A,77475010,8,2006,10,2010,R8KCNT,R10KCNT,,1.0,not_interviewed_or_plain_missing,weekly,,,,0.0,,1.0,.,1
A,77475040,8,2006,10,2010,R8KCNT,R10KCNT,,1.0,not_interviewed_or_plain_missing,weekly,,,,1.0,,1.0,.,1
A,77484020,8,2006,10,2010,R8KCNT,R10KCNT,1.0,,weekly,no_children,,,1.0,,1.0,,1,.k
A,77518010,8,2006,10,2010,R8KCNT,R10KCNT,0.0,1.0,less_than_weekly,weekly,1.0,increased_to_weekly,0.0,1.0,0.0,1.0,0,1
A,77518020,8,2006,10,2010,R8KCNT,R10KCNT,1.0,1.0,weekly,weekly,0.0,maintained_weekly,1.0,1.0,1.0,1.0,1,1
A,77532010,8,2006,10,2010,R8KCNT,R10KCNT,1.0,1.0,weekly,weekly,0.0,maintained_weekly,0.0,0.0,1.0,1.0,1,1
A,77537020,8,2006,10,2010,R8KCNT,R10KCNT,1.0,1.0,weekly,weekly,0.0,maintained_weekly,0.0,0.0,1.0,1.0,1,1
A,77554010,8,2006,10,2010,R8KCNT,R10KCNT,1.0,1.0,weekly,weekly,0.0,maintained_weekly,0.0,0.0,1.0,1.0,1,1
A,77557010,8,2006,10,2010,R8KCNT,R10KCNT,1.0,1.0,weekly,weekly,0.0,maintained_weekly,1.0,,1.0,1.0,1,1
A,77566010,8,2006,10,2010,R8KCNT,R10KCNT,1.0,1.0,weekly,weekly,0.0,maintained_weekly,1.0,0.0,1.0,1.0,1,1
A,77566020,8,2006,10,2010,R8KCNT,R10KCNT,1.0,1.0,weekly,weekly,0.0,maintained_weekly,0.0,1.0,1.0,1.0,1,1
A,77595010,8,2006,10,2010,R8KCNT,R10KCNT,1.0,1.0,weekly,weekly,0.0,maintained_weekly,0.0,0.0,1.0,1.0,1,1
A,77595020,8,2006,10,2010,R8KCNT,R10KCNT,1.0,1.0,weekly,weekly,0.0,maintained_weekly,0.0,0.0,1.0,1.0,1,1
A,77604010,8,2006,10,2010,R8KCNT,R10KCNT,0.0,0.0,less_than_weekly,less_than_weekly,0.0,persistently_below_weekly,0.0,0.0,0.0,0.0,0,0
A,77714010,8,2006,10,2010,R8KCNT,R10KCNT,1.0,,weekly,leave_behind_not_completed_or_ineligible,,,0.0,,1.0,,1,.l
A,77718020,8,2006,10,2010,R8KCNT,R10KCNT,1.0,1.0,weekly,weekly,0.0,maintained_weekly,0.0,,1.0,1.0,1,1
A,77723010,8,2006,10,2010,R8KCNT,R10KCNT,0.0,1.0,less_than_weekly,weekly,1.0,increased_to_weekly,0.0,0.0,0.0,1.0,0,1
A,77723040,8,2006,10,2010,R8KCNT,R10KCNT,1.0,1.0,weekly,weekly,0.0,maintained_weekly,1.0,0.0,1.0,1.0,1,1
A,77744020,8,2006,10,2010,R8KCNT,R10KCNT,1.0,1.0,weekly,weekly,0.0,maintained_weekly,1.0,1.0,1.0,1.0,1,1
A,77766010,8,2006,10,2010,R8KCNT,R10KCNT,1.0,1.0,weekly,weekly,0.0,maintained_weekly,1.0,1.0,1.0,1.0,1,1
A,77772010,8,2006,10,2010,R8KCNT,R10KCNT,1.0,1.0,weekly,weekly,0.0,maintained_weekly,1.0,0.0,1.0,1.0,1,1
A,77772020,8,2006,10,2010,R8KCNT,R10KCNT,1.0,1.0,weekly,weekly,0.0,maintained_weekly,1.0,0.0,1.0,1.0,1,1
A,77788020,8,2006,10,2010,R8KCNT,R10KCNT,1.0,1.0,weekly,weekly,0.0,maintained_weekly,0.0,0.0,1.0,1.0,1,1
A,77835020,8,2006,10,2010,R8KCNT,R10KCNT,1.0,0.0,weekly,less_than_weekly,-1.0,decreased_below_weekly,0.0,0.0,1.0,0.0,1,0
A,77855010,8,2006,10,2010,R8KCNT,R10KCNT,1.0,1.0,weekly,weekly,0.0,maintained_weekly,0.0,0.0,1.0,1.0,1,1
A,77864010,8,2006,10,2010,R8KCNT,R10KCNT,1.0,1.0,weekly,weekly,0.0,maintained_weekly,0.0,1.0,1.0,1.0,1,1
A,77912010,8,2006,10,2010,R8KCNT,R10KCNT,0.0,1.0,less_than_weekly,weekly,1.0,increased_to_weekly,0.0,1.0,0.0,1.0,0,1
A,77921010,8,2006,10,2010,R8KCNT,R10KCNT,1.0,1.0,weekly,weekly,0.0,maintained_weekly,0.0,0.0,1.0,1.0,1,1
A,77921020,8,2006,10,2010,R8KCNT,R10KCNT,1.0,1.0,weekly,weekly,0.0,maintained_weekly,0.0,1.0,1.0,1.0,1,1
A,77931010,8,2006,10,2010,R8KCNT,R10KCNT,,1.0,no_children,weekly,,,,0.0,,1.0,.k,1
A,77960010,8,2006,10,2010,R8KCNT,R10KCNT,0.0,0.0,less_than_weekly,less_than_weekly,0.0,persistently_below_weekly,0.0,0.0,0.0,0.0,0,0
A,77969010,8,2006,10,2010,R8KCNT,R10KCNT,1.0,1.0,weekly,weekly,0.0,maintained_weekly,0.0,0.0,1.0,1.0,1,1
A,77984020,8,2006,10,2010,R8KCNT,R10KCNT,1.0,1.0,weekly,weekly,0.0,maintained_weekly,1.0,0.0,1.0,1.0,1,1
A,77984030,8,2006,10,2010,R8KCNT,R10KCNT,1.0,1.0,weekly,weekly,0.0,maintained_weekly,1.0,1.0,1.0,1.0,1,1
A,78010010,8,2006,10,2010,R8KCNT,R10KCNT,1.0,1.0,weekly,weekly,0.0,maintained_weekly,0.0,0.0,1.0,1.0,1,1
A,78010040,8,2006,10,2010,R8KCNT,R10KCNT,0.0,0.0,less_than_weekly,less_than_weekly,0.0,persistently_below_weekly,0.0,0.0,0.0,0.0,0,0
A,78054010,8,2006,10,2010,R8KCNT,R10KCNT,1.0,0.0,weekly,less_than_weekly,-1.0,decreased_below_weekly,1.0,0.0,1.0,0.0,1,0
A,78056010,8,2006,10,2010,R8KCNT,R10KCNT,1.0,,weekly,missing_response,,,0.0,,1.0,,1,.m
A,78112010,8,2006,10,2010,R8KCNT,R10KCNT,1.0,1.0,weekly,weekly,0.0,maintained_weekly,0.0,0.0,1.0,1.0,1,1
A,78112020,8,2006,10,2010,R8KCNT,R10KCNT,1.0,1.0,weekly,weekly,0.0,maintained_weekly,0.0,0.0,1.0,1.0,1,1
A,78115010,8,2006,10,2010,R8KCNT,R10KCNT,1.0,1.0,weekly,weekly,0.0,maintained_weekly,0.0,0.0,1.0,1.0,1,1
A,78133010,8,2006,10,2010,R8KCNT,R10KCNT,1.0,1.0,weekly,weekly,0.0,maintained_weekly,0.0,0.0,1.0,1.0,1,1
A,78133020,8,2006,10,2010,R8KCNT,R10KCNT,1.0,0.0,weekly,less_than_weekly,-1.0,decreased_below_weekly,0.0,0.0,1.0,0.0,1,0
A,78178010,8,2006,10,2010,R8KCNT,R10KCNT,,,no_children,no_children,,,,,,,.k,.k
A,78178011,8,2006,10,2010,R8KCNT,R10KCNT,,0.0,no_children,less_than_weekly,,,,0.0,,0.0,.k,0
A,78203010,8,2006,10,2010,R8KCNT,R10KCNT,0.0,0.0,less_than_weekly,less_than_weekly,0.0,persistently_below_weekly,0.0,0.0,0.0,0.0,0,0
A,78203040,8,2006,10,2010,R8KCNT,R10KCNT,0.0,1.0,less_than_weekly,weekly,1.0,increased_to_weekly,0.0,0.0,0.0,1.0,0,1
A,78212010,8,2006,10,2010,R8KCNT,R10KCNT,1.0,1.0,weekly,weekly,0.0,maintained_weekly,1.0,1.0,1.0,1.0,1,1
A,78212040,8,2006,10,2010,R8KCNT,R10KCNT,1.0,1.0,weekly,weekly,0.0,maintained_weekly,1.0,1.0,1.0,1.0,1,1
A,78216010,8,2006,10,2010,R8KCNT,R10KCNT,1.0,1.0,weekly,weekly,0.0,maintained_weekly,0.0,0.0,1.0,1.0,1,1
A,78250010,8,2006,10,2010,R8KCNT,R10KCNT,,,no_children,no_children,,,,,,,.k,.k
A,78302010,8,2006,10,2010,R8KCNT,R10KCNT,1.0,1.0,weekly,weekly,0.0,maintained_weekly,1.0,1.0,1.0,1.0,1,1
A,78310010,8,2006,10,2010,R8KCNT,R10KCNT,1.0,1.0,weekly,weekly,0.0,maintained_weekly,1.0,0.0,1.0,1.0,1,1
A,78352010,8,2006,10,2010,R8KCNT,R10KCNT,,,no_children,no_children,,,,,,,.k,.k
A,78381010,8,2006,10,2010,R8KCNT,R10KCNT,1.0,1.0,weekly,weekly,0.0,maintained_weekly,1.0,1.0,1.0,1.0,1,1
A,78381011,8,2006,10,2010,R8KCNT,R10KCNT,1.0,0.0,weekly,less_than_weekly,-1.0,decreased_below_weekly,1.0,0.0,1.0,0.0,1,0
A,78390010,8,2006,10,2010,R8KCNT,R10KCNT,1.0,1.0,weekly,weekly,0.0,maintained_weekly,1.0,0.0,1.0,1.0,1,1
A,78390020,8,2006,10,2010,R8KCNT,R10KCNT,1.0,1.0,weekly,weekly,0.0,maintained_weekly,1.0,1.0,1.0,1.0,1,1
A,78392020,8,2006,10,2010,R8KCNT,R10KCNT,1.0,1.0,weekly,weekly,0.0,maintained_weekly,1.0,1.0,1.0,1.0,1,1
A,78404010,8,2006,10,2010,R8KCNT,R10KCNT,0.0,0.0,less_than_weekly,less_than_weekly,0.0,persistently_below_weekly,0.0,0.0,0.0,0.0,0,0
A,78445010,8,2006,10,2010,R8KCNT,R10KCNT,,,no_children,no_children,,,,,,,.k,.k
A,78465020,8,2006,10,2010,R8KCNT,R10KCNT,,1.0,leave_behind_not_completed_or_ineligible,weekly,,,,1.0,,1.0,.l,1
A,78465030,8,2006,10,2010,R8KCNT,R10KCNT,1.0,1.0,weekly,weekly,0.0,maintained_weekly,0.0,1.0,1.0,1.0,1,1
A,78471020,8,2006,10,2010,R8KCNT,R10KCNT,1.0,1.0,weekly,weekly,0.0,maintained_weekly,0.0,0.0,1.0,1.0,1,1
A,78476040,8,2006,10,2010,R8KCNT,R10KCNT,0.0,1.0,less_than_weekly,weekly,1.0,increased_to_weekly,0.0,0.0,0.0,1.0,0,1
A,78478020,8,2006,10,2010,R8KCNT,R10KCNT,1.0,1.0,weekly,weekly,0.0,maintained_weekly,0.0,1.0,1.0,1.0,1,1
A,78478030,8,2006,10,2010,R8KCNT,R10KCNT,1.0,1.0,weekly,weekly,0.0,maintained_weekly,0.0,1.0,1.0,1.0,1,1
A,78493010,8,2006,10,2010,R8KCNT,R10KCNT,,,missing_response,missing_response,,,,,,,.m,.m
A,78502010,8,2006,10,2010,R8KCNT,R10KCNT,1.0,1.0,weekly,weekly,0.0,maintained_weekly,1.0,0.0,1.0,1.0,1,1
A,78502020,8,2006,10,2010,R8KCNT,R10KCNT,1.0,1.0,weekly,weekly,0.0,maintained_weekly,1.0,0.0,0.0,1.0,1,1
A,78509010,8,2006,10,2010,R8KCNT,R10KCNT,1.0,1.0,weekly,weekly,0.0,maintained_weekly,1.0,1.0,1.0,1.0,1,1
A,78509020,8,2006,10,2010,R8KCNT,R10KCNT,1.0,1.0,weekly,weekly,0.0,maintained_weekly,1.0,1.0,1.0,1.0,1,1
A,78526010,8,2006,10,2010,R8KCNT,R10KCNT,0.0,1.0,less_than_weekly,weekly,1.0,increased_to_weekly,0.0,0.0,0.0,1.0,0,1
A,78565010,8,2006,10,2010,R8KCNT,R10KCNT,0.0,1.0,less_than_weekly,weekly,1.0,increased_to_weekly,0.0,0.0,0.0,1.0,0,1
A,78565020,8,2006,10,2010,R8KCNT,R10KCNT,1.0,1.0,weekly,weekly,0.0,maintained_weekly,0.0,1.0,1.0,1.0,1,1
A,78566010,8,2006,10,2010,R8KCNT,R10KCNT,1.0,1.0,weekly,weekly,0.0,maintained_weekly,1.0,0.0,1.0,1.0,1,1
A,78581020,8,2006,10,2010,R8KCNT,R10KCNT,,0.0,not_interviewed_or_plain_missing,less_than_weekly,,,,0.0,,0.0,.,0
A,78582010,8,2006,10,2010,R8KCNT,R10KCNT,1.0,0.0,weekly,less_than_weekly,-1.0,decreased_below_weekly,0.0,0.0,1.0,0.0,1,0
A,78582020,8,2006,10,2010,R8KCNT,R10KCNT,1.0,1.0,weekly,weekly,0.0,maintained_weekly,1.0,1.0,1.0,1.0,1,1
A,78585020,8,2006,10,2010,R8KCNT,R10KCNT,1.0,1.0,weekly,weekly,0.0,maintained_weekly,1.0,1.0,0.0,1.0,1,1
A,78605010,8,2006,10,2010,R8KCNT,R10KCNT,1.0,1.0,weekly,weekly,0.0,maintained_weekly,1.0,0.0,1.0,1.0,1,1
A,78607010,8,2006,10,2010,R8KCNT,R10KCNT,1.0,1.0,weekly,weekly,0.0,maintained_weekly,1.0,1.0,1.0,1.0,1,1
A,78690010,8,2006,10,2010,R8KCNT,R10KCNT,,,no_children,no_children,,,,,,,.k,.k
A,78747010,8,2006,10,2010,R8KCNT,R10KCNT,1.0,0.0,weekly,less_than_weekly,-1.0,decreased_below_weekly,0.0,0.0,1.0,0.0,1,0
A,78747020,8,2006,10,2010,R8KCNT,R10KCNT,1.0,1.0,weekly,weekly,0.0,maintained_weekly,1.0,1.0,1.0,1.0,1,1
A,78828010,8,2006,10,2010,R8KCNT,R10KCNT,1.0,1.0,weekly,weekly,0.0,maintained_weekly,1.0,1.0,1.0,1.0,1,1
A,78886010,8,2006,10,2010,R8KCNT,R10KCNT,,,missing_response,missing_response,,,,,,,.m,.m
A,78894020,8,2006,10,2010,R8KCNT,R10KCNT,,1.0,leave_behind_not_completed_or_ineligible,weekly,,,,1.0,,1.0,.l,1
A,78958010,8,2006,10,2010,R8KCNT,R10KCNT,1.0,1.0,weekly,weekly,0.0,maintained_weekly,0.0,0.0,1.0,1.0,1,1
A,78961010,8,2006,10,2010,R8KCNT,R10KCNT,0.0,0.0,less_than_weekly,less_than_weekly,0.0,persistently_below_weekly,0.0,0.0,0.0,0.0,0,0
A,78987010,8,2006,10,2010,R8KCNT,R10KCNT,1.0,1.0,weekly,weekly,0.0,maintained_weekly,1.0,1.0,1.0,1.0,1,1
A,78987020,8,2006,10,2010,R8KCNT,R10KCNT,1.0,1.0,weekly,weekly,0.0,maintained_weekly,1.0,1.0,1.0,1.0,1,1
A,78996040,8,2006,10,2010,R8KCNT,R10KCNT,1.0,1.0,weekly,weekly,0.0,maintained_weekly,0.0,0.0,1.0,1.0,1,1
A,79002020,8,2006,10,2010,R8KCNT,R10KCNT,1.0,1.0,weekly,weekly,0.0,maintained_weekly,0.0,0.0,1.0,1.0,1,1
A,79033020,8,2006,10,2010,R8KCNT,R10KCNT,1.0,1.0,weekly,weekly,0.0,maintained_weekly,0.0,0.0,1.0,1.0,1,1
A,79039010,8,2006,10,2010,R8KCNT,R10KCNT,0.0,0.0,less_than_weekly,less_than_weekly,0.0,persistently_below_weekly,0.0,0.0,0.0,0.0,0,0
A,79044010,8,2006,10,2010,R8KCNT,R10KCNT,1.0,1.0,weekly,weekly,0.0,maintained_weekly,1.0,1.0,1.0,1.0,1,1
A,79073010,8,2006,10,2010,R8KCNT,R10KCNT,1.0,1.0,weekly,weekly,0.0,maintained_weekly,0.0,0.0,1.0,1.0,1,1
A,79073020,8,2006,10,2010,R8KCNT,R10KCNT,1.0,1.0,weekly,weekly,0.0,maintained_weekly,1.0,1.0,1.0,1.0,1,1
A,79245020,8,2006,10,2010,R8KCNT,R10KCNT,1.0,1.0,weekly,weekly,0.0,maintained_weekly,1.0,1.0,1.0,1.0,1,1
A,79245030,8,2006,10,2010,R8KCNT,R10KCNT,1.0,1.0,weekly,weekly,0.0,maintained_weekly,1.0,1.0,1.0,1.0,1,1
A,79416010,8,2006,10,2010,R8KCNT,R10KCNT,1.0,1.0,weekly,weekly,0.0,maintained_weekly,1.0,0.0,1.0,1.0,1,1
A,79442020,8,2006,10,2010,R8KCNT,R10KCNT,1.0,1.0,weekly,weekly,0.0,maintained_weekly,1.0,1.0,1.0,1.0,1,1
A,79529040,8,2006,10,2010,R8KCNT,R10KCNT,1.0,1.0,weekly,weekly,0.0,maintained_weekly,0.0,0.0,1.0,1.0,1,1
A,79545012,8,2006,10,2010,R8KCNT,R10KCNT,0.0,,less_than_weekly,leave_behind_not_completed_or_ineligible,,,0.0,,0.0,,0,.l
A,79575010,8,2006,10,2010,R8KCNT,R10KCNT,0.0,0.0,less_than_weekly,less_than_weekly,0.0,persistently_below_weekly,,0.0,0.0,0.0,0,0
A,79626010,8,2006,10,2010,R8KCNT,R10KCNT,1.0,,weekly,leave_behind_not_completed_or_ineligible,,,1.0,,1.0,,1,.l
A,79670030,8,2006,10,2010,R8KCNT,R10KCNT,,1.0,not_interviewed_or_plain_missing,weekly,,,,0.0,,1.0,.,1
A,79704010,8,2006,10,2010,R8KCNT,R10KCNT,1.0,1.0,weekly,weekly,0.0,maintained_weekly,0.0,0.0,1.0,1.0,1,1
A,79713010,8,2006,10,2010,R8KCNT,R10KCNT,,,missing_response,missing_response,,,,,,,.m,.m
A,79760010,8,2006,10,2010,R8KCNT,R10KCNT,1.0,1.0,weekly,weekly,0.0,maintained_weekly,0.0,0.0,1.0,1.0,1,1
A,79760020,8,2006,10,2010,R8KCNT,R10KCNT,1.0,1.0,weekly,weekly,0.0,maintained_weekly,0.0,0.0,1.0,1.0,1,1
A,79762010,8,2006,10,2010,R8KCNT,R10KCNT,1.0,1.0,weekly,weekly,0.0,maintained_weekly,0.0,1.0,1.0,1.0,1,1
A,79762020,8,2006,10,2010,R8KCNT,R10KCNT,1.0,,weekly,leave_behind_not_completed_or_ineligible,,,0.0,,1.0,,1,.l
A,79778010,8,2006,10,2010,R8KCNT,R10KCNT,0.0,1.0,less_than_weekly,weekly,1.0,increased_to_weekly,0.0,1.0,0.0,1.0,0,1
A,79825010,8,2006,10,2010,R8KCNT,R10KCNT,1.0,1.0,weekly,weekly,0.0,maintained_weekly,1.0,1.0,1.0,1.0,1,1
A,79826010,8,2006,10,2010,R8KCNT,R10KCNT,,,no_children,no_children,,,,,,,.k,.k
A,79856010,8,2006,10,2010,R8KCNT,R10KCNT,1.0,1.0,weekly,weekly,0.0,maintained_weekly,0.0,1.0,1.0,1.0,1,1
A,79856040,8,2006,10,2010,R8KCNT,R10KCNT,1.0,1.0,weekly,weekly,0.0,maintained_weekly,1.0,1.0,1.0,1.0,1,1
A,79867020,8,2006,10,2010,R8KCNT,R10KCNT,1.0,1.0,weekly,weekly,0.0,maintained_weekly,1.0,1.0,1.0,1.0,1,1
A,79869010,8,2006,10,2010,R8KCNT,R10KCNT,1.0,,weekly,leave_behind_not_completed_or_ineligible,,,1.0,,1.0,,1,.l
A,79882010,8,2006,10,2010,R8KCNT,R10KCNT,,1.0,leave_behind_not_completed_or_ineligible,weekly,,,,1.0,,1.0,.l,1
A,79891010,8,2006,10,2010,R8KCNT,R10KCNT,1.0,1.0,weekly,weekly,0.0,maintained_weekly,0.0,0.0,1.0,1.0,1,1
A,79891040,8,2006,10,2010,R8KCNT,R10KCNT,1.0,1.0,weekly,weekly,0.0,maintained_weekly,0.0,0.0,1.0,1.0,1,1
A,79907010,8,2006,10,2010,R8KCNT,R10KCNT,1.0,1.0,weekly,weekly,0.0,maintained_weekly,1.0,0.0,1.0,1.0,1,1
A,79907020,8,2006,10,2010,R8KCNT,R10KCNT,1.0,1.0,weekly,weekly,0.0,maintained_weekly,0.0,1.0,1.0,1.0,1,1
A,79996020,8,2006,10,2010,R8KCNT,R10KCNT,0.0,1.0,less_than_weekly,weekly,1.0,increased_to_weekly,0.0,0.0,0.0,1.0,0,1
A,79996030,8,2006,10,2010,R8KCNT,R10KCNT,,,no_children,no_children,,,,,,,.k,.k
A,80070020,8,2006,10,2010,R8KCNT,R10KCNT,1.0,1.0,weekly,weekly,0.0,maintained_weekly,0.0,0.0,1.0,1.0,1,1
A,80118010,8,2006,10,2010,R8KCNT,R10KCNT,1.0,1.0,weekly,weekly,0.0,maintained_weekly,1.0,0.0,1.0,1.0,1,1
A,80161010,8,2006,10,2010,R8KCNT,R10KCNT,1.0,1.0,weekly,weekly,0.0,maintained_weekly,1.0,1.0,1.0,1.0,1,1
A,80163010,8,2006,10,2010,R8KCNT,R10KCNT,1.0,1.0,weekly,weekly,0.0,maintained_weekly,0.0,0.0,1.0,1.0,1,1
A,80163040,8,2006,10,2010,R8KCNT,R10KCNT,1.0,1.0,weekly,weekly,0.0,maintained_weekly,0.0,,1.0,1.0,1,1
A,80225020,8,2006,10,2010,R8KCNT,R10KCNT,1.0,1.0,weekly,weekly,0.0,maintained_weekly,1.0,1.0,1.0,1.0,1,1
A,80229020,8,2006,10,2010,R8KCNT,R10KCNT,1.0,1.0,weekly,weekly,0.0,maintained_weekly,1.0,0.0,1.0,1.0,1,1
A,80229030,8,2006,10,2010,R8KCNT,R10KCNT,1.0,1.0,weekly,weekly,0.0,maintained_weekly,1.0,0.0,1.0,1.0,1,1
A,80410010,8,2006,10,2010,R8KCNT,R10KCNT,,1.0,leave_behind_not_completed_or_ineligible,weekly,,,,0.0,,1.0,.l,1
A,80413010,8,2006,10,2010,R8KCNT,R10KCNT,,1.0,not_interviewed_or_plain_missing,weekly,,,,0.0,,1.0,.,1
A,80605010,8,2006,10,2010,R8KCNT,R10KCNT,1.0,1.0,weekly,weekly,0.0,maintained_weekly,0.0,0.0,1.0,1.0,1,1
A,80661010,8,2006,10,2010,R8KCNT,R10KCNT,1.0,1.0,weekly,weekly,0.0,maintained_weekly,1.0,0.0,1.0,1.0,1,1
A,80661020,8,2006,10,2010,R8KCNT,R10KCNT,1.0,1.0,weekly,weekly,0.0,maintained_weekly,1.0,1.0,1.0,1.0,1,1
A,80672010,8,2006,10,2010,R8KCNT,R10KCNT,0.0,0.0,less_than_weekly,less_than_weekly,0.0,persistently_below_weekly,0.0,0.0,0.0,0.0,0,0
A,80672020,8,2006,10,2010,R8KCNT,R10KCNT,0.0,0.0,less_than_weekly,less_than_weekly,0.0,persistently_below_weekly,0.0,0.0,0.0,0.0,0,0
A,80758020,8,2006,10,2010,R8KCNT,R10KCNT,1.0,1.0,weekly,weekly,0.0,maintained_weekly,1.0,1.0,1.0,1.0,1,1
A,80809020,8,2006,10,2010,R8KCNT,R10KCNT,1.0,,weekly,leave_behind_not_completed_or_ineligible,,,1.0,,1.0,,1,.l
A,80836010,8,2006,10,2010,R8KCNT,R10KCNT,1.0,0.0,weekly,less_than_weekly,-1.0,decreased_below_weekly,1.0,0.0,1.0,,1,0
A,80875040,8,2006,10,2010,R8KCNT,R10KCNT,1.0,1.0,weekly,weekly,0.0,maintained_weekly,1.0,,1.0,1.0,1,1
A,80892020,8,2006,10,2010,R8KCNT,R10KCNT,,,missing_response,leave_behind_not_completed_or_ineligible,,,,,,,.m,.l
A,80929010,8,2006,10,2010,R8KCNT,R10KCNT,1.0,1.0,weekly,weekly,0.0,maintained_weekly,1.0,1.0,1.0,1.0,1,1
A,80969010,8,2006,10,2010,R8KCNT,R10KCNT,0.0,0.0,less_than_weekly,less_than_weekly,0.0,persistently_below_weekly,0.0,0.0,0.0,0.0,0,0
A,81005040,8,2006,10,2010,R8KCNT,R10KCNT,0.0,1.0,less_than_weekly,weekly,1.0,increased_to_weekly,0.0,1.0,0.0,1.0,0,1
A,81111020,8,2006,10,2010,R8KCNT,R10KCNT,1.0,1.0,weekly,weekly,0.0,maintained_weekly,1.0,1.0,1.0,1.0,1,1
A,81113010,8,2006,10,2010,R8KCNT,R10KCNT,,1.0,leave_behind_not_completed_or_ineligible,weekly,,,,0.0,,1.0,.l,1
A,81113040,8,2006,10,2010,R8KCNT,R10KCNT,1.0,1.0,weekly,weekly,0.0,maintained_weekly,0.0,1.0,1.0,1.0,1,1
A,81138030,8,2006,10,2010,R8KCNT,R10KCNT,,,no_children,no_children,,,,,,,.k,.k
A,81173010,8,2006,10,2010,R8KCNT,R10KCNT,1.0,1.0,weekly,weekly,0.0,maintained_weekly,0.0,0.0,1.0,1.0,1,1
A,81173020,8,2006,10,2010,R8KCNT,R10KCNT,1.0,1.0,weekly,weekly,0.0,maintained_weekly,0.0,0.0,1.0,1.0,1,1
A,81174010,8,2006,10,2010,R8KCNT,R10KCNT,,1.0,not_interviewed_or_plain_missing,weekly,,,,1.0,,1.0,.,1
A,81198020,8,2006,10,2010,R8KCNT,R10KCNT,1.0,,weekly,leave_behind_not_completed_or_ineligible,,,1.0,,1.0,,1,.l
A,81198030,8,2006,10,2010,R8KCNT,R10KCNT,0.0,,less_than_weekly,leave_behind_not_completed_or_ineligible,,,0.0,,0.0,,0,.l
A,81214010,8,2006,10,2010,R8KCNT,R10KCNT,1.0,1.0,weekly,weekly,0.0,maintained_weekly,1.0,1.0,1.0,1.0,1,1
A,81221010,8,2006,10,2010,R8KCNT,R10KCNT,1.0,1.0,weekly,weekly,0.0,maintained_weekly,1.0,1.0,1.0,1.0,1,1
A,81228010,8,2006,10,2010,R8KCNT,R10KCNT,1.0,1.0,weekly,weekly,0.0,maintained_weekly,0.0,0.0,1.0,1.0,1,1
A,81266010,8,2006,10,2010,R8KCNT,R10KCNT,1.0,1.0,weekly,weekly,0.0,maintained_weekly,1.0,0.0,1.0,1.0,1,1
A,81333020,8,2006,10,2010,R8KCNT,R10KCNT,1.0,1.0,weekly,weekly,0.0,maintained_weekly,0.0,0.0,1.0,1.0,1,1
A,81343010,8,2006,10,2010,R8KCNT,R10KCNT,,1.0,leave_behind_not_completed_or_ineligible,weekly,,,,1.0,,1.0,.l,1
A,81443010,8,2006,10,2010,R8KCNT,R10KCNT,1.0,0.0,weekly,less_than_weekly,-1.0,decreased_below_weekly,1.0,0.0,1.0,0.0,1,0
A,81443020,8,2006,10,2010,R8KCNT,R10KCNT,1.0,1.0,weekly,weekly,0.0,maintained_weekly,1.0,0.0,1.0,1.0,1,1
A,81445011,8,2006,10,2010,R8KCNT,R10KCNT,1.0,1.0,weekly,weekly,0.0,maintained_weekly,0.0,1.0,1.0,1.0,1,1
A,81518010,8,2006,10,2010,R8KCNT,R10KCNT,0.0,1.0,less_than_weekly,weekly,1.0,increased_to_weekly,0.0,1.0,0.0,1.0,0,1
A,81521010,8,2006,10,2010,R8KCNT,R10KCNT,1.0,1.0,weekly,weekly,0.0,maintained_weekly,1.0,1.0,1.0,1.0,1,1
A,81522010,8,2006,10,2010,R8KCNT,R10KCNT,1.0,1.0,weekly,weekly,0.0,maintained_weekly,0.0,0.0,1.0,1.0,1,1
A,81545010,8,2006,10,2010,R8KCNT,R10KCNT,1.0,1.0,weekly,weekly,0.0,maintained_weekly,0.0,0.0,1.0,1.0,1,1
A,81553010,8,2006,10,2010,R8KCNT,R10KCNT,1.0,1.0,weekly,weekly,0.0,maintained_weekly,1.0,0.0,1.0,1.0,1,1
A,81553020,8,2006,10,2010,R8KCNT,R10KCNT,1.0,0.0,weekly,less_than_weekly,-1.0,decreased_below_weekly,1.0,0.0,1.0,0.0,1,0
A,81554010,8,2006,10,2010,R8KCNT,R10KCNT,1.0,1.0,weekly,weekly,0.0,maintained_weekly,0.0,0.0,1.0,1.0,1,1
A,81554020,8,2006,10,2010,R8KCNT,R10KCNT,1.0,1.0,weekly,weekly,0.0,maintained_weekly,0.0,0.0,1.0,1.0,1,1
A,81561010,8,2006,10,2010,R8KCNT,R10KCNT,1.0,1.0,weekly,weekly,0.0,maintained_weekly,1.0,1.0,1.0,1.0,1,1
A,81561040,8,2006,10,2010,R8KCNT,R10KCNT,1.0,1.0,weekly,weekly,0.0,maintained_weekly,1.0,0.0,1.0,1.0,1,1
A,81731040,8,2006,10,2010,R8KCNT,R10KCNT,,,no_children,no_children,,,,,,,.k,.k
A,81756020,8,2006,10,2010,R8KCNT,R10KCNT,1.0,1.0,weekly,weekly,0.0,maintained_weekly,1.0,1.0,1.0,1.0,1,1
A,81756030,8,2006,10,2010,R8KCNT,R10KCNT,1.0,1.0,weekly,weekly,0.0,maintained_weekly,1.0,1.0,1.0,1.0,1,1
A,81804010,8,2006,10,2010,R8KCNT,R10KCNT,1.0,1.0,weekly,weekly,0.0,maintained_weekly,0.0,0.0,1.0,1.0,1,1
A,81814020,8,2006,10,2010,R8KCNT,R10KCNT,1.0,1.0,weekly,weekly,0.0,maintained_weekly,0.0,0.0,1.0,1.0,1,1
A,81821010,8,2006,10,2010,R8KCNT,R10KCNT,1.0,1.0,weekly,weekly,0.0,maintained_weekly,1.0,1.0,1.0,1.0,1,1
A,81821020,8,2006,10,2010,R8KCNT,R10KCNT,1.0,1.0,weekly,weekly,0.0,maintained_weekly,1.0,1.0,1.0,1.0,1,1
A,81834010,8,2006,10,2010,R8KCNT,R10KCNT,1.0,0.0,weekly,less_than_weekly,-1.0,decreased_below_weekly,1.0,0.0,1.0,0.0,1,0
A,81834020,8,2006,10,2010,R8KCNT,R10KCNT,1.0,0.0,weekly,less_than_weekly,-1.0,decreased_below_weekly,1.0,0.0,1.0,0.0,1,0
A,81848020,8,2006,10,2010,R8KCNT,R10KCNT,1.0,1.0,weekly,weekly,0.0,maintained_weekly,1.0,0.0,1.0,1.0,1,1
A,81869010,8,2006,10,2010,R8KCNT,R10KCNT,1.0,1.0,weekly,weekly,0.0,maintained_weekly,0.0,0.0,1.0,1.0,1,1
A,81869020,8,2006,10,2010,R8KCNT,R10KCNT,1.0,1.0,weekly,weekly,0.0,maintained_weekly,0.0,0.0,1.0,1.0,1,1
A,81879010,8,2006,10,2010,R8KCNT,R10KCNT,1.0,1.0,weekly,weekly,0.0,maintained_weekly,1.0,1.0,1.0,1.0,1,1
A,81879020,8,2006,10,2010,R8KCNT,R10KCNT,1.0,1.0,weekly,weekly,0.0,maintained_weekly,1.0,1.0,,0.0,1,1
A,81929010,8,2006,10,2010,R8KCNT,R10KCNT,0.0,0.0,less_than_weekly,less_than_weekly,0.0,persistently_below_weekly,0.0,0.0,0.0,0.0,0,0
A,81933010,8,2006,10,2010,R8KCNT,R10KCNT,1.0,1.0,weekly,weekly,0.0,maintained_weekly,0.0,0.0,1.0,1.0,1,1
A,81949010,8,2006,10,2010,R8KCNT,R10KCNT,1.0,1.0,weekly,weekly,0.0,maintained_weekly,0.0,1.0,1.0,1.0,1,1
A,81959010,8,2006,10,2010,R8KCNT,R10KCNT,0.0,1.0,less_than_weekly,weekly,1.0,increased_to_weekly,0.0,0.0,0.0,1.0,0,1
A,81959011,8,2006,10,2010,R8KCNT,R10KCNT,1.0,1.0,weekly,weekly,0.0,maintained_weekly,1.0,1.0,1.0,1.0,1,1
A,82030010,8,2006,10,2010,R8KCNT,R10KCNT,1.0,1.0,weekly,weekly,0.0,maintained_weekly,0.0,0.0,1.0,1.0,1,1
A,82096020,8,2006,10,2010,R8KCNT,R10KCNT,1.0,,weekly,leave_behind_not_completed_or_ineligible,,,0.0,,1.0,,1,.l
A,82147020,8,2006,10,2010,R8KCNT,R10KCNT,1.0,1.0,weekly,weekly,0.0,maintained_weekly,1.0,1.0,1.0,1.0,1,1
A,82157020,8,2006,10,2010,R8KCNT,R10KCNT,1.0,1.0,weekly,weekly,0.0,maintained_weekly,0.0,0.0,1.0,1.0,1,1
A,82161040,8,2006,10,2010,R8KCNT,R10KCNT,1.0,1.0,weekly,weekly,0.0,maintained_weekly,1.0,1.0,1.0,1.0,1,1
A,82179010,8,2006,10,2010,R8KCNT,R10KCNT,1.0,1.0,weekly,weekly,0.0,maintained_weekly,1.0,1.0,1.0,1.0,1,1
A,82179020,8,2006,10,2010,R8KCNT,R10KCNT,1.0,1.0,weekly,weekly,0.0,maintained_weekly,1.0,1.0,1.0,1.0,1,1
A,82207010,8,2006,10,2010,R8KCNT,R10KCNT,0.0,0.0,less_than_weekly,less_than_weekly,0.0,persistently_below_weekly,0.0,0.0,0.0,0.0,0,0
A,82213020,8,2006,10,2010,R8KCNT,R10KCNT,,,no_children,no_children,,,,,,,.k,.k
A,82223010,8,2006,10,2010,R8KCNT,R10KCNT,1.0,1.0,weekly,weekly,0.0,maintained_weekly,1.0,1.0,1.0,1.0,1,1
A,82223020,8,2006,10,2010,R8KCNT,R10KCNT,1.0,1.0,weekly,weekly,0.0,maintained_weekly,0.0,1.0,1.0,1.0,1,1
A,82247010,8,2006,10,2010,R8KCNT,R10KCNT,,,no_children,no_children,,,,,,,.k,.k
A,82247020,8,2006,10,2010,R8KCNT,R10KCNT,0.0,0.0,less_than_weekly,less_than_weekly,0.0,persistently_below_weekly,0.0,0.0,0.0,0.0,0,0
A,82258010,8,2006,10,2010,R8KCNT,R10KCNT,1.0,1.0,weekly,weekly,0.0,maintained_weekly,1.0,1.0,1.0,0.0,1,1
A,82258020,8,2006,10,2010,R8KCNT,R10KCNT,1.0,1.0,weekly,weekly,0.0,maintained_weekly,1.0,1.0,1.0,1.0,1,1
A,82315020,8,2006,10,2010,R8KCNT,R10KCNT,1.0,1.0,weekly,weekly,0.0,maintained_weekly,0.0,0.0,1.0,1.0,1,1
A,82315030,8,2006,10,2010,R8KCNT,R10KCNT,1.0,1.0,weekly,weekly,0.0,maintained_weekly,0.0,0.0,1.0,1.0,1,1
A,82369010,8,2006,10,2010,R8KCNT,R10KCNT,1.0,1.0,weekly,weekly,0.0,maintained_weekly,0.0,1.0,1.0,1.0,1,1
A,82417010,8,2006,10,2010,R8KCNT,R10KCNT,1.0,,weekly,missing_response,,,,,1.0,,1,.m
A,82433010,8,2006,10,2010,R8KCNT,R10KCNT,1.0,0.0,weekly,less_than_weekly,-1.0,decreased_below_weekly,1.0,0.0,1.0,0.0,1,0
A,82440010,8,2006,10,2010,R8KCNT,R10KCNT,0.0,1.0,less_than_weekly,weekly,1.0,increased_to_weekly,0.0,0.0,0.0,1.0,0,1
A,82468020,8,2006,10,2010,R8KCNT,R10KCNT,,0.0,leave_behind_not_completed_or_ineligible,less_than_weekly,,,,0.0,,0.0,.l,0
A,82468021,8,2006,10,2010,R8KCNT,R10KCNT,,,no_children,no_children,,,,,,,.k,.k
A,82483010,8,2006,10,2010,R8KCNT,R10KCNT,0.0,1.0,less_than_weekly,weekly,1.0,increased_to_weekly,0.0,0.0,0.0,1.0,0,1
A,82486010,8,2006,10,2010,R8KCNT,R10KCNT,1.0,0.0,weekly,less_than_weekly,-1.0,decreased_below_weekly,0.0,0.0,1.0,0.0,1,0
A,82486020,8,2006,10,2010,R8KCNT,R10KCNT,1.0,,weekly,leave_behind_not_completed_or_ineligible,,,0.0,,1.0,,1,.l
A,82501040,8,2006,10,2010,R8KCNT,R10KCNT,1.0,1.0,weekly,weekly,0.0,maintained_weekly,1.0,,1.0,1.0,1,1
A,82553010,8,2006,10,2010,R8KCNT,R10KCNT,0.0,1.0,less_than_weekly,weekly,1.0,increased_to_weekly,0.0,0.0,0.0,1.0,0,1
A,82694020,8,2006,10,2010,R8KCNT,R10KCNT,1.0,1.0,weekly,weekly,0.0,maintained_weekly,1.0,1.0,1.0,1.0,1,1
A,82742010,8,2006,10,2010,R8KCNT,R10KCNT,1.0,1.0,weekly,weekly,0.0,maintained_weekly,1.0,1.0,1.0,1.0,1,1
A,82778010,8,2006,10,2010,R8KCNT,R10KCNT,1.0,0.0,weekly,less_than_weekly,-1.0,decreased_below_weekly,0.0,0.0,1.0,0.0,1,0
A,82778011,8,2006,10,2010,R8KCNT,R10KCNT,1.0,1.0,weekly,weekly,0.0,maintained_weekly,1.0,1.0,1.0,0.0,1,1
A,82779010,8,2006,10,2010,R8KCNT,R10KCNT,1.0,1.0,weekly,weekly,0.0,maintained_weekly,0.0,0.0,1.0,1.0,1,1
A,82795010,8,2006,10,2010,R8KCNT,R10KCNT,1.0,1.0,weekly,weekly,0.0,maintained_weekly,1.0,1.0,1.0,1.0,1,1
A,82795020,8,2006,10,2010,R8KCNT,R10KCNT,0.0,1.0,less_than_weekly,weekly,1.0,increased_to_weekly,0.0,1.0,0.0,0.0,0,1
A,82825020,8,2006,10,2010,R8KCNT,R10KCNT,1.0,1.0,weekly,weekly,0.0,maintained_weekly,0.0,0.0,1.0,1.0,1,1
A,82849010,8,2006,10,2010,R8KCNT,R10KCNT,1.0,1.0,weekly,weekly,0.0,maintained_weekly,0.0,0.0,1.0,1.0,1,1
A,82896020,8,2006,10,2010,R8KCNT,R10KCNT,1.0,1.0,weekly,weekly,0.0,maintained_weekly,1.0,,1.0,1.0,1,1
A,82907010,8,2006,10,2010,R8KCNT,R10KCNT,1.0,1.0,weekly,weekly,0.0,maintained_weekly,0.0,1.0,1.0,0.0,1,1
A,82907020,8,2006,10,2010,R8KCNT,R10KCNT,1.0,1.0,weekly,weekly,0.0,maintained_weekly,0.0,0.0,1.0,1.0,1,1
A,82909010,8,2006,10,2010,R8KCNT,R10KCNT,0.0,0.0,less_than_weekly,less_than_weekly,0.0,persistently_below_weekly,0.0,0.0,0.0,0.0,0,0
A,82923010,8,2006,10,2010,R8KCNT,R10KCNT,1.0,,weekly,leave_behind_not_completed_or_ineligible,,,1.0,,1.0,,1,.l
A,82924020,8,2006,10,2010,R8KCNT,R10KCNT,,,no_children,no_children,,,,,,,.k,.k
A,82924030,8,2006,10,2010,R8KCNT,R10KCNT,0.0,0.0,less_than_weekly,less_than_weekly,0.0,persistently_below_weekly,0.0,0.0,0.0,0.0,0,0
A,82935010,8,2006,10,2010,R8KCNT,R10KCNT,1.0,0.0,weekly,less_than_weekly,-1.0,decreased_below_weekly,1.0,0.0,1.0,0.0,1,0
A,82935040,8,2006,10,2010,R8KCNT,R10KCNT,,0.0,leave_behind_not_completed_or_ineligible,less_than_weekly,,,,0.0,,0.0,.l,0
A,82952010,8,2006,10,2010,R8KCNT,R10KCNT,1.0,1.0,weekly,weekly,0.0,maintained_weekly,1.0,1.0,1.0,1.0,1,1
A,82952020,8,2006,10,2010,R8KCNT,R10KCNT,1.0,1.0,weekly,weekly,0.0,maintained_weekly,0.0,1.0,1.0,1.0,1,1
A,83051010,8,2006,10,2010,R8KCNT,R10KCNT,1.0,1.0,weekly,weekly,0.0,maintained_weekly,0.0,1.0,1.0,1.0,1,1
A,83051020,8,2006,10,2010,R8KCNT,R10KCNT,1.0,1.0,weekly,weekly,0.0,maintained_weekly,1.0,1.0,1.0,1.0,1,1
A,83217020,8,2006,10,2010,R8KCNT,R10KCNT,1.0,1.0,weekly,weekly,0.0,maintained_weekly,0.0,0.0,1.0,1.0,1,1
A,83228010,8,2006,10,2010,R8KCNT,R10KCNT,1.0,1.0,weekly,weekly,0.0,maintained_weekly,0.0,0.0,1.0,1.0,1,1
A,83228040,8,2006,10,2010,R8KCNT,R10KCNT,1.0,0.0,weekly,less_than_weekly,-1.0,decreased_below_weekly,0.0,0.0,1.0,0.0,1,0
A,83229020,8,2006,10,2010,R8KCNT,R10KCNT,0.0,1.0,less_than_weekly,weekly,1.0,increased_to_weekly,0.0,0.0,0.0,1.0,0,1
A,83229030,8,2006,10,2010,R8KCNT,R10KCNT,1.0,1.0,weekly,weekly,0.0,maintained_weekly,0.0,0.0,1.0,1.0,1,1
A,83307010,8,2006,10,2010,R8KCNT,R10KCNT,1.0,1.0,weekly,weekly,0.0,maintained_weekly,1.0,1.0,1.0,1.0,1,1
A,83313010,8,2006,10,2010,R8KCNT,R10KCNT,1.0,1.0,weekly,weekly,0.0,maintained_weekly,0.0,1.0,1.0,1.0,1,1
A,83407010,8,2006,10,2010,R8KCNT,R10KCNT,1.0,1.0,weekly,weekly,0.0,maintained_weekly,1.0,1.0,1.0,1.0,1,1
A,83411010,8,2006,10,2010,R8KCNT,R10KCNT,1.0,1.0,weekly,weekly,0.0,maintained_weekly,1.0,1.0,1.0,1.0,1,1
A,83411020,8,2006,10,2010,R8KCNT,R10KCNT,1.0,1.0,weekly,weekly,0.0,maintained_weekly,1.0,1.0,1.0,1.0,1,1
A,83473010,8,2006,10,2010,R8KCNT,R10KCNT,1.0,1.0,weekly,weekly,0.0,maintained_weekly,0.0,0.0,1.0,1.0,1,1
A,83486010,8,2006,10,2010,R8KCNT,R10KCNT,1.0,1.0,weekly,weekly,0.0,maintained_weekly,1.0,1.0,1.0,1.0,1,1
A,83494010,8,2006,10,2010,R8KCNT,R10KCNT,1.0,1.0,weekly,weekly,0.0,maintained_weekly,0.0,0.0,1.0,1.0,1,1
A,83494020,8,2006,10,2010,R8KCNT,R10KCNT,1.0,1.0,weekly,weekly,0.0,maintained_weekly,0.0,0.0,1.0,1.0,1,1
A,83543010,8,2006,10,2010,R8KCNT,R10KCNT,1.0,1.0,weekly,weekly,0.0,maintained_weekly,1.0,1.0,0.0,1.0,1,1
A,83543020,8,2006,10,2010,R8KCNT,R10KCNT,1.0,1.0,weekly,weekly,0.0,maintained_weekly,1.0,1.0,0.0,0.0,1,1
A,83549010,8,2006,10,2010,R8KCNT,R10KCNT,1.0,1.0,weekly,weekly,0.0,maintained_weekly,1.0,1.0,1.0,1.0,1,1
A,83549020,8,2006,10,2010,R8KCNT,R10KCNT,1.0,1.0,weekly,weekly,0.0,maintained_weekly,1.0,1.0,1.0,1.0,1,1
A,83554020,8,2006,10,2010,R8KCNT,R10KCNT,1.0,1.0,weekly,weekly,0.0,maintained_weekly,1.0,1.0,0.0,0.0,1,1
A,83556020,8,2006,10,2010,R8KCNT,R10KCNT,1.0,1.0,weekly,weekly,0.0,maintained_weekly,1.0,0.0,1.0,1.0,1,1
A,83578010,8,2006,10,2010,R8KCNT,R10KCNT,,0.0,no_children,less_than_weekly,,,,0.0,,0.0,.k,0
A,83584010,8,2006,10,2010,R8KCNT,R10KCNT,1.0,1.0,weekly,weekly,0.0,maintained_weekly,1.0,0.0,1.0,1.0,1,1
A,83584020,8,2006,10,2010,R8KCNT,R10KCNT,1.0,1.0,weekly,weekly,0.0,maintained_weekly,0.0,1.0,1.0,1.0,1,1
A,83592020,8,2006,10,2010,R8KCNT,R10KCNT,1.0,1.0,weekly,weekly,0.0,maintained_weekly,1.0,1.0,1.0,1.0,1,1
A,83603010,8,2006,10,2010,R8KCNT,R10KCNT,1.0,1.0,weekly,weekly,0.0,maintained_weekly,1.0,1.0,1.0,1.0,1,1
A,83676010,8,2006,10,2010,R8KCNT,R10KCNT,1.0,1.0,weekly,weekly,0.0,maintained_weekly,1.0,1.0,1.0,1.0,1,1
A,83676020,8,2006,10,2010,R8KCNT,R10KCNT,1.0,1.0,weekly,weekly,0.0,maintained_weekly,1.0,1.0,0.0,1.0,1,1
A,83692020,8,2006,10,2010,R8KCNT,R10KCNT,0.0,1.0,less_than_weekly,weekly,1.0,increased_to_weekly,0.0,0.0,0.0,1.0,0,1
A,83714020,8,2006,10,2010,R8KCNT,R10KCNT,1.0,1.0,weekly,weekly,0.0,maintained_weekly,1.0,1.0,1.0,1.0,1,1
A,83714030,8,2006,10,2010,R8KCNT,R10KCNT,1.0,1.0,weekly,weekly,0.0,maintained_weekly,0.0,0.0,1.0,1.0,1,1
A,83836010,8,2006,10,2010,R8KCNT,R10KCNT,1.0,1.0,weekly,weekly,0.0,maintained_weekly,1.0,1.0,1.0,1.0,1,1
A,83865010,8,2006,10,2010,R8KCNT,R10KCNT,1.0,1.0,weekly,weekly,0.0,maintained_weekly,0.0,0.0,1.0,1.0,1,1
A,83871020,8,2006,10,2010,R8KCNT,R10KCNT,1.0,0.0,weekly,less_than_weekly,-1.0,decreased_below_weekly,0.0,0.0,1.0,0.0,1,0
A,83874020,8,2006,10,2010,R8KCNT,R10KCNT,1.0,1.0,weekly,weekly,0.0,maintained_weekly,1.0,1.0,1.0,1.0,1,1
A,83904010,8,2006,10,2010,R8KCNT,R10KCNT,1.0,1.0,weekly,weekly,0.0,maintained_weekly,0.0,0.0,1.0,1.0,1,1
A,83918010,8,2006,10,2010,R8KCNT,R10KCNT,1.0,0.0,weekly,less_than_weekly,-1.0,decreased_below_weekly,0.0,0.0,1.0,0.0,1,0
A,83918020,8,2006,10,2010,R8KCNT,R10KCNT,1.0,1.0,weekly,weekly,0.0,maintained_weekly,0.0,0.0,1.0,1.0,1,1
A,83951020,8,2006,10,2010,R8KCNT,R10KCNT,1.0,1.0,weekly,weekly,0.0,maintained_weekly,1.0,1.0,1.0,1.0,1,1
A,83951021,8,2006,10,2010,R8KCNT,R10KCNT,1.0,1.0,weekly,weekly,0.0,maintained_weekly,1.0,1.0,1.0,1.0,1,1
A,83974010,8,2006,10,2010,R8KCNT,R10KCNT,1.0,1.0,weekly,weekly,0.0,maintained_weekly,1.0,1.0,1.0,1.0,1,1
A,83974040,8,2006,10,2010,R8KCNT,R10KCNT,,1.0,leave_behind_not_completed_or_ineligible,weekly,,,,1.0,,1.0,.l,1
A,83976020,8,2006,10,2010,R8KCNT,R10KCNT,1.0,1.0,weekly,weekly,0.0,maintained_weekly,0.0,0.0,1.0,1.0,1,1
A,83977010,8,2006,10,2010,R8KCNT,R10KCNT,1.0,1.0,weekly,weekly,0.0,maintained_weekly,0.0,0.0,1.0,1.0,1,1
A,83977020,8,2006,10,2010,R8KCNT,R10KCNT,0.0,1.0,less_than_weekly,weekly,1.0,increased_to_weekly,0.0,0.0,0.0,1.0,0,1
A,83988010,8,2006,10,2010,R8KCNT,R10KCNT,1.0,1.0,weekly,weekly,0.0,maintained_weekly,0.0,1.0,1.0,1.0,1,1
A,84039010,8,2006,10,2010,R8KCNT,R10KCNT,,,no_children,no_children,,,,,,,.k,.k
A,84148010,8,2006,10,2010,R8KCNT,R10KCNT,1.0,1.0,weekly,weekly,0.0,maintained_weekly,1.0,0.0,1.0,1.0,1,1
A,84148020,8,2006,10,2010,R8KCNT,R10KCNT,1.0,1.0,weekly,weekly,0.0,maintained_weekly,1.0,1.0,1.0,1.0,1,1
A,84149040,8,2006,10,2010,R8KCNT,R10KCNT,1.0,1.0,weekly,weekly,0.0,maintained_weekly,1.0,1.0,1.0,1.0,1,1
A,84246010,8,2006,10,2010,R8KCNT,R10KCNT,1.0,0.0,weekly,less_than_weekly,-1.0,decreased_below_weekly,1.0,0.0,1.0,0.0,1,0
A,84246020,8,2006,10,2010,R8KCNT,R10KCNT,1.0,1.0,weekly,weekly,0.0,maintained_weekly,1.0,1.0,1.0,0.0,1,1
A,84257020,8,2006,10,2010,R8KCNT,R10KCNT,,1.0,leave_behind_not_completed_or_ineligible,weekly,,,,1.0,,1.0,.l,1
A,84257030,8,2006,10,2010,R8KCNT,R10KCNT,1.0,1.0,weekly,weekly,0.0,maintained_weekly,0.0,1.0,1.0,1.0,1,1
A,84267010,8,2006,10,2010,R8KCNT,R10KCNT,1.0,1.0,weekly,weekly,0.0,maintained_weekly,0.0,0.0,1.0,1.0,1,1
A,84267020,8,2006,10,2010,R8KCNT,R10KCNT,1.0,1.0,weekly,weekly,0.0,maintained_weekly,0.0,0.0,1.0,1.0,1,1
A,84287010,8,2006,10,2010,R8KCNT,R10KCNT,1.0,1.0,weekly,weekly,0.0,maintained_weekly,1.0,1.0,1.0,1.0,1,1
A,84298010,8,2006,10,2010,R8KCNT,R10KCNT,1.0,1.0,weekly,weekly,0.0,maintained_weekly,1.0,1.0,1.0,1.0,1,1
A,84298020,8,2006,10,2010,R8KCNT,R10KCNT,1.0,1.0,weekly,weekly,0.0,maintained_weekly,1.0,1.0,1.0,1.0,1,1
A,84317020,8,2006,10,2010,R8KCNT,R10KCNT,0.0,,less_than_weekly,no_children,,,0.0,,0.0,,0,.k
A,84326020,8,2006,10,2010,R8KCNT,R10KCNT,1.0,1.0,weekly,weekly,0.0,maintained_weekly,1.0,1.0,1.0,1.0,1,1
A,84326030,8,2006,10,2010,R8KCNT,R10KCNT,1.0,1.0,weekly,weekly,0.0,maintained_weekly,1.0,1.0,1.0,1.0,1,1
A,84388010,8,2006,10,2010,R8KCNT,R10KCNT,1.0,1.0,weekly,weekly,0.0,maintained_weekly,1.0,1.0,1.0,1.0,1,1
A,84399010,8,2006,10,2010,R8KCNT,R10KCNT,1.0,0.0,weekly,less_than_weekly,-1.0,decreased_below_weekly,0.0,0.0,1.0,0.0,1,0
A,84399011,8,2006,10,2010,R8KCNT,R10KCNT,1.0,1.0,weekly,weekly,0.0,maintained_weekly,0.0,0.0,1.0,1.0,1,1
A,84424010,8,2006,10,2010,R8KCNT,R10KCNT,1.0,1.0,weekly,weekly,0.0,maintained_weekly,1.0,1.0,1.0,1.0,1,1
A,84465010,8,2006,10,2010,R8KCNT,R10KCNT,1.0,1.0,weekly,weekly,0.0,maintained_weekly,0.0,0.0,1.0,1.0,1,1
A,84465020,8,2006,10,2010,R8KCNT,R10KCNT,1.0,1.0,weekly,weekly,0.0,maintained_weekly,1.0,0.0,1.0,1.0,1,1
A,84478030,8,2006,10,2010,R8KCNT,R10KCNT,1.0,1.0,weekly,weekly,0.0,maintained_weekly,1.0,1.0,1.0,1.0,1,1
A,84482010,8,2006,10,2010,R8KCNT,R10KCNT,1.0,1.0,weekly,weekly,0.0,maintained_weekly,0.0,0.0,1.0,1.0,1,1
A,84482020,8,2006,10,2010,R8KCNT,R10KCNT,1.0,1.0,weekly,weekly,0.0,maintained_weekly,0.0,1.0,1.0,1.0,1,1
A,84483020,8,2006,10,2010,R8KCNT,R10KCNT,1.0,1.0,weekly,weekly,0.0,maintained_weekly,1.0,,1.0,1.0,1,1
A,84486020,8,2006,10,2010,R8KCNT,R10KCNT,1.0,1.0,weekly,weekly,0.0,maintained_weekly,0.0,1.0,1.0,1.0,1,1
A,84495010,8,2006,10,2010,R8KCNT,R10KCNT,1.0,1.0,weekly,weekly,0.0,maintained_weekly,0.0,0.0,1.0,1.0,1,1
A,84495020,8,2006,10,2010,R8KCNT,R10KCNT,1.0,1.0,weekly,weekly,0.0,maintained_weekly,0.0,0.0,1.0,1.0,1,1
A,84501010,8,2006,10,2010,R8KCNT,R10KCNT,1.0,0.0,weekly,less_than_weekly,-1.0,decreased_below_weekly,1.0,0.0,1.0,0.0,1,0
A,84535010,8,2006,10,2010,R8KCNT,R10KCNT,1.0,1.0,weekly,weekly,0.0,maintained_weekly,0.0,1.0,1.0,1.0,1,1
A,84549010,8,2006,10,2010,R8KCNT,R10KCNT,1.0,,weekly,leave_behind_not_completed_or_ineligible,,,1.0,,1.0,,1,.l
A,84558010,8,2006,10,2010,R8KCNT,R10KCNT,,,no_children,no_children,,,,,,,.k,.k
A,84585010,8,2006,10,2010,R8KCNT,R10KCNT,,1.0,leave_behind_not_completed_or_ineligible,weekly,,,,1.0,,1.0,.l,1
A,84622020,8,2006,10,2010,R8KCNT,R10KCNT,1.0,1.0,weekly,weekly,0.0,maintained_weekly,1.0,0.0,1.0,1.0,1,1
A,84643010,8,2006,10,2010,R8KCNT,R10KCNT,1.0,1.0,weekly,weekly,0.0,maintained_weekly,1.0,1.0,1.0,1.0,1,1
A,84643020,8,2006,10,2010,R8KCNT,R10KCNT,1.0,1.0,weekly,weekly,0.0,maintained_weekly,1.0,1.0,1.0,1.0,1,1
A,84648010,8,2006,10,2010,R8KCNT,R10KCNT,0.0,1.0,less_than_weekly,weekly,1.0,increased_to_weekly,0.0,0.0,0.0,1.0,0,1
A,84709010,8,2006,10,2010,R8KCNT,R10KCNT,1.0,1.0,weekly,weekly,0.0,maintained_weekly,1.0,1.0,1.0,1.0,1,1
A,84725010,8,2006,10,2010,R8KCNT,R10KCNT,1.0,1.0,weekly,weekly,0.0,maintained_weekly,0.0,1.0,1.0,1.0,1,1
A,84757010,8,2006,10,2010,R8KCNT,R10KCNT,,,no_children,no_children,,,,,,,.k,.k
A,84757040,8,2006,10,2010,R8KCNT,R10KCNT,,,no_children,no_children,,,,,,,.k,.k
A,84809010,8,2006,10,2010,R8KCNT,R10KCNT,1.0,1.0,weekly,weekly,0.0,maintained_weekly,0.0,1.0,1.0,1.0,1,1
A,84809020,8,2006,10,2010,R8KCNT,R10KCNT,1.0,0.0,weekly,less_than_weekly,-1.0,decreased_below_weekly,0.0,0.0,1.0,0.0,1,0
A,84829020,8,2006,10,2010,R8KCNT,R10KCNT,1.0,1.0,weekly,weekly,0.0,maintained_weekly,1.0,1.0,1.0,1.0,1,1
A,84829030,8,2006,10,2010,R8KCNT,R10KCNT,1.0,1.0,weekly,weekly,0.0,maintained_weekly,0.0,1.0,1.0,1.0,1,1
A,84836010,8,2006,10,2010,R8KCNT,R10KCNT,1.0,1.0,weekly,weekly,0.0,maintained_weekly,1.0,1.0,0.0,1.0,1,1
A,84926010,8,2006,10,2010,R8KCNT,R10KCNT,1.0,1.0,weekly,weekly,0.0,maintained_weekly,0.0,0.0,1.0,1.0,1,1
A,84947010,8,2006,10,2010,R8KCNT,R10KCNT,0.0,0.0,less_than_weekly,less_than_weekly,0.0,persistently_below_weekly,0.0,0.0,0.0,0.0,0,0
A,84966010,8,2006,10,2010,R8KCNT,R10KCNT,1.0,1.0,weekly,weekly,0.0,maintained_weekly,1.0,0.0,1.0,1.0,1,1
A,84966020,8,2006,10,2010,R8KCNT,R10KCNT,1.0,1.0,weekly,weekly,0.0,maintained_weekly,1.0,0.0,1.0,1.0,1,1
A,85002010,8,2006,10,2010,R8KCNT,R10KCNT,,,no_children,no_children,,,,,,,.k,.k
A,85048020,8,2006,10,2010,R8KCNT,R10KCNT,1.0,1.0,weekly,weekly,0.0,maintained_weekly,0.0,1.0,1.0,1.0,1,1
A,85066010,8,2006,10,2010,R8KCNT,R10KCNT,1.0,1.0,weekly,weekly,0.0,maintained_weekly,1.0,0.0,1.0,1.0,1,1
A,85066011,8,2006,10,2010,R8KCNT,R10KCNT,1.0,,weekly,leave_behind_not_completed_or_ineligible,,,0.0,,1.0,,1,.l
A,85077020,8,2006,10,2010,R8KCNT,R10KCNT,1.0,1.0,weekly,weekly,0.0,maintained_weekly,1.0,1.0,1.0,1.0,1,1
A,85077021,8,2006,10,2010,R8KCNT,R10KCNT,1.0,1.0,weekly,weekly,0.0,maintained_weekly,0.0,1.0,1.0,1.0,1,1
A,85215020,8,2006,10,2010,R8KCNT,R10KCNT,,,no_children,leave_behind_not_completed_or_ineligible,,,,,,,.k,.l
A,85215030,8,2006,10,2010,R8KCNT,R10KCNT,,,no_children,no_children,,,,,,,.k,.k
A,85220010,8,2006,10,2010,R8KCNT,R10KCNT,1.0,1.0,weekly,weekly,0.0,maintained_weekly,0.0,0.0,1.0,1.0,1,1
A,85220020,8,2006,10,2010,R8KCNT,R10KCNT,1.0,0.0,weekly,less_than_weekly,-1.0,decreased_below_weekly,1.0,0.0,1.0,0.0,1,0
A,85227020,8,2006,10,2010,R8KCNT,R10KCNT,1.0,0.0,weekly,less_than_weekly,-1.0,decreased_below_weekly,0.0,0.0,1.0,0.0,1,0
A,85374010,8,2006,10,2010,R8KCNT,R10KCNT,,,leave_behind_not_completed_or_ineligible,no_children,,,,,,,.l,.k
A,85410020,8,2006,10,2010,R8KCNT,R10KCNT,,1.0,not_interviewed_or_plain_missing,weekly,,,,1.0,,1.0,.,1
A,85411020,8,2006,10,2010,R8KCNT,R10KCNT,1.0,,weekly,not_interviewed_or_plain_missing,,,0.0,,1.0,,1,.
A,85432010,8,2006,10,2010,R8KCNT,R10KCNT,1.0,1.0,weekly,weekly,0.0,maintained_weekly,,1.0,1.0,1.0,1,1
A,85432020,8,2006,10,2010,R8KCNT,R10KCNT,1.0,1.0,weekly,weekly,0.0,maintained_weekly,1.0,1.0,1.0,1.0,1,1
A,85489020,8,2006,10,2010,R8KCNT,R10KCNT,0.0,0.0,less_than_weekly,less_than_weekly,0.0,persistently_below_weekly,0.0,0.0,0.0,0.0,0,0
A,85489030,8,2006,10,2010,R8KCNT,R10KCNT,1.0,1.0,weekly,weekly,0.0,maintained_weekly,0.0,0.0,1.0,1.0,1,1
A,85569020,8,2006,10,2010,R8KCNT,R10KCNT,0.0,0.0,less_than_weekly,less_than_weekly,0.0,persistently_below_weekly,0.0,0.0,0.0,0.0,0,0
A,85569030,8,2006,10,2010,R8KCNT,R10KCNT,1.0,1.0,weekly,weekly,0.0,maintained_weekly,1.0,0.0,1.0,1.0,1,1
A,85577030,8,2006,10,2010,R8KCNT,R10KCNT,0.0,0.0,less_than_weekly,less_than_weekly,0.0,persistently_below_weekly,0.0,0.0,0.0,0.0,0,0
A,85581010,8,2006,10,2010,R8KCNT,R10KCNT,1.0,1.0,weekly,weekly,0.0,maintained_weekly,1.0,,1.0,1.0,1,1
A,85581040,8,2006,10,2010,R8KCNT,R10KCNT,0.0,1.0,less_than_weekly,weekly,1.0,increased_to_weekly,0.0,1.0,0.0,0.0,0,1
A,85582010,8,2006,10,2010,R8KCNT,R10KCNT,1.0,1.0,weekly,weekly,0.0,maintained_weekly,0.0,0.0,1.0,1.0,1,1
A,85582020,8,2006,10,2010,R8KCNT,R10KCNT,,0.0,no_children,less_than_weekly,,,,0.0,,0.0,.k,0
A,85604010,8,2006,10,2010,R8KCNT,R10KCNT,1.0,0.0,weekly,less_than_weekly,-1.0,decreased_below_weekly,1.0,0.0,1.0,0.0,1,0
A,85605010,8,2006,10,2010,R8KCNT,R10KCNT,0.0,0.0,less_than_weekly,less_than_weekly,0.0,persistently_below_weekly,0.0,0.0,0.0,0.0,0,0
A,85605040,8,2006,10,2010,R8KCNT,R10KCNT,0.0,0.0,less_than_weekly,less_than_weekly,0.0,persistently_below_weekly,0.0,0.0,0.0,0.0,0,0
A,85606020,8,2006,10,2010,R8KCNT,R10KCNT,1.0,1.0,weekly,weekly,0.0,maintained_weekly,1.0,1.0,1.0,1.0,1,1
A,85625010,8,2006,10,2010,R8KCNT,R10KCNT,0.0,0.0,less_than_weekly,less_than_weekly,0.0,persistently_below_weekly,0.0,0.0,0.0,0.0,0,0
A,85689010,8,2006,10,2010,R8KCNT,R10KCNT,1.0,1.0,weekly,weekly,0.0,maintained_weekly,0.0,0.0,1.0,1.0,1,1
A,85689020,8,2006,10,2010,R8KCNT,R10KCNT,1.0,1.0,weekly,weekly,0.0,maintained_weekly,0.0,1.0,1.0,1.0,1,1
A,85763010,8,2006,10,2010,R8KCNT,R10KCNT,1.0,1.0,weekly,weekly,0.0,maintained_weekly,0.0,0.0,1.0,1.0,1,1
A,85763020,8,2006,10,2010,R8KCNT,R10KCNT,1.0,1.0,weekly,weekly,0.0,maintained_weekly,0.0,0.0,1.0,1.0,1,1
A,85799010,8,2006,10,2010,R8KCNT,R10KCNT,,1.0,not_interviewed_or_plain_missing,weekly,,,,1.0,,1.0,.,1
A,85800010,8,2006,10,2010,R8KCNT,R10KCNT,1.0,0.0,weekly,less_than_weekly,-1.0,decreased_below_weekly,0.0,0.0,1.0,0.0,1,0
A,85809010,8,2006,10,2010,R8KCNT,R10KCNT,,,no_children,no_children,,,,,,,.k,.k
A,85809020,8,2006,10,2010,R8KCNT,R10KCNT,,,no_children,no_children,,,,,,,.k,.k
A,85814010,8,2006,10,2010,R8KCNT,R10KCNT,1.0,1.0,weekly,weekly,0.0,maintained_weekly,1.0,1.0,1.0,1.0,1,1
A,85910010,8,2006,10,2010,R8KCNT,R10KCNT,1.0,1.0,weekly,weekly,0.0,maintained_weekly,0.0,0.0,1.0,1.0,1,1
A,85920010,8,2006,10,2010,R8KCNT,R10KCNT,1.0,1.0,weekly,weekly,0.0,maintained_weekly,1.0,1.0,1.0,1.0,1,1
A,85920040,8,2006,10,2010,R8KCNT,R10KCNT,1.0,1.0,weekly,weekly,0.0,maintained_weekly,1.0,1.0,1.0,1.0,1,1
A,85979010,8,2006,10,2010,R8KCNT,R10KCNT,,,no_children,no_children,,,,,,,.k,.k
A,85979020,8,2006,10,2010,R8KCNT,R10KCNT,,,no_children,no_children,,,,,,,.k,.k
A,85991010,8,2006,10,2010,R8KCNT,R10KCNT,,1.0,leave_behind_not_completed_or_ineligible,weekly,,,,0.0,,1.0,.l,1
A,86002010,8,2006,10,2010,R8KCNT,R10KCNT,1.0,1.0,weekly,weekly,0.0,maintained_weekly,1.0,1.0,0.0,1.0,1,1
A,86009010,8,2006,10,2010,R8KCNT,R10KCNT,1.0,1.0,weekly,weekly,0.0,maintained_weekly,1.0,0.0,1.0,1.0,1,1
A,86009020,8,2006,10,2010,R8KCNT,R10KCNT,1.0,1.0,weekly,weekly,0.0,maintained_weekly,0.0,0.0,1.0,1.0,1,1
A,86056020,8,2006,10,2010,R8KCNT,R10KCNT,1.0,1.0,weekly,weekly,0.0,maintained_weekly,1.0,,1.0,1.0,1,1
A,86066020,8,2006,10,2010,R8KCNT,R10KCNT,0.0,0.0,less_than_weekly,less_than_weekly,0.0,persistently_below_weekly,0.0,0.0,0.0,0.0,0,0
A,86066030,8,2006,10,2010,R8KCNT,R10KCNT,0.0,0.0,less_than_weekly,less_than_weekly,0.0,persistently_below_weekly,0.0,0.0,0.0,0.0,0,0
A,86083010,8,2006,10,2010,R8KCNT,R10KCNT,1.0,1.0,weekly,weekly,0.0,maintained_weekly,1.0,0.0,1.0,1.0,1,1
A,86083020,8,2006,10,2010,R8KCNT,R10KCNT,1.0,1.0,weekly,weekly,0.0,maintained_weekly,0.0,0.0,1.0,1.0,1,1
A,86102010,8,2006,10,2010,R8KCNT,R10KCNT,1.0,1.0,weekly,weekly,0.0,maintained_weekly,1.0,1.0,1.0,1.0,1,1
A,86102040,8,2006,10,2010,R8KCNT,R10KCNT,1.0,1.0,weekly,weekly,0.0,maintained_weekly,1.0,1.0,1.0,1.0,1,1
A,86140020,8,2006,10,2010,R8KCNT,R10KCNT,1.0,,weekly,leave_behind_not_completed_or_ineligible,,,1.0,,1.0,,1,.l
A,86217010,8,2006,10,2010,R8KCNT,R10KCNT,,,missing_response,no_children,,,,,,,.m,.k
A,86257020,8,2006,10,2010,R8KCNT,R10KCNT,1.0,1.0,weekly,weekly,0.0,maintained_weekly,1.0,1.0,1.0,1.0,1,1
A,86303010,8,2006,10,2010,R8KCNT,R10KCNT,1.0,1.0,weekly,weekly,0.0,maintained_weekly,0.0,1.0,1.0,1.0,1,1
A,86329010,8,2006,10,2010,R8KCNT,R10KCNT,1.0,1.0,weekly,weekly,0.0,maintained_weekly,1.0,1.0,1.0,1.0,1,1
A,86345020,8,2006,10,2010,R8KCNT,R10KCNT,1.0,1.0,weekly,weekly,0.0,maintained_weekly,1.0,1.0,1.0,1.0,1,1
A,86454010,8,2006,10,2010,R8KCNT,R10KCNT,1.0,1.0,weekly,weekly,0.0,maintained_weekly,0.0,1.0,1.0,1.0,1,1
A,86454040,8,2006,10,2010,R8KCNT,R10KCNT,1.0,1.0,weekly,weekly,0.0,maintained_weekly,0.0,1.0,1.0,1.0,1,1
A,86457020,8,2006,10,2010,R8KCNT,R10KCNT,,,no_children,leave_behind_not_completed_or_ineligible,,,,,,,.k,.l
A,86486010,8,2006,10,2010,R8KCNT,R10KCNT,0.0,0.0,less_than_weekly,less_than_weekly,0.0,persistently_below_weekly,0.0,0.0,0.0,0.0,0,0
A,86506020,8,2006,10,2010,R8KCNT,R10KCNT,1.0,1.0,weekly,weekly,0.0,maintained_weekly,1.0,1.0,1.0,1.0,1,1
A,86506030,8,2006,10,2010,R8KCNT,R10KCNT,1.0,1.0,weekly,weekly,0.0,maintained_weekly,1.0,1.0,1.0,1.0,1,1
A,86553010,8,2006,10,2010,R8KCNT,R10KCNT,1.0,1.0,weekly,weekly,0.0,maintained_weekly,1.0,0.0,1.0,1.0,1,1
A,86560010,8,2006,10,2010,R8KCNT,R10KCNT,,1.0,leave_behind_not_completed_or_ineligible,weekly,,,,0.0,,1.0,.l,1
A,86560040,8,2006,10,2010,R8KCNT,R10KCNT,1.0,1.0,weekly,weekly,0.0,maintained_weekly,1.0,0.0,1.0,1.0,1,1
A,86592020,8,2006,10,2010,R8KCNT,R10KCNT,1.0,1.0,weekly,weekly,0.0,maintained_weekly,0.0,1.0,1.0,1.0,1,1
A,86609010,8,2006,10,2010,R8KCNT,R10KCNT,1.0,1.0,weekly,weekly,0.0,maintained_weekly,1.0,1.0,1.0,1.0,1,1
A,86609020,8,2006,10,2010,R8KCNT,R10KCNT,1.0,1.0,weekly,weekly,0.0,maintained_weekly,1.0,1.0,1.0,1.0,1,1
A,86614010,8,2006,10,2010,R8KCNT,R10KCNT,1.0,1.0,weekly,weekly,0.0,maintained_weekly,0.0,1.0,1.0,0.0,1,1
A,86617010,8,2006,10,2010,R8KCNT,R10KCNT,1.0,1.0,weekly,weekly,0.0,maintained_weekly,1.0,0.0,1.0,1.0,1,1
A,86647010,8,2006,10,2010,R8KCNT,R10KCNT,1.0,1.0,weekly,weekly,0.0,maintained_weekly,0.0,1.0,1.0,1.0,1,1
A,86648020,8,2006,10,2010,R8KCNT,R10KCNT,1.0,0.0,weekly,less_than_weekly,-1.0,decreased_below_weekly,0.0,0.0,1.0,0.0,1,0
A,86653011,8,2006,10,2010,R8KCNT,R10KCNT,1.0,1.0,weekly,weekly,0.0,maintained_weekly,1.0,1.0,1.0,1.0,1,1
A,86769020,8,2006,10,2010,R8KCNT,R10KCNT,0.0,1.0,less_than_weekly,weekly,1.0,increased_to_weekly,0.0,0.0,0.0,1.0,0,1
A,86797010,8,2006,10,2010,R8KCNT,R10KCNT,1.0,1.0,weekly,weekly,0.0,maintained_weekly,1.0,1.0,1.0,1.0,1,1
A,86797040,8,2006,10,2010,R8KCNT,R10KCNT,1.0,0.0,weekly,less_than_weekly,-1.0,decreased_below_weekly,1.0,0.0,1.0,0.0,1,0
A,86821010,8,2006,10,2010,R8KCNT,R10KCNT,1.0,1.0,weekly,weekly,0.0,maintained_weekly,0.0,1.0,1.0,1.0,1,1
A,86882020,8,2006,10,2010,R8KCNT,R10KCNT,1.0,,weekly,not_interviewed_or_plain_missing,,,0.0,,1.0,,1,.
A,86901010,8,2006,10,2010,R8KCNT,R10KCNT,1.0,1.0,weekly,weekly,0.0,maintained_weekly,1.0,0.0,1.0,1.0,1,1
A,86903020,8,2006,10,2010,R8KCNT,R10KCNT,1.0,1.0,weekly,weekly,0.0,maintained_weekly,0.0,0.0,1.0,1.0,1,1
A,86921010,8,2006,10,2010,R8KCNT,R10KCNT,0.0,1.0,less_than_weekly,weekly,1.0,increased_to_weekly,0.0,0.0,0.0,1.0,0,1
A,86921020,8,2006,10,2010,R8KCNT,R10KCNT,1.0,1.0,weekly,weekly,0.0,maintained_weekly,0.0,0.0,1.0,1.0,1,1
A,86936010,8,2006,10,2010,R8KCNT,R10KCNT,1.0,1.0,weekly,weekly,0.0,maintained_weekly,0.0,1.0,1.0,1.0,1,1
A,86936040,8,2006,10,2010,R8KCNT,R10KCNT,1.0,1.0,weekly,weekly,0.0,maintained_weekly,1.0,1.0,1.0,1.0,1,1
A,86986010,8,2006,10,2010,R8KCNT,R10KCNT,,1.0,leave_behind_not_completed_or_ineligible,weekly,,,,0.0,,1.0,.l,1
A,86993021,8,2006,10,2010,R8KCNT,R10KCNT,,1.0,not_interviewed_or_plain_missing,weekly,,,,1.0,,1.0,.,1
A,86996010,8,2006,10,2010,R8KCNT,R10KCNT,1.0,1.0,weekly,weekly,0.0,maintained_weekly,0.0,0.0,1.0,1.0,1,1
A,86996020,8,2006,10,2010,R8KCNT,R10KCNT,1.0,1.0,weekly,weekly,0.0,maintained_weekly,0.0,0.0,1.0,1.0,1,1
A,87004010,8,2006,10,2010,R8KCNT,R10KCNT,0.0,0.0,less_than_weekly,less_than_weekly,0.0,persistently_below_weekly,0.0,0.0,0.0,0.0,0,0
A,87041010,8,2006,10,2010,R8KCNT,R10KCNT,0.0,1.0,less_than_weekly,weekly,1.0,increased_to_weekly,0.0,0.0,0.0,1.0,0,1
A,87066010,8,2006,10,2010,R8KCNT,R10KCNT,0.0,1.0,less_than_weekly,weekly,1.0,increased_to_weekly,0.0,0.0,0.0,1.0,0,1
A,87114010,8,2006,10,2010,R8KCNT,R10KCNT,,1.0,not_interviewed_or_plain_missing,weekly,,,,0.0,,1.0,.,1
A,87114020,8,2006,10,2010,R8KCNT,R10KCNT,0.0,0.0,less_than_weekly,less_than_weekly,0.0,persistently_below_weekly,0.0,0.0,0.0,0.0,0,0
A,87116010,8,2006,10,2010,R8KCNT,R10KCNT,1.0,0.0,weekly,less_than_weekly,-1.0,decreased_below_weekly,0.0,0.0,1.0,0.0,1,0
A,87153010,8,2006,10,2010,R8KCNT,R10KCNT,0.0,1.0,less_than_weekly,weekly,1.0,increased_to_weekly,0.0,0.0,0.0,1.0,0,1
A,87200010,8,2006,10,2010,R8KCNT,R10KCNT,1.0,1.0,weekly,weekly,0.0,maintained_weekly,1.0,1.0,1.0,1.0,1,1
A,87200020,8,2006,10,2010,R8KCNT,R10KCNT,1.0,1.0,weekly,weekly,0.0,maintained_weekly,1.0,1.0,1.0,1.0,1,1
A,87246020,8,2006,10,2010,R8KCNT,R10KCNT,1.0,1.0,weekly,weekly,0.0,maintained_weekly,1.0,0.0,1.0,1.0,1,1
A,87246030,8,2006,10,2010,R8KCNT,R10KCNT,1.0,1.0,weekly,weekly,0.0,maintained_weekly,1.0,1.0,1.0,1.0,1,1
A,87361010,8,2006,10,2010,R8KCNT,R10KCNT,1.0,1.0,weekly,weekly,0.0,maintained_weekly,1.0,0.0,0.0,1.0,1,1
A,87361040,8,2006,10,2010,R8KCNT,R10KCNT,1.0,1.0,weekly,weekly,0.0,maintained_weekly,0.0,0.0,1.0,1.0,1,1
A,87372010,8,2006,10,2010,R8KCNT,R10KCNT,0.0,1.0,less_than_weekly,weekly,1.0,increased_to_weekly,0.0,0.0,0.0,1.0,0,1
A,87372020,8,2006,10,2010,R8KCNT,R10KCNT,0.0,1.0,less_than_weekly,weekly,1.0,increased_to_weekly,0.0,0.0,0.0,1.0,0,1
A,87422020,8,2006,10,2010,R8KCNT,R10KCNT,1.0,,weekly,leave_behind_not_completed_or_ineligible,,,1.0,,1.0,,1,.l
A,87422030,8,2006,10,2010,R8KCNT,R10KCNT,1.0,0.0,weekly,less_than_weekly,-1.0,decreased_below_weekly,1.0,0.0,1.0,0.0,1,0
A,87520020,8,2006,10,2010,R8KCNT,R10KCNT,0.0,0.0,less_than_weekly,less_than_weekly,0.0,persistently_below_weekly,0.0,0.0,0.0,0.0,0,0
A,87521020,8,2006,10,2010,R8KCNT,R10KCNT,1.0,,weekly,missing_response,,,1.0,,1.0,,1,.m
A,87521030,8,2006,10,2010,R8KCNT,R10KCNT,1.0,1.0,weekly,weekly,0.0,maintained_weekly,1.0,1.0,1.0,1.0,1,1
A,87641020,8,2006,10,2010,R8KCNT,R10KCNT,1.0,0.0,weekly,less_than_weekly,-1.0,decreased_below_weekly,0.0,0.0,1.0,0.0,1,0
A,87665010,8,2006,10,2010,R8KCNT,R10KCNT,,,no_children,no_children,,,,,,,.k,.k
A,87677010,8,2006,10,2010,R8KCNT,R10KCNT,1.0,1.0,weekly,weekly,0.0,maintained_weekly,0.0,0.0,1.0,1.0,1,1
A,87677020,8,2006,10,2010,R8KCNT,R10KCNT,1.0,1.0,weekly,weekly,0.0,maintained_weekly,1.0,0.0,1.0,1.0,1,1
A,87699010,8,2006,10,2010,R8KCNT,R10KCNT,,0.0,missing_response,less_than_weekly,,,,0.0,,0.0,.m,0
A,87771010,8,2006,10,2010,R8KCNT,R10KCNT,,0.0,leave_behind_not_completed_or_ineligible,less_than_weekly,,,,0.0,,0.0,.l,0
A,87840010,8,2006,10,2010,R8KCNT,R10KCNT,1.0,1.0,weekly,weekly,0.0,maintained_weekly,1.0,1.0,1.0,1.0,1,1
A,87840020,8,2006,10,2010,R8KCNT,R10KCNT,0.0,,less_than_weekly,leave_behind_not_completed_or_ineligible,,,0.0,,0.0,,0,.l
A,87856010,8,2006,10,2010,R8KCNT,R10KCNT,,,missing_response,leave_behind_not_completed_or_ineligible,,,,,,,.m,.l
A,87882010,8,2006,10,2010,R8KCNT,R10KCNT,0.0,0.0,less_than_weekly,less_than_weekly,0.0,persistently_below_weekly,0.0,0.0,0.0,0.0,0,0
A,87909010,8,2006,10,2010,R8KCNT,R10KCNT,,1.0,not_interviewed_or_plain_missing,weekly,,,,1.0,,1.0,.,1
A,88047010,8,2006,10,2010,R8KCNT,R10KCNT,1.0,0.0,weekly,less_than_weekly,-1.0,decreased_below_weekly,0.0,0.0,1.0,0.0,1,0
A,88047020,8,2006,10,2010,R8KCNT,R10KCNT,1.0,1.0,weekly,weekly,0.0,maintained_weekly,0.0,1.0,1.0,1.0,1,1
A,88121010,8,2006,10,2010,R8KCNT,R10KCNT,1.0,1.0,weekly,weekly,0.0,maintained_weekly,0.0,1.0,1.0,1.0,1,1
A,88265020,8,2006,10,2010,R8KCNT,R10KCNT,0.0,1.0,less_than_weekly,weekly,1.0,increased_to_weekly,0.0,0.0,0.0,1.0,0,1
A,90636010,8,2006,10,2010,R8KCNT,R10KCNT,1.0,0.0,weekly,less_than_weekly,-1.0,decreased_below_weekly,0.0,0.0,1.0,0.0,1,0
A,90636020,8,2006,10,2010,R8KCNT,R10KCNT,1.0,0.0,weekly,less_than_weekly,-1.0,decreased_below_weekly,0.0,0.0,1.0,0.0,1,0
A,90685020,8,2006,10,2010,R8KCNT,R10KCNT,1.0,1.0,weekly,weekly,0.0,maintained_weekly,0.0,0.0,1.0,1.0,1,1
A,90685030,8,2006,10,2010,R8KCNT,R10KCNT,1.0,1.0,weekly,weekly,0.0,maintained_weekly,0.0,0.0,1.0,1.0,1,1
A,90924010,8,2006,10,2010,R8KCNT,R10KCNT,1.0,0.0,weekly,less_than_weekly,-1.0,decreased_below_weekly,0.0,0.0,1.0,0.0,1,0
A,90924020,8,2006,10,2010,R8KCNT,R10KCNT,0.0,0.0,less_than_weekly,less_than_weekly,0.0,persistently_below_weekly,0.0,0.0,0.0,0.0,0,0
A,92490010,8,2006,10,2010,R8KCNT,R10KCNT,,,no_children,no_children,,,,,,,.k,.k
A,93269010,8,2006,10,2010,R8KCNT,R10KCNT,1.0,1.0,weekly,weekly,0.0,maintained_weekly,0.0,0.0,1.0,1.0,1,1
A,93269040,8,2006,10,2010,R8KCNT,R10KCNT,1.0,0.0,weekly,less_than_weekly,-1.0,decreased_below_weekly,0.0,0.0,1.0,0.0,1,0
A,95033010,8,2006,10,2010,R8KCNT,R10KCNT,,,no_children,no_children,,,,,,,.k,.k
A,95033020,8,2006,10,2010,R8KCNT,R10KCNT,,,no_children,no_children,,,,,,,.k,.k
A,95275010,8,2006,10,2010,R8KCNT,R10KCNT,1.0,,weekly,leave_behind_not_completed_or_ineligible,,,0.0,,1.0,,1,.l
A,95306020,8,2006,10,2010,R8KCNT,R10KCNT,1.0,1.0,weekly,weekly,0.0,maintained_weekly,0.0,0.0,1.0,1.0,1,1
A,95306030,8,2006,10,2010,R8KCNT,R10KCNT,1.0,1.0,weekly,weekly,0.0,maintained_weekly,0.0,0.0,1.0,1.0,1,1
A,96075010,8,2006,10,2010,R8KCNT,R10KCNT,1.0,0.0,weekly,less_than_weekly,-1.0,decreased_below_weekly,0.0,0.0,1.0,0.0,1,0
A,96126010,8,2006,10,2010,R8KCNT,R10KCNT,0.0,1.0,less_than_weekly,weekly,1.0,increased_to_weekly,0.0,1.0,0.0,1.0,0,1
A,98097020,8,2006,10,2010,R8KCNT,R10KCNT,1.0,,weekly,missing_response,,,1.0,,1.0,,1,.m
A,98097030,8,2006,10,2010,R8KCNT,R10KCNT,1.0,1.0,weekly,weekly,0.0,maintained_weekly,1.0,1.0,1.0,1.0,1,1
A,99231010,8,2006,10,2010,R8KCNT,R10KCNT,0.0,0.0,less_than_weekly,less_than_weekly,0.0,persistently_below_weekly,0.0,0.0,0.0,0.0,0,0
A,99231011,8,2006,10,2010,R8KCNT,R10KCNT,,1.0,not_interviewed_or_plain_missing,weekly,,,,0.0,,1.0,.,1
A,110780010,8,2006,10,2010,R8KCNT,R10KCNT,1.0,1.0,weekly,weekly,0.0,maintained_weekly,0.0,0.0,1.0,1.0,1,1
A,112014010,8,2006,10,2010,R8KCNT,R10KCNT,0.0,0.0,less_than_weekly,less_than_weekly,0.0,persistently_below_weekly,0.0,0.0,0.0,0.0,0,0
A,112432010,8,2006,10,2010,R8KCNT,R10KCNT,,0.0,leave_behind_not_completed_or_ineligible,less_than_weekly,,,,0.0,,0.0,.l,0
A,112432020,8,2006,10,2010,R8KCNT,R10KCNT,1.0,0.0,weekly,less_than_weekly,-1.0,decreased_below_weekly,0.0,0.0,1.0,0.0,1,0
A,112435010,8,2006,10,2010,R8KCNT,R10KCNT,0.0,,less_than_weekly,no_children,,,0.0,,0.0,,0,.k
A,112450020,8,2006,10,2010,R8KCNT,R10KCNT,1.0,1.0,weekly,weekly,0.0,maintained_weekly,1.0,1.0,1.0,1.0,1,1
A,112472010,8,2006,10,2010,R8KCNT,R10KCNT,1.0,1.0,weekly,weekly,0.0,maintained_weekly,1.0,1.0,1.0,1.0,1,1
A,112839010,8,2006,10,2010,R8KCNT,R10KCNT,,1.0,leave_behind_not_completed_or_ineligible,weekly,,,,0.0,,1.0,.l,1
A,113065010,8,2006,10,2010,R8KCNT,R10KCNT,1.0,1.0,weekly,weekly,0.0,maintained_weekly,1.0,0.0,1.0,1.0,1,1
A,113414010,8,2006,10,2010,R8KCNT,R10KCNT,1.0,0.0,weekly,less_than_weekly,-1.0,decreased_below_weekly,0.0,0.0,1.0,0.0,1,0
A,113553010,8,2006,10,2010,R8KCNT,R10KCNT,1.0,1.0,weekly,weekly,0.0,maintained_weekly,1.0,1.0,1.0,1.0,1,1
A,113613010,8,2006,10,2010,R8KCNT,R10KCNT,1.0,1.0,weekly,weekly,0.0,maintained_weekly,0.0,0.0,1.0,1.0,1,1
A,113781010,8,2006,10,2010,R8KCNT,R10KCNT,1.0,1.0,weekly,weekly,0.0,maintained_weekly,1.0,0.0,1.0,1.0,1,1
A,113781020,8,2006,10,2010,R8KCNT,R10KCNT,1.0,1.0,weekly,weekly,0.0,maintained_weekly,1.0,0.0,1.0,1.0,1,1
A,113785010,8,2006,10,2010,R8KCNT,R10KCNT,1.0,1.0,weekly,weekly,0.0,maintained_weekly,1.0,1.0,1.0,1.0,1,1
A,113927010,8,2006,10,2010,R8KCNT,R10KCNT,0.0,0.0,less_than_weekly,less_than_weekly,0.0,persistently_below_weekly,,0.0,0.0,0.0,0,0
A,114057020,8,2006,10,2010,R8KCNT,R10KCNT,0.0,0.0,less_than_weekly,less_than_weekly,0.0,persistently_below_weekly,0.0,0.0,0.0,0.0,0,0
A,114146010,8,2006,10,2010,R8KCNT,R10KCNT,1.0,1.0,weekly,weekly,0.0,maintained_weekly,0.0,0.0,1.0,1.0,1,1
A,114151010,8,2006,10,2010,R8KCNT,R10KCNT,1.0,1.0,weekly,weekly,0.0,maintained_weekly,0.0,0.0,1.0,1.0,1,1
A,114254010,8,2006,10,2010,R8KCNT,R10KCNT,1.0,1.0,weekly,weekly,0.0,maintained_weekly,1.0,1.0,1.0,1.0,1,1
A,114293010,8,2006,10,2010,R8KCNT,R10KCNT,1.0,1.0,weekly,weekly,0.0,maintained_weekly,1.0,0.0,1.0,1.0,1,1
A,114423010,8,2006,10,2010,R8KCNT,R10KCNT,1.0,0.0,weekly,less_than_weekly,-1.0,decreased_below_weekly,0.0,0.0,1.0,0.0,1,0
A,114528020,8,2006,10,2010,R8KCNT,R10KCNT,,1.0,leave_behind_not_completed_or_ineligible,weekly,,,,1.0,,1.0,.l,1
A,114734010,8,2006,10,2010,R8KCNT,R10KCNT,1.0,1.0,weekly,weekly,0.0,maintained_weekly,1.0,1.0,1.0,1.0,1,1
A,114742010,8,2006,10,2010,R8KCNT,R10KCNT,1.0,1.0,weekly,weekly,0.0,maintained_weekly,1.0,1.0,1.0,1.0,1,1
A,115450010,8,2006,10,2010,R8KCNT,R10KCNT,1.0,1.0,weekly,weekly,0.0,maintained_weekly,1.0,1.0,1.0,1.0,1,1
A,115971010,8,2006,10,2010,R8KCNT,R10KCNT,0.0,1.0,less_than_weekly,weekly,1.0,increased_to_weekly,0.0,1.0,0.0,1.0,0,1
A,116031020,8,2006,10,2010,R8KCNT,R10KCNT,1.0,1.0,weekly,weekly,0.0,maintained_weekly,0.0,0.0,1.0,1.0,1,1
A,116380010,8,2006,10,2010,R8KCNT,R10KCNT,1.0,1.0,weekly,weekly,0.0,maintained_weekly,1.0,1.0,1.0,1.0,1,1
A,116456010,8,2006,10,2010,R8KCNT,R10KCNT,,,leave_behind_not_completed_or_ineligible,no_children,,,,,,,.l,.k
A,116615010,8,2006,10,2010,R8KCNT,R10KCNT,1.0,1.0,weekly,weekly,0.0,maintained_weekly,0.0,1.0,1.0,1.0,1,1
A,116732010,8,2006,10,2010,R8KCNT,R10KCNT,,,no_children,no_children,,,,,,,.k,.k
A,116751010,8,2006,10,2010,R8KCNT,R10KCNT,1.0,1.0,weekly,weekly,0.0,maintained_weekly,1.0,1.0,1.0,1.0,1,1
A,116751020,8,2006,10,2010,R8KCNT,R10KCNT,1.0,1.0,weekly,weekly,0.0,maintained_weekly,1.0,1.0,1.0,1.0,1,1
A,116776010,8,2006,10,2010,R8KCNT,R10KCNT,1.0,1.0,weekly,weekly,0.0,maintained_weekly,0.0,0.0,1.0,1.0,1,1
A,116869010,8,2006,10,2010,R8KCNT,R10KCNT,1.0,1.0,weekly,weekly,0.0,maintained_weekly,1.0,1.0,1.0,1.0,1,1
A,116968010,8,2006,10,2010,R8KCNT,R10KCNT,,1.0,leave_behind_not_completed_or_ineligible,weekly,,,,0.0,,1.0,.l,1
A,117335020,8,2006,10,2010,R8KCNT,R10KCNT,,0.0,leave_behind_not_completed_or_ineligible,less_than_weekly,,,,0.0,,0.0,.l,0
A,117608010,8,2006,10,2010,R8KCNT,R10KCNT,1.0,1.0,weekly,weekly,0.0,maintained_weekly,1.0,0.0,1.0,1.0,1,1
A,117700010,8,2006,10,2010,R8KCNT,R10KCNT,1.0,1.0,weekly,weekly,0.0,maintained_weekly,1.0,1.0,1.0,1.0,1,1
A,118294010,8,2006,10,2010,R8KCNT,R10KCNT,0.0,0.0,less_than_weekly,less_than_weekly,0.0,persistently_below_weekly,0.0,0.0,0.0,0.0,0,0
A,118513010,8,2006,10,2010,R8KCNT,R10KCNT,1.0,1.0,weekly,weekly,0.0,maintained_weekly,1.0,1.0,1.0,1.0,1,1
A,118537010,8,2006,10,2010,R8KCNT,R10KCNT,1.0,1.0,weekly,weekly,0.0,maintained_weekly,1.0,0.0,1.0,1.0,1,1
A,118847010,8,2006,10,2010,R8KCNT,R10KCNT,,1.0,not_interviewed_or_plain_missing,weekly,,,,0.0,,1.0,.,1
A,119079010,8,2006,10,2010,R8KCNT,R10KCNT,1.0,1.0,weekly,weekly,0.0,maintained_weekly,0.0,1.0,1.0,1.0,1,1
A,120112010,8,2006,10,2010,R8KCNT,R10KCNT,1.0,1.0,weekly,weekly,0.0,maintained_weekly,1.0,1.0,1.0,1.0,1,1
A,120165010,8,2006,10,2010,R8KCNT,R10KCNT,1.0,1.0,weekly,weekly,0.0,maintained_weekly,1.0,0.0,1.0,1.0,1,1
A,120178010,8,2006,10,2010,R8KCNT,R10KCNT,1.0,1.0,weekly,weekly,0.0,maintained_weekly,1.0,1.0,1.0,1.0,1,1
A,120331010,8,2006,10,2010,R8KCNT,R10KCNT,,,no_children,no_children,,,,,,,.k,.k
A,120359010,8,2006,10,2010,R8KCNT,R10KCNT,1.0,1.0,weekly,weekly,0.0,maintained_weekly,0.0,0.0,1.0,1.0,1,1
A,120681010,8,2006,10,2010,R8KCNT,R10KCNT,,1.0,not_interviewed_or_plain_missing,weekly,,,,0.0,,1.0,.,1
A,120990010,8,2006,10,2010,R8KCNT,R10KCNT,0.0,0.0,less_than_weekly,less_than_weekly,0.0,persistently_below_weekly,0.0,0.0,0.0,0.0,0,0
A,121274010,8,2006,10,2010,R8KCNT,R10KCNT,0.0,0.0,less_than_weekly,less_than_weekly,0.0,persistently_below_weekly,0.0,0.0,0.0,0.0,0,0
A,121389010,8,2006,10,2010,R8KCNT,R10KCNT,1.0,1.0,weekly,weekly,0.0,maintained_weekly,0.0,0.0,1.0,1.0,1,1
A,121397010,8,2006,10,2010,R8KCNT,R10KCNT,,,no_children,no_children,,,,,,,.k,.k
A,121397020,8,2006,10,2010,R8KCNT,R10KCNT,,,missing_response,no_children,,,,,,,.m,.k
A,121476010,8,2006,10,2010,R8KCNT,R10KCNT,1.0,1.0,weekly,weekly,0.0,maintained_weekly,0.0,0.0,1.0,1.0,1,1
A,121580010,8,2006,10,2010,R8KCNT,R10KCNT,1.0,0.0,weekly,less_than_weekly,-1.0,decreased_below_weekly,0.0,0.0,1.0,0.0,1,0
A,121638010,8,2006,10,2010,R8KCNT,R10KCNT,1.0,1.0,weekly,weekly,0.0,maintained_weekly,0.0,1.0,1.0,1.0,1,1
A,121638020,8,2006,10,2010,R8KCNT,R10KCNT,1.0,1.0,weekly,weekly,0.0,maintained_weekly,1.0,1.0,1.0,1.0,1,1
A,121734020,8,2006,10,2010,R8KCNT,R10KCNT,1.0,1.0,weekly,weekly,0.0,maintained_weekly,0.0,0.0,1.0,1.0,1,1
A,121772020,8,2006,10,2010,R8KCNT,R10KCNT,,,no_children,no_children,,,,,,,.k,.k
A,121854010,8,2006,10,2010,R8KCNT,R10KCNT,0.0,0.0,less_than_weekly,less_than_weekly,0.0,persistently_below_weekly,0.0,0.0,0.0,0.0,0,0
A,121854011,8,2006,10,2010,R8KCNT,R10KCNT,1.0,1.0,weekly,weekly,0.0,maintained_weekly,1.0,0.0,1.0,1.0,1,1
A,122087010,8,2006,10,2010,R8KCNT,R10KCNT,1.0,1.0,weekly,weekly,0.0,maintained_weekly,1.0,1.0,1.0,1.0,1,1
A,122087020,8,2006,10,2010,R8KCNT,R10KCNT,1.0,1.0,weekly,weekly,0.0,maintained_weekly,1.0,1.0,1.0,1.0,1,1
A,122205010,8,2006,10,2010,R8KCNT,R10KCNT,1.0,1.0,weekly,weekly,0.0,maintained_weekly,1.0,1.0,1.0,1.0,1,1
A,122390020,8,2006,10,2010,R8KCNT,R10KCNT,1.0,1.0,weekly,weekly,0.0,maintained_weekly,1.0,1.0,1.0,1.0,1,1
A,122483010,8,2006,10,2010,R8KCNT,R10KCNT,0.0,0.0,less_than_weekly,less_than_weekly,0.0,persistently_below_weekly,0.0,0.0,0.0,0.0,0,0
A,122549010,8,2006,10,2010,R8KCNT,R10KCNT,1.0,1.0,weekly,weekly,0.0,maintained_weekly,0.0,0.0,1.0,1.0,1,1
A,122821010,8,2006,10,2010,R8KCNT,R10KCNT,1.0,1.0,weekly,weekly,0.0,maintained_weekly,0.0,0.0,1.0,1.0,1,1
A,123092010,8,2006,10,2010,R8KCNT,R10KCNT,,,no_children,no_children,,,,,,,.k,.k
A,123092020,8,2006,10,2010,R8KCNT,R10KCNT,,,no_children,no_children,,,,,,,.k,.k
A,123277021,8,2006,10,2010,R8KCNT,R10KCNT,,1.0,not_interviewed_or_plain_missing,weekly,,,,0.0,,1.0,.,1
A,123704010,8,2006,10,2010,R8KCNT,R10KCNT,,1.0,leave_behind_not_completed_or_ineligible,weekly,,,,0.0,,1.0,.l,1
A,123785010,8,2006,10,2010,R8KCNT,R10KCNT,1.0,1.0,weekly,weekly,0.0,maintained_weekly,1.0,0.0,1.0,1.0,1,1
A,124246010,8,2006,10,2010,R8KCNT,R10KCNT,1.0,1.0,weekly,weekly,0.0,maintained_weekly,1.0,0.0,1.0,1.0,1,1
A,124483010,8,2006,10,2010,R8KCNT,R10KCNT,1.0,1.0,weekly,weekly,0.0,maintained_weekly,1.0,1.0,1.0,1.0,1,1
A,124483020,8,2006,10,2010,R8KCNT,R10KCNT,1.0,1.0,weekly,weekly,0.0,maintained_weekly,1.0,1.0,1.0,1.0,1,1
A,124731011,8,2006,10,2010,R8KCNT,R10KCNT,1.0,,weekly,no_children,,,0.0,,1.0,,1,.k
A,124731020,8,2006,10,2010,R8KCNT,R10KCNT,1.0,1.0,weekly,weekly,0.0,maintained_weekly,0.0,0.0,1.0,1.0,1,1
A,124872010,8,2006,10,2010,R8KCNT,R10KCNT,,0.0,no_children,less_than_weekly,,,,0.0,,0.0,.k,0
A,125050010,8,2006,10,2010,R8KCNT,R10KCNT,0.0,1.0,less_than_weekly,weekly,1.0,increased_to_weekly,0.0,0.0,0.0,1.0,0,1
A,125406010,8,2006,10,2010,R8KCNT,R10KCNT,1.0,1.0,weekly,weekly,0.0,maintained_weekly,1.0,0.0,1.0,1.0,1,1
A,130654010,8,2006,10,2010,R8KCNT,R10KCNT,1.0,1.0,weekly,weekly,0.0,maintained_weekly,0.0,0.0,1.0,1.0,1,1
A,131129010,8,2006,10,2010,R8KCNT,R10KCNT,0.0,1.0,less_than_weekly,weekly,1.0,increased_to_weekly,0.0,0.0,0.0,1.0,0,1
A,131774010,8,2006,10,2010,R8KCNT,R10KCNT,,,no_children,no_children,,,,,,,.k,.k
A,131819020,8,2006,10,2010,R8KCNT,R10KCNT,1.0,1.0,weekly,weekly,0.0,maintained_weekly,1.0,1.0,1.0,1.0,1,1
A,131895010,8,2006,10,2010,R8KCNT,R10KCNT,1.0,1.0,weekly,weekly,0.0,maintained_weekly,1.0,0.0,1.0,1.0,1,1
A,131895020,8,2006,10,2010,R8KCNT,R10KCNT,1.0,1.0,weekly,weekly,0.0,maintained_weekly,0.0,1.0,1.0,1.0,1,1
A,131914010,8,2006,10,2010,R8KCNT,R10KCNT,1.0,1.0,weekly,weekly,0.0,maintained_weekly,0.0,0.0,1.0,1.0,1,1
A,131930010,8,2006,10,2010,R8KCNT,R10KCNT,0.0,0.0,less_than_weekly,less_than_weekly,0.0,persistently_below_weekly,0.0,0.0,0.0,0.0,0,0
A,132313010,8,2006,10,2010,R8KCNT,R10KCNT,1.0,1.0,weekly,weekly,0.0,maintained_weekly,1.0,1.0,1.0,1.0,1,1
A,132313020,8,2006,10,2010,R8KCNT,R10KCNT,1.0,1.0,weekly,weekly,0.0,maintained_weekly,1.0,1.0,1.0,1.0,1,1
A,133066010,8,2006,10,2010,R8KCNT,R10KCNT,1.0,1.0,weekly,weekly,0.0,maintained_weekly,1.0,1.0,1.0,0.0,1,1
A,133126010,8,2006,10,2010,R8KCNT,R10KCNT,,,not_interviewed_or_plain_missing,no_children,,,,,,,.,.k
A,133135010,8,2006,10,2010,R8KCNT,R10KCNT,,1.0,leave_behind_not_completed_or_ineligible,weekly,,,,1.0,,1.0,.l,1
A,133147010,8,2006,10,2010,R8KCNT,R10KCNT,,1.0,missing_response,weekly,,,,1.0,,1.0,.m,1
A,133149010,8,2006,10,2010,R8KCNT,R10KCNT,1.0,1.0,weekly,weekly,0.0,maintained_weekly,1.0,1.0,1.0,1.0,1,1
A,133149020,8,2006,10,2010,R8KCNT,R10KCNT,1.0,1.0,weekly,weekly,0.0,maintained_weekly,1.0,1.0,1.0,1.0,1,1
A,133285010,8,2006,10,2010,R8KCNT,R10KCNT,1.0,1.0,weekly,weekly,0.0,maintained_weekly,1.0,1.0,1.0,1.0,1,1
A,133581010,8,2006,10,2010,R8KCNT,R10KCNT,1.0,1.0,weekly,weekly,0.0,maintained_weekly,0.0,0.0,1.0,1.0,1,1
A,133581020,8,2006,10,2010,R8KCNT,R10KCNT,1.0,1.0,weekly,weekly,0.0,maintained_weekly,0.0,1.0,1.0,1.0,1,1
A,133601010,8,2006,10,2010,R8KCNT,R10KCNT,,,leave_behind_not_completed_or_ineligible,no_children,,,,,,,.l,.k
A,133880010,8,2006,10,2010,R8KCNT,R10KCNT,0.0,0.0,less_than_weekly,less_than_weekly,0.0,persistently_below_weekly,0.0,0.0,0.0,0.0,0,0
A,134189010,8,2006,10,2010,R8KCNT,R10KCNT,1.0,1.0,weekly,weekly,0.0,maintained_weekly,1.0,1.0,1.0,1.0,1,1
A,134189020,8,2006,10,2010,R8KCNT,R10KCNT,,0.0,leave_behind_not_completed_or_ineligible,less_than_weekly,,,,0.0,,0.0,.l,0
A,134282010,8,2006,10,2010,R8KCNT,R10KCNT,1.0,0.0,weekly,less_than_weekly,-1.0,decreased_below_weekly,1.0,0.0,1.0,0.0,1,0
A,134997010,8,2006,10,2010,R8KCNT,R10KCNT,1.0,1.0,weekly,weekly,0.0,maintained_weekly,0.0,1.0,1.0,1.0,1,1
A,134997020,8,2006,10,2010,R8KCNT,R10KCNT,1.0,1.0,weekly,weekly,0.0,maintained_weekly,0.0,1.0,1.0,1.0,1,1
A,135435010,8,2006,10,2010,R8KCNT,R10KCNT,1.0,1.0,weekly,weekly,0.0,maintained_weekly,1.0,0.0,1.0,1.0,1,1
A,135435020,8,2006,10,2010,R8KCNT,R10KCNT,0.0,0.0,less_than_weekly,less_than_weekly,0.0,persistently_below_weekly,0.0,0.0,0.0,0.0,0,0
A,135571010,8,2006,10,2010,R8KCNT,R10KCNT,0.0,0.0,less_than_weekly,less_than_weekly,0.0,persistently_below_weekly,0.0,0.0,0.0,0.0,0,0
A,135681010,8,2006,10,2010,R8KCNT,R10KCNT,1.0,1.0,weekly,weekly,0.0,maintained_weekly,1.0,0.0,1.0,1.0,1,1
A,135826010,8,2006,10,2010,R8KCNT,R10KCNT,1.0,1.0,weekly,weekly,0.0,maintained_weekly,0.0,0.0,1.0,1.0,1,1
A,135826020,8,2006,10,2010,R8KCNT,R10KCNT,1.0,1.0,weekly,weekly,0.0,maintained_weekly,0.0,1.0,1.0,1.0,1,1
A,135831010,8,2006,10,2010,R8KCNT,R10KCNT,,,leave_behind_not_completed_or_ineligible,no_children,,,,,,,.l,.k
A,136415020,8,2006,10,2010,R8KCNT,R10KCNT,,1.0,leave_behind_not_completed_or_ineligible,weekly,,,,1.0,,1.0,.l,1
A,136573010,8,2006,10,2010,R8KCNT,R10KCNT,0.0,0.0,less_than_weekly,less_than_weekly,0.0,persistently_below_weekly,0.0,0.0,0.0,0.0,0,0
A,136785020,8,2006,10,2010,R8KCNT,R10KCNT,1.0,1.0,weekly,weekly,0.0,maintained_weekly,1.0,1.0,1.0,1.0,1,1
A,137183020,8,2006,10,2010,R8KCNT,R10KCNT,,,no_children,no_children,,,,,,,.k,.k
A,137576010,8,2006,10,2010,R8KCNT,R10KCNT,1.0,,weekly,no_children,,,1.0,,1.0,,1,.k
A,137804010,8,2006,10,2010,R8KCNT,R10KCNT,0.0,0.0,less_than_weekly,less_than_weekly,0.0,persistently_below_weekly,0.0,0.0,0.0,0.0,0,0
A,137858010,8,2006,10,2010,R8KCNT,R10KCNT,0.0,0.0,less_than_weekly,less_than_weekly,0.0,persistently_below_weekly,0.0,0.0,0.0,0.0,0,0
A,137882010,8,2006,10,2010,R8KCNT,R10KCNT,1.0,1.0,weekly,weekly,0.0,maintained_weekly,1.0,0.0,1.0,1.0,1,1
A,137890010,8,2006,10,2010,R8KCNT,R10KCNT,0.0,1.0,less_than_weekly,weekly,1.0,increased_to_weekly,0.0,0.0,0.0,1.0,0,1
A,138026020,8,2006,10,2010,R8KCNT,R10KCNT,1.0,1.0,weekly,weekly,0.0,maintained_weekly,1.0,1.0,1.0,1.0,1,1
A,138256010,8,2006,10,2010,R8KCNT,R10KCNT,0.0,0.0,less_than_weekly,less_than_weekly,0.0,persistently_below_weekly,0.0,0.0,0.0,0.0,0,0
A,138539020,8,2006,10,2010,R8KCNT,R10KCNT,1.0,1.0,weekly,weekly,0.0,maintained_weekly,1.0,1.0,1.0,1.0,1,1
A,138721010,8,2006,10,2010,R8KCNT,R10KCNT,1.0,1.0,weekly,weekly,0.0,maintained_weekly,1.0,1.0,1.0,1.0,1,1
A,138875010,8,2006,10,2010,R8KCNT,R10KCNT,0.0,0.0,less_than_weekly,less_than_weekly,0.0,persistently_below_weekly,0.0,0.0,0.0,0.0,0,0
A,138956010,8,2006,10,2010,R8KCNT,R10KCNT,1.0,1.0,weekly,weekly,0.0,maintained_weekly,0.0,1.0,1.0,1.0,1,1
A,138979010,8,2006,10,2010,R8KCNT,R10KCNT,,1.0,leave_behind_not_completed_or_ineligible,weekly,,,,0.0,,1.0,.l,1
A,139606010,8,2006,10,2010,R8KCNT,R10KCNT,1.0,1.0,weekly,weekly,0.0,maintained_weekly,0.0,0.0,1.0,1.0,1,1
A,139606020,8,2006,10,2010,R8KCNT,R10KCNT,0.0,0.0,less_than_weekly,less_than_weekly,0.0,persistently_below_weekly,0.0,0.0,0.0,0.0,0,0
A,139728020,8,2006,10,2010,R8KCNT,R10KCNT,1.0,1.0,weekly,weekly,0.0,maintained_weekly,1.0,1.0,1.0,1.0,1,1
A,139853010,8,2006,10,2010,R8KCNT,R10KCNT,0.0,0.0,less_than_weekly,less_than_weekly,0.0,persistently_below_weekly,0.0,0.0,0.0,0.0,0,0
A,139930020,8,2006,10,2010,R8KCNT,R10KCNT,1.0,1.0,weekly,weekly,0.0,maintained_weekly,0.0,0.0,1.0,1.0,1,1
A,140644010,8,2006,10,2010,R8KCNT,R10KCNT,1.0,1.0,weekly,weekly,0.0,maintained_weekly,1.0,1.0,1.0,1.0,1,1
A,140869010,8,2006,10,2010,R8KCNT,R10KCNT,1.0,1.0,weekly,weekly,0.0,maintained_weekly,1.0,1.0,1.0,1.0,1,1
A,141019010,8,2006,10,2010,R8KCNT,R10KCNT,,0.0,leave_behind_not_completed_or_ineligible,less_than_weekly,,,,0.0,,0.0,.l,0
A,141041010,8,2006,10,2010,R8KCNT,R10KCNT,1.0,1.0,weekly,weekly,0.0,maintained_weekly,0.0,0.0,1.0,1.0,1,1
A,141058010,8,2006,10,2010,R8KCNT,R10KCNT,1.0,1.0,weekly,weekly,0.0,maintained_weekly,1.0,1.0,1.0,1.0,1,1
A,141164010,8,2006,10,2010,R8KCNT,R10KCNT,1.0,1.0,weekly,weekly,0.0,maintained_weekly,0.0,0.0,1.0,1.0,1,1
A,141164020,8,2006,10,2010,R8KCNT,R10KCNT,1.0,1.0,weekly,weekly,0.0,maintained_weekly,1.0,0.0,1.0,1.0,1,1
A,141490010,8,2006,10,2010,R8KCNT,R10KCNT,1.0,1.0,weekly,weekly,0.0,maintained_weekly,0.0,0.0,1.0,1.0,1,1
A,141490020,8,2006,10,2010,R8KCNT,R10KCNT,1.0,1.0,weekly,weekly,0.0,maintained_weekly,1.0,1.0,1.0,1.0,1,1
A,141562010,8,2006,10,2010,R8KCNT,R10KCNT,1.0,1.0,weekly,weekly,0.0,maintained_weekly,1.0,0.0,1.0,1.0,1,1
A,141562020,8,2006,10,2010,R8KCNT,R10KCNT,1.0,1.0,weekly,weekly,0.0,maintained_weekly,1.0,1.0,1.0,1.0,1,1
A,141987020,8,2006,10,2010,R8KCNT,R10KCNT,1.0,1.0,weekly,weekly,0.0,maintained_weekly,1.0,0.0,1.0,1.0,1,1
A,142349010,8,2006,10,2010,R8KCNT,R10KCNT,0.0,1.0,less_than_weekly,weekly,1.0,increased_to_weekly,0.0,0.0,0.0,1.0,0,1
A,142446020,8,2006,10,2010,R8KCNT,R10KCNT,1.0,1.0,weekly,weekly,0.0,maintained_weekly,0.0,0.0,1.0,1.0,1,1
A,142813020,8,2006,10,2010,R8KCNT,R10KCNT,,1.0,missing_response,weekly,,,,0.0,,1.0,.m,1
A,142861010,8,2006,10,2010,R8KCNT,R10KCNT,1.0,1.0,weekly,weekly,0.0,maintained_weekly,1.0,1.0,1.0,1.0,1,1
A,142861020,8,2006,10,2010,R8KCNT,R10KCNT,1.0,1.0,weekly,weekly,0.0,maintained_weekly,1.0,1.0,1.0,1.0,1,1
A,143233010,8,2006,10,2010,R8KCNT,R10KCNT,1.0,1.0,weekly,weekly,0.0,maintained_weekly,0.0,1.0,1.0,1.0,1,1
A,143433010,8,2006,10,2010,R8KCNT,R10KCNT,1.0,1.0,weekly,weekly,0.0,maintained_weekly,0.0,0.0,1.0,1.0,1,1
A,143495010,8,2006,10,2010,R8KCNT,R10KCNT,1.0,1.0,weekly,weekly,0.0,maintained_weekly,1.0,1.0,1.0,1.0,1,1
A,143495020,8,2006,10,2010,R8KCNT,R10KCNT,1.0,,weekly,leave_behind_not_completed_or_ineligible,,,1.0,,1.0,,1,.l
A,143838010,8,2006,10,2010,R8KCNT,R10KCNT,1.0,1.0,weekly,weekly,0.0,maintained_weekly,1.0,1.0,1.0,1.0,1,1
A,144110010,8,2006,10,2010,R8KCNT,R10KCNT,0.0,1.0,less_than_weekly,weekly,1.0,increased_to_weekly,0.0,0.0,0.0,1.0,0,1
A,144378010,8,2006,10,2010,R8KCNT,R10KCNT,1.0,1.0,weekly,weekly,0.0,maintained_weekly,1.0,1.0,1.0,1.0,1,1
A,144519010,8,2006,10,2010,R8KCNT,R10KCNT,1.0,1.0,weekly,weekly,0.0,maintained_weekly,1.0,1.0,1.0,1.0,1,1
A,144785010,8,2006,10,2010,R8KCNT,R10KCNT,,1.0,leave_behind_not_completed_or_ineligible,weekly,,,,0.0,,1.0,.l,1
A,145033010,8,2006,10,2010,R8KCNT,R10KCNT,1.0,1.0,weekly,weekly,0.0,maintained_weekly,0.0,0.0,1.0,1.0,1,1
A,145086010,8,2006,10,2010,R8KCNT,R10KCNT,,1.0,leave_behind_not_completed_or_ineligible,weekly,,,,0.0,,1.0,.l,1
A,145282010,8,2006,10,2010,R8KCNT,R10KCNT,1.0,1.0,weekly,weekly,0.0,maintained_weekly,0.0,0.0,1.0,1.0,1,1
A,145446010,8,2006,10,2010,R8KCNT,R10KCNT,1.0,1.0,weekly,weekly,0.0,maintained_weekly,1.0,1.0,1.0,1.0,1,1
A,145670010,8,2006,10,2010,R8KCNT,R10KCNT,1.0,1.0,weekly,weekly,0.0,maintained_weekly,1.0,0.0,1.0,1.0,1,1
A,145787010,8,2006,10,2010,R8KCNT,R10KCNT,1.0,0.0,weekly,less_than_weekly,-1.0,decreased_below_weekly,1.0,0.0,1.0,0.0,1,0
A,145989010,8,2006,10,2010,R8KCNT,R10KCNT,1.0,1.0,weekly,weekly,0.0,maintained_weekly,1.0,1.0,1.0,1.0,1,1
A,145989020,8,2006,10,2010,R8KCNT,R10KCNT,0.0,1.0,less_than_weekly,weekly,1.0,increased_to_weekly,0.0,0.0,0.0,1.0,0,1
A,146182010,8,2006,10,2010,R8KCNT,R10KCNT,0.0,1.0,less_than_weekly,weekly,1.0,increased_to_weekly,0.0,0.0,0.0,1.0,0,1
A,146182011,8,2006,10,2010,R8KCNT,R10KCNT,1.0,1.0,weekly,weekly,0.0,maintained_weekly,1.0,1.0,1.0,1.0,1,1
A,146240010,8,2006,10,2010,R8KCNT,R10KCNT,,1.0,leave_behind_not_completed_or_ineligible,weekly,,,,1.0,,1.0,.l,1
A,146332010,8,2006,10,2010,R8KCNT,R10KCNT,1.0,1.0,weekly,weekly,0.0,maintained_weekly,0.0,0.0,1.0,1.0,1,1
A,146359010,8,2006,10,2010,R8KCNT,R10KCNT,1.0,1.0,weekly,weekly,0.0,maintained_weekly,1.0,1.0,1.0,1.0,1,1
A,146424010,8,2006,10,2010,R8KCNT,R10KCNT,1.0,1.0,weekly,weekly,0.0,maintained_weekly,0.0,1.0,1.0,1.0,1,1
A,146424020,8,2006,10,2010,R8KCNT,R10KCNT,0.0,0.0,less_than_weekly,less_than_weekly,0.0,persistently_below_weekly,0.0,0.0,0.0,0.0,0,0
A,146457010,8,2006,10,2010,R8KCNT,R10KCNT,1.0,1.0,weekly,weekly,0.0,maintained_weekly,0.0,0.0,1.0,1.0,1,1
A,146457011,8,2006,10,2010,R8KCNT,R10KCNT,0.0,0.0,less_than_weekly,less_than_weekly,0.0,persistently_below_weekly,0.0,0.0,0.0,0.0,0,0
A,146831010,8,2006,10,2010,R8KCNT,R10KCNT,,1.0,no_children,weekly,,,,1.0,,1.0,.k,1
A,147164010,8,2006,10,2010,R8KCNT,R10KCNT,1.0,1.0,weekly,weekly,0.0,maintained_weekly,0.0,0.0,1.0,1.0,1,1
A,147421010,8,2006,10,2010,R8KCNT,R10KCNT,1.0,1.0,weekly,weekly,0.0,maintained_weekly,1.0,1.0,1.0,1.0,1,1
A,147471020,8,2006,10,2010,R8KCNT,R10KCNT,1.0,1.0,weekly,weekly,0.0,maintained_weekly,1.0,0.0,1.0,1.0,1,1
A,147529010,8,2006,10,2010,R8KCNT,R10KCNT,1.0,1.0,weekly,weekly,0.0,maintained_weekly,1.0,0.0,1.0,1.0,1,1
A,147571020,8,2006,10,2010,R8KCNT,R10KCNT,0.0,,less_than_weekly,not_interviewed_or_plain_missing,,,0.0,,0.0,,0,.
A,147633010,8,2006,10,2010,R8KCNT,R10KCNT,0.0,1.0,less_than_weekly,weekly,1.0,increased_to_weekly,0.0,1.0,0.0,1.0,0,1
A,147633020,8,2006,10,2010,R8KCNT,R10KCNT,1.0,1.0,weekly,weekly,0.0,maintained_weekly,0.0,1.0,1.0,1.0,1,1
A,147681010,8,2006,10,2010,R8KCNT,R10KCNT,1.0,1.0,weekly,weekly,0.0,maintained_weekly,0.0,,1.0,1.0,1,1
A,147681020,8,2006,10,2010,R8KCNT,R10KCNT,0.0,0.0,less_than_weekly,less_than_weekly,0.0,persistently_below_weekly,0.0,0.0,0.0,0.0,0,0
A,147793010,8,2006,10,2010,R8KCNT,R10KCNT,0.0,1.0,less_than_weekly,weekly,1.0,increased_to_weekly,0.0,1.0,0.0,1.0,0,1
A,148085010,8,2006,10,2010,R8KCNT,R10KCNT,1.0,1.0,weekly,weekly,0.0,maintained_weekly,1.0,1.0,1.0,1.0,1,1
A,148454010,8,2006,10,2010,R8KCNT,R10KCNT,,,no_children,no_children,,,,,,,.k,.k
A,148543010,8,2006,10,2010,R8KCNT,R10KCNT,1.0,1.0,weekly,weekly,0.0,maintained_weekly,1.0,1.0,1.0,0.0,1,1
A,148543020,8,2006,10,2010,R8KCNT,R10KCNT,1.0,1.0,weekly,weekly,0.0,maintained_weekly,1.0,1.0,1.0,1.0,1,1
A,148656020,8,2006,10,2010,R8KCNT,R10KCNT,1.0,1.0,weekly,weekly,0.0,maintained_weekly,1.0,1.0,1.0,1.0,1,1
A,148936010,8,2006,10,2010,R8KCNT,R10KCNT,1.0,1.0,weekly,weekly,0.0,maintained_weekly,1.0,1.0,1.0,1.0,1,1
A,149257010,8,2006,10,2010,R8KCNT,R10KCNT,1.0,1.0,weekly,weekly,0.0,maintained_weekly,1.0,1.0,1.0,1.0,1,1
A,149257020,8,2006,10,2010,R8KCNT,R10KCNT,1.0,1.0,weekly,weekly,0.0,maintained_weekly,1.0,1.0,1.0,1.0,1,1
A,149417010,8,2006,10,2010,R8KCNT,R10KCNT,0.0,1.0,less_than_weekly,weekly,1.0,increased_to_weekly,0.0,0.0,0.0,1.0,0,1
A,149417020,8,2006,10,2010,R8KCNT,R10KCNT,,1.0,leave_behind_not_completed_or_ineligible,weekly,,,,0.0,,1.0,.l,1
A,149525010,8,2006,10,2010,R8KCNT,R10KCNT,1.0,1.0,weekly,weekly,0.0,maintained_weekly,1.0,0.0,1.0,1.0,1,1
A,149533010,8,2006,10,2010,R8KCNT,R10KCNT,0.0,0.0,less_than_weekly,less_than_weekly,0.0,persistently_below_weekly,0.0,0.0,0.0,0.0,0,0
A,149632010,8,2006,10,2010,R8KCNT,R10KCNT,1.0,1.0,weekly,weekly,0.0,maintained_weekly,0.0,1.0,1.0,1.0,1,1
A,150186010,8,2006,10,2010,R8KCNT,R10KCNT,1.0,1.0,weekly,weekly,0.0,maintained_weekly,0.0,0.0,1.0,1.0,1,1
A,150188010,8,2006,10,2010,R8KCNT,R10KCNT,0.0,0.0,less_than_weekly,less_than_weekly,0.0,persistently_below_weekly,0.0,0.0,0.0,0.0,0,0
A,150188020,8,2006,10,2010,R8KCNT,R10KCNT,1.0,1.0,weekly,weekly,0.0,maintained_weekly,0.0,0.0,1.0,1.0,1,1
A,150370010,8,2006,10,2010,R8KCNT,R10KCNT,1.0,1.0,weekly,weekly,0.0,maintained_weekly,0.0,0.0,1.0,1.0,1,1
A,150370020,8,2006,10,2010,R8KCNT,R10KCNT,1.0,1.0,weekly,weekly,0.0,maintained_weekly,0.0,0.0,1.0,1.0,1,1
A,150990020,8,2006,10,2010,R8KCNT,R10KCNT,1.0,1.0,weekly,weekly,0.0,maintained_weekly,0.0,0.0,1.0,1.0,1,1
A,151331020,8,2006,10,2010,R8KCNT,R10KCNT,1.0,1.0,weekly,weekly,0.0,maintained_weekly,1.0,1.0,1.0,1.0,1,1
A,151350021,8,2006,10,2010,R8KCNT,R10KCNT,,1.0,not_interviewed_or_plain_missing,weekly,,,,1.0,,1.0,.,1
A,151409010,8,2006,10,2010,R8KCNT,R10KCNT,1.0,1.0,weekly,weekly,0.0,maintained_weekly,1.0,1.0,1.0,1.0,1,1
A,151469010,8,2006,10,2010,R8KCNT,R10KCNT,1.0,1.0,weekly,weekly,0.0,maintained_weekly,0.0,0.0,1.0,1.0,1,1
A,151751010,8,2006,10,2010,R8KCNT,R10KCNT,1.0,1.0,weekly,weekly,0.0,maintained_weekly,1.0,1.0,1.0,1.0,1,1
A,151751020,8,2006,10,2010,R8KCNT,R10KCNT,1.0,1.0,weekly,weekly,0.0,maintained_weekly,1.0,1.0,1.0,1.0,1,1
A,151946010,8,2006,10,2010,R8KCNT,R10KCNT,1.0,1.0,weekly,weekly,0.0,maintained_weekly,1.0,1.0,1.0,1.0,1,1
A,151946020,8,2006,10,2010,R8KCNT,R10KCNT,1.0,1.0,weekly,weekly,0.0,maintained_weekly,1.0,0.0,1.0,1.0,1,1
A,151986010,8,2006,10,2010,R8KCNT,R10KCNT,1.0,1.0,weekly,weekly,0.0,maintained_weekly,1.0,1.0,1.0,1.0,1,1
A,152371010,8,2006,10,2010,R8KCNT,R10KCNT,1.0,1.0,weekly,weekly,0.0,maintained_weekly,1.0,1.0,1.0,1.0,1,1
A,152525010,8,2006,10,2010,R8KCNT,R10KCNT,1.0,1.0,weekly,weekly,0.0,maintained_weekly,0.0,1.0,1.0,1.0,1,1
A,152563010,8,2006,10,2010,R8KCNT,R10KCNT,1.0,1.0,weekly,weekly,0.0,maintained_weekly,1.0,,1.0,1.0,1,1
A,152630010,8,2006,10,2010,R8KCNT,R10KCNT,1.0,1.0,weekly,weekly,0.0,maintained_weekly,1.0,1.0,1.0,1.0,1,1
A,152635020,8,2006,10,2010,R8KCNT,R10KCNT,1.0,1.0,weekly,weekly,0.0,maintained_weekly,1.0,1.0,1.0,1.0,1,1
A,153144010,8,2006,10,2010,R8KCNT,R10KCNT,0.0,1.0,less_than_weekly,weekly,1.0,increased_to_weekly,0.0,0.0,0.0,1.0,0,1
A,153387020,8,2006,10,2010,R8KCNT,R10KCNT,0.0,1.0,less_than_weekly,weekly,1.0,increased_to_weekly,0.0,1.0,0.0,1.0,0,1
A,154199020,8,2006,10,2010,R8KCNT,R10KCNT,,0.0,leave_behind_not_completed_or_ineligible,less_than_weekly,,,,0.0,,0.0,.l,0
A,154361010,8,2006,10,2010,R8KCNT,R10KCNT,,1.0,leave_behind_not_completed_or_ineligible,weekly,,,,0.0,,1.0,.l,1
A,154552010,8,2006,10,2010,R8KCNT,R10KCNT,,,missing_response,no_children,,,,,,,.m,.k
A,154800020,8,2006,10,2010,R8KCNT,R10KCNT,1.0,1.0,weekly,weekly,0.0,maintained_weekly,0.0,0.0,1.0,1.0,1,1
A,154973010,8,2006,10,2010,R8KCNT,R10KCNT,1.0,1.0,weekly,weekly,0.0,maintained_weekly,0.0,0.0,1.0,1.0,1,1
A,154973020,8,2006,10,2010,R8KCNT,R10KCNT,1.0,1.0,weekly,weekly,0.0,maintained_weekly,1.0,1.0,1.0,1.0,1,1
A,155090010,8,2006,10,2010,R8KCNT,R10KCNT,1.0,1.0,weekly,weekly,0.0,maintained_weekly,1.0,1.0,1.0,1.0,1,1
A,155507010,8,2006,10,2010,R8KCNT,R10KCNT,0.0,0.0,less_than_weekly,less_than_weekly,0.0,persistently_below_weekly,0.0,0.0,0.0,0.0,0,0
A,155764010,8,2006,10,2010,R8KCNT,R10KCNT,1.0,1.0,weekly,weekly,0.0,maintained_weekly,0.0,0.0,1.0,1.0,1,1
A,155934010,8,2006,10,2010,R8KCNT,R10KCNT,,1.0,leave_behind_not_completed_or_ineligible,weekly,,,,1.0,,1.0,.l,1
A,156002010,8,2006,10,2010,R8KCNT,R10KCNT,0.0,1.0,less_than_weekly,weekly,1.0,increased_to_weekly,0.0,0.0,0.0,1.0,0,1
A,156080010,8,2006,10,2010,R8KCNT,R10KCNT,1.0,1.0,weekly,weekly,0.0,maintained_weekly,1.0,1.0,0.0,1.0,1,1
A,156463010,8,2006,10,2010,R8KCNT,R10KCNT,1.0,0.0,weekly,less_than_weekly,-1.0,decreased_below_weekly,0.0,0.0,1.0,0.0,1,0
A,156710010,8,2006,10,2010,R8KCNT,R10KCNT,1.0,1.0,weekly,weekly,0.0,maintained_weekly,1.0,1.0,1.0,1.0,1,1
A,157121010,8,2006,10,2010,R8KCNT,R10KCNT,1.0,1.0,weekly,weekly,0.0,maintained_weekly,,0.0,1.0,1.0,1,1
A,157163010,8,2006,10,2010,R8KCNT,R10KCNT,,1.0,leave_behind_not_completed_or_ineligible,weekly,,,,0.0,,1.0,.l,1
A,157163020,8,2006,10,2010,R8KCNT,R10KCNT,0.0,0.0,less_than_weekly,less_than_weekly,0.0,persistently_below_weekly,0.0,0.0,0.0,0.0,0,0
A,157329010,8,2006,10,2010,R8KCNT,R10KCNT,1.0,,weekly,no_children,,,1.0,,1.0,,1,.k
A,157738010,8,2006,10,2010,R8KCNT,R10KCNT,1.0,1.0,weekly,weekly,0.0,maintained_weekly,0.0,0.0,1.0,1.0,1,1
A,158055010,8,2006,10,2010,R8KCNT,R10KCNT,1.0,,weekly,leave_behind_not_completed_or_ineligible,,,1.0,,1.0,,1,.l
A,158116020,8,2006,10,2010,R8KCNT,R10KCNT,,,no_children,no_children,,,,,,,.k,.k
A,158546010,8,2006,10,2010,R8KCNT,R10KCNT,0.0,1.0,less_than_weekly,weekly,1.0,increased_to_weekly,0.0,1.0,0.0,1.0,0,1
A,158677010,8,2006,10,2010,R8KCNT,R10KCNT,,,no_children,no_children,,,,,,,.k,.k
A,159750010,8,2006,10,2010,R8KCNT,R10KCNT,,1.0,leave_behind_not_completed_or_ineligible,weekly,,,,0.0,,1.0,.l,1
A,159868010,8,2006,10,2010,R8KCNT,R10KCNT,1.0,1.0,weekly,weekly,0.0,maintained_weekly,0.0,1.0,1.0,1.0,1,1
A,160233011,8,2006,10,2010,R8KCNT,R10KCNT,1.0,0.0,weekly,less_than_weekly,-1.0,decreased_below_weekly,1.0,0.0,1.0,0.0,1,0
A,160361010,8,2006,10,2010,R8KCNT,R10KCNT,1.0,0.0,weekly,less_than_weekly,-1.0,decreased_below_weekly,1.0,0.0,0.0,0.0,1,0
A,160505010,8,2006,10,2010,R8KCNT,R10KCNT,1.0,1.0,weekly,weekly,0.0,maintained_weekly,1.0,1.0,1.0,1.0,1,1
A,160750010,8,2006,10,2010,R8KCNT,R10KCNT,,1.0,leave_behind_not_completed_or_ineligible,weekly,,,,0.0,,1.0,.l,1
A,160750020,8,2006,10,2010,R8KCNT,R10KCNT,,1.0,leave_behind_not_completed_or_ineligible,weekly,,,,0.0,,1.0,.l,1
A,160853010,8,2006,10,2010,R8KCNT,R10KCNT,1.0,0.0,weekly,less_than_weekly,-1.0,decreased_below_weekly,0.0,0.0,1.0,0.0,1,0
A,161038010,8,2006,10,2010,R8KCNT,R10KCNT,0.0,0.0,less_than_weekly,less_than_weekly,0.0,persistently_below_weekly,0.0,0.0,0.0,0.0,0,0
A,161038020,8,2006,10,2010,R8KCNT,R10KCNT,0.0,1.0,less_than_weekly,weekly,1.0,increased_to_weekly,0.0,1.0,0.0,1.0,0,1
A,164374010,8,2006,10,2010,R8KCNT,R10KCNT,1.0,1.0,weekly,weekly,0.0,maintained_weekly,1.0,1.0,1.0,1.0,1,1
A,164374020,8,2006,10,2010,R8KCNT,R10KCNT,1.0,1.0,weekly,weekly,0.0,maintained_weekly,1.0,1.0,1.0,1.0,1,1
A,164882010,8,2006,10,2010,R8KCNT,R10KCNT,,,leave_behind_not_completed_or_ineligible,missing_response,,,,,,,.l,.m
A,165702010,8,2006,10,2010,R8KCNT,R10KCNT,0.0,0.0,less_than_weekly,less_than_weekly,0.0,persistently_below_weekly,0.0,0.0,0.0,0.0,0,0
A,171033020,8,2006,10,2010,R8KCNT,R10KCNT,1.0,1.0,weekly,weekly,0.0,maintained_weekly,0.0,0.0,1.0,1.0,1,1
A,171462020,8,2006,10,2010,R8KCNT,R10KCNT,1.0,1.0,weekly,weekly,0.0,maintained_weekly,0.0,1.0,1.0,1.0,1,1
A,171851010,8,2006,10,2010,R8KCNT,R10KCNT,1.0,0.0,weekly,less_than_weekly,-1.0,decreased_below_weekly,1.0,0.0,1.0,0.0,1,0
A,172390010,8,2006,10,2010,R8KCNT,R10KCNT,,1.0,leave_behind_not_completed_or_ineligible,weekly,,,,0.0,,1.0,.l,1
A,172390020,8,2006,10,2010,R8KCNT,R10KCNT,,0.0,leave_behind_not_completed_or_ineligible,less_than_weekly,,,,0.0,,0.0,.l,0
A,173675010,8,2006,10,2010,R8KCNT,R10KCNT,1.0,0.0,weekly,less_than_weekly,-1.0,decreased_below_weekly,0.0,0.0,1.0,0.0,1,0
A,173675020,8,2006,10,2010,R8KCNT,R10KCNT,1.0,1.0,weekly,weekly,0.0,maintained_weekly,0.0,0.0,1.0,1.0,1,1
A,173746010,8,2006,10,2010,R8KCNT,R10KCNT,1.0,1.0,weekly,weekly,0.0,maintained_weekly,1.0,1.0,1.0,1.0,1,1
A,173839010,8,2006,10,2010,R8KCNT,R10KCNT,,,no_children,no_children,,,,,,,.k,.k
A,174268010,8,2006,10,2010,R8KCNT,R10KCNT,1.0,1.0,weekly,weekly,0.0,maintained_weekly,1.0,1.0,1.0,1.0,1,1
A,174390010,8,2006,10,2010,R8KCNT,R10KCNT,1.0,1.0,weekly,weekly,0.0,maintained_weekly,0.0,0.0,1.0,1.0,1,1
A,174390020,8,2006,10,2010,R8KCNT,R10KCNT,1.0,0.0,weekly,less_than_weekly,-1.0,decreased_below_weekly,0.0,0.0,1.0,0.0,1,0
A,175469010,8,2006,10,2010,R8KCNT,R10KCNT,1.0,0.0,weekly,less_than_weekly,-1.0,decreased_below_weekly,0.0,0.0,1.0,0.0,1,0
A,175743010,8,2006,10,2010,R8KCNT,R10KCNT,0.0,0.0,less_than_weekly,less_than_weekly,0.0,persistently_below_weekly,0.0,0.0,0.0,0.0,0,0
A,176135010,8,2006,10,2010,R8KCNT,R10KCNT,,1.0,leave_behind_not_completed_or_ineligible,weekly,,,,1.0,,1.0,.l,1
A,177662010,8,2006,10,2010,R8KCNT,R10KCNT,1.0,1.0,weekly,weekly,0.0,maintained_weekly,0.0,1.0,1.0,1.0,1,1
A,177745010,8,2006,10,2010,R8KCNT,R10KCNT,,1.0,leave_behind_not_completed_or_ineligible,weekly,,,,1.0,,1.0,.l,1
A,177745020,8,2006,10,2010,R8KCNT,R10KCNT,,1.0,leave_behind_not_completed_or_ineligible,weekly,,,,1.0,,1.0,.l,1
A,177842010,8,2006,10,2010,R8KCNT,R10KCNT,,0.0,leave_behind_not_completed_or_ineligible,less_than_weekly,,,,0.0,,0.0,.l,0
A,177906010,8,2006,10,2010,R8KCNT,R10KCNT,,,no_children,no_children,,,,,,,.k,.k
A,178095010,8,2006,10,2010,R8KCNT,R10KCNT,0.0,1.0,less_than_weekly,weekly,1.0,increased_to_weekly,0.0,0.0,0.0,1.0,0,1
A,178095020,8,2006,10,2010,R8KCNT,R10KCNT,1.0,1.0,weekly,weekly,0.0,maintained_weekly,0.0,0.0,1.0,1.0,1,1
A,178198010,8,2006,10,2010,R8KCNT,R10KCNT,0.0,0.0,less_than_weekly,less_than_weekly,0.0,persistently_below_weekly,0.0,0.0,0.0,0.0,0,0
A,178307010,8,2006,10,2010,R8KCNT,R10KCNT,,,no_children,no_children,,,,,,,.k,.k
A,178466010,8,2006,10,2010,R8KCNT,R10KCNT,1.0,1.0,weekly,weekly,0.0,maintained_weekly,1.0,1.0,1.0,1.0,1,1
A,178770010,8,2006,10,2010,R8KCNT,R10KCNT,1.0,1.0,weekly,weekly,0.0,maintained_weekly,0.0,0.0,1.0,1.0,1,1
A,178770011,8,2006,10,2010,R8KCNT,R10KCNT,,1.0,not_interviewed_or_plain_missing,weekly,,,,0.0,,1.0,.,1
A,178823010,8,2006,10,2010,R8KCNT,R10KCNT,0.0,0.0,less_than_weekly,less_than_weekly,0.0,persistently_below_weekly,0.0,0.0,0.0,0.0,0,0
A,178865010,8,2006,10,2010,R8KCNT,R10KCNT,0.0,1.0,less_than_weekly,weekly,1.0,increased_to_weekly,0.0,0.0,0.0,1.0,0,1
A,178876010,8,2006,10,2010,R8KCNT,R10KCNT,1.0,1.0,weekly,weekly,0.0,maintained_weekly,1.0,1.0,1.0,1.0,1,1
A,178876020,8,2006,10,2010,R8KCNT,R10KCNT,1.0,1.0,weekly,weekly,0.0,maintained_weekly,1.0,0.0,1.0,1.0,1,1
A,179627020,8,2006,10,2010,R8KCNT,R10KCNT,1.0,0.0,weekly,less_than_weekly,-1.0,decreased_below_weekly,0.0,0.0,1.0,0.0,1,0
A,179767010,8,2006,10,2010,R8KCNT,R10KCNT,1.0,1.0,weekly,weekly,0.0,maintained_weekly,1.0,1.0,1.0,1.0,1,1
A,179767020,8,2006,10,2010,R8KCNT,R10KCNT,1.0,1.0,weekly,weekly,0.0,maintained_weekly,1.0,0.0,1.0,1.0,1,1
A,180189010,8,2006,10,2010,R8KCNT,R10KCNT,1.0,1.0,weekly,weekly,0.0,maintained_weekly,1.0,1.0,1.0,1.0,1,1
A,180226010,8,2006,10,2010,R8KCNT,R10KCNT,1.0,1.0,weekly,weekly,0.0,maintained_weekly,0.0,0.0,1.0,1.0,1,1
A,180795020,8,2006,10,2010,R8KCNT,R10KCNT,0.0,0.0,less_than_weekly,less_than_weekly,0.0,persistently_below_weekly,0.0,0.0,0.0,0.0,0,0
A,180872010,8,2006,10,2010,R8KCNT,R10KCNT,1.0,1.0,weekly,weekly,0.0,maintained_weekly,1.0,1.0,1.0,1.0,1,1
A,180872020,8,2006,10,2010,R8KCNT,R10KCNT,1.0,1.0,weekly,weekly,0.0,maintained_weekly,1.0,1.0,1.0,1.0,1,1
A,181091010,8,2006,10,2010,R8KCNT,R10KCNT,,1.0,leave_behind_not_completed_or_ineligible,weekly,,,,1.0,,1.0,.l,1
A,182027010,8,2006,10,2010,R8KCNT,R10KCNT,1.0,1.0,weekly,weekly,0.0,maintained_weekly,1.0,0.0,1.0,1.0,1,1
A,182471010,8,2006,10,2010,R8KCNT,R10KCNT,1.0,1.0,weekly,weekly,0.0,maintained_weekly,0.0,1.0,1.0,1.0,1,1
A,182735010,8,2006,10,2010,R8KCNT,R10KCNT,0.0,0.0,less_than_weekly,less_than_weekly,0.0,persistently_below_weekly,0.0,0.0,0.0,0.0,0,0
A,183023020,8,2006,10,2010,R8KCNT,R10KCNT,,1.0,leave_behind_not_completed_or_ineligible,weekly,,,,1.0,,1.0,.l,1
A,183406010,8,2006,10,2010,R8KCNT,R10KCNT,1.0,1.0,weekly,weekly,0.0,maintained_weekly,0.0,0.0,1.0,1.0,1,1
A,183461020,8,2006,10,2010,R8KCNT,R10KCNT,,1.0,leave_behind_not_completed_or_ineligible,weekly,,,,1.0,,1.0,.l,1
A,183537010,8,2006,10,2010,R8KCNT,R10KCNT,0.0,1.0,less_than_weekly,weekly,1.0,increased_to_weekly,0.0,0.0,0.0,1.0,0,1
A,183748010,8,2006,10,2010,R8KCNT,R10KCNT,1.0,1.0,weekly,weekly,0.0,maintained_weekly,0.0,0.0,1.0,1.0,1,1
A,184271010,8,2006,10,2010,R8KCNT,R10KCNT,1.0,1.0,weekly,weekly,0.0,maintained_weekly,0.0,0.0,1.0,1.0,1,1
A,184271020,8,2006,10,2010,R8KCNT,R10KCNT,1.0,1.0,weekly,weekly,0.0,maintained_weekly,0.0,0.0,1.0,1.0,1,1
A,184297010,8,2006,10,2010,R8KCNT,R10KCNT,0.0,0.0,less_than_weekly,less_than_weekly,0.0,persistently_below_weekly,0.0,0.0,0.0,0.0,0,0
A,184297020,8,2006,10,2010,R8KCNT,R10KCNT,,,no_children,no_children,,,,,,,.k,.k
A,184387020,8,2006,10,2010,R8KCNT,R10KCNT,1.0,1.0,weekly,weekly,0.0,maintained_weekly,0.0,0.0,1.0,1.0,1,1
A,184645020,8,2006,10,2010,R8KCNT,R10KCNT,,0.0,leave_behind_not_completed_or_ineligible,less_than_weekly,,,,0.0,,0.0,.l,0
A,184830010,8,2006,10,2010,R8KCNT,R10KCNT,1.0,,weekly,missing_response,,,1.0,,1.0,,1,.m
A,185285010,8,2006,10,2010,R8KCNT,R10KCNT,1.0,1.0,weekly,weekly,0.0,maintained_weekly,0.0,1.0,1.0,1.0,1,1
A,185578020,8,2006,10,2010,R8KCNT,R10KCNT,0.0,0.0,less_than_weekly,less_than_weekly,0.0,persistently_below_weekly,0.0,0.0,0.0,0.0,0,0
A,185856010,8,2006,10,2010,R8KCNT,R10KCNT,0.0,0.0,less_than_weekly,less_than_weekly,0.0,persistently_below_weekly,0.0,0.0,0.0,0.0,0,0
A,185903010,8,2006,10,2010,R8KCNT,R10KCNT,,,no_children,no_children,,,,,,,.k,.k
A,185986020,8,2006,10,2010,R8KCNT,R10KCNT,1.0,1.0,weekly,weekly,0.0,maintained_weekly,1.0,1.0,0.0,0.0,1,1
A,186047010,8,2006,10,2010,R8KCNT,R10KCNT,1.0,0.0,weekly,less_than_weekly,-1.0,decreased_below_weekly,0.0,0.0,1.0,0.0,1,0
A,186099010,8,2006,10,2010,R8KCNT,R10KCNT,1.0,1.0,weekly,weekly,0.0,maintained_weekly,1.0,0.0,1.0,1.0,1,1
A,186099020,8,2006,10,2010,R8KCNT,R10KCNT,1.0,1.0,weekly,weekly,0.0,maintained_weekly,1.0,1.0,1.0,1.0,1,1
A,186155010,8,2006,10,2010,R8KCNT,R10KCNT,1.0,0.0,weekly,less_than_weekly,-1.0,decreased_below_weekly,0.0,0.0,1.0,0.0,1,0
A,186155011,8,2006,10,2010,R8KCNT,R10KCNT,1.0,1.0,weekly,weekly,0.0,maintained_weekly,1.0,0.0,1.0,1.0,1,1
A,186438010,8,2006,10,2010,R8KCNT,R10KCNT,,,missing_response,no_children,,,,,,,.m,.k
A,186469010,8,2006,10,2010,R8KCNT,R10KCNT,1.0,1.0,weekly,weekly,0.0,maintained_weekly,0.0,0.0,1.0,1.0,1,1
A,187098010,8,2006,10,2010,R8KCNT,R10KCNT,1.0,1.0,weekly,weekly,0.0,maintained_weekly,1.0,0.0,1.0,1.0,1,1
A,187399010,8,2006,10,2010,R8KCNT,R10KCNT,1.0,1.0,weekly,weekly,0.0,maintained_weekly,0.0,0.0,1.0,1.0,1,1
A,200005020,8,2006,10,2010,R8KCNT,R10KCNT,1.0,,weekly,leave_behind_not_completed_or_ineligible,,,1.0,,1.0,,1,.l
A,200023010,8,2006,10,2010,R8KCNT,R10KCNT,1.0,1.0,weekly,weekly,0.0,maintained_weekly,1.0,1.0,1.0,1.0,1,1
A,200040010,8,2006,10,2010,R8KCNT,R10KCNT,0.0,1.0,less_than_weekly,weekly,1.0,increased_to_weekly,0.0,0.0,0.0,1.0,0,1
A,200050010,8,2006,10,2010,R8KCNT,R10KCNT,1.0,1.0,weekly,weekly,0.0,maintained_weekly,0.0,0.0,1.0,1.0,1,1
A,200055010,8,2006,10,2010,R8KCNT,R10KCNT,1.0,1.0,weekly,weekly,0.0,maintained_weekly,0.0,0.0,1.0,1.0,1,1
A,200055020,8,2006,10,2010,R8KCNT,R10KCNT,1.0,1.0,weekly,weekly,0.0,maintained_weekly,0.0,0.0,1.0,1.0,1,1
A,200061010,8,2006,10,2010,R8KCNT,R10KCNT,1.0,1.0,weekly,weekly,0.0,maintained_weekly,0.0,1.0,1.0,1.0,1,1
A,200068010,8,2006,10,2010,R8KCNT,R10KCNT,1.0,1.0,weekly,weekly,0.0,maintained_weekly,1.0,0.0,1.0,1.0,1,1
A,200093010,8,2006,10,2010,R8KCNT,R10KCNT,1.0,0.0,weekly,less_than_weekly,-1.0,decreased_below_weekly,0.0,0.0,1.0,0.0,1,0
A,200122020,8,2006,10,2010,R8KCNT,R10KCNT,1.0,1.0,weekly,weekly,0.0,maintained_weekly,0.0,1.0,1.0,1.0,1,1
A,200258020,8,2006,10,2010,R8KCNT,R10KCNT,,,no_children,no_children,,,,,,,.k,.k
A,200285020,8,2006,10,2010,R8KCNT,R10KCNT,0.0,0.0,less_than_weekly,less_than_weekly,0.0,persistently_below_weekly,0.0,0.0,0.0,0.0,0,0
A,200288020,8,2006,10,2010,R8KCNT,R10KCNT,1.0,1.0,weekly,weekly,0.0,maintained_weekly,0.0,0.0,1.0,1.0,1,1
A,200339010,8,2006,10,2010,R8KCNT,R10KCNT,1.0,1.0,weekly,weekly,0.0,maintained_weekly,1.0,1.0,1.0,1.0,1,1
A,200339020,8,2006,10,2010,R8KCNT,R10KCNT,1.0,1.0,weekly,weekly,0.0,maintained_weekly,1.0,1.0,0.0,1.0,1,1
A,200342010,8,2006,10,2010,R8KCNT,R10KCNT,,,no_children,no_children,,,,,,,.k,.k
A,200347010,8,2006,10,2010,R8KCNT,R10KCNT,1.0,1.0,weekly,weekly,0.0,maintained_weekly,1.0,1.0,1.0,1.0,1,1
A,200347011,8,2006,10,2010,R8KCNT,R10KCNT,,1.0,leave_behind_not_completed_or_ineligible,weekly,,,,1.0,,1.0,.l,1
A,200359010,8,2006,10,2010,R8KCNT,R10KCNT,0.0,0.0,less_than_weekly,less_than_weekly,0.0,persistently_below_weekly,0.0,0.0,0.0,0.0,0,0
A,200376020,8,2006,10,2010,R8KCNT,R10KCNT,1.0,1.0,weekly,weekly,0.0,maintained_weekly,,1.0,1.0,1.0,1,1
A,200393020,8,2006,10,2010,R8KCNT,R10KCNT,1.0,,weekly,leave_behind_not_completed_or_ineligible,,,0.0,,1.0,,1,.l
A,200402020,8,2006,10,2010,R8KCNT,R10KCNT,1.0,1.0,weekly,weekly,0.0,maintained_weekly,1.0,0.0,1.0,1.0,1,1
A,200441010,8,2006,10,2010,R8KCNT,R10KCNT,0.0,0.0,less_than_weekly,less_than_weekly,0.0,persistently_below_weekly,0.0,0.0,0.0,0.0,0,0
A,200441011,8,2006,10,2010,R8KCNT,R10KCNT,1.0,1.0,weekly,weekly,0.0,maintained_weekly,0.0,0.0,1.0,1.0,1,1
A,200445020,8,2006,10,2010,R8KCNT,R10KCNT,1.0,1.0,weekly,weekly,0.0,maintained_weekly,1.0,0.0,1.0,1.0,1,1
A,200502020,8,2006,10,2010,R8KCNT,R10KCNT,1.0,1.0,weekly,weekly,0.0,maintained_weekly,1.0,1.0,1.0,1.0,1,1
A,200510010,8,2006,10,2010,R8KCNT,R10KCNT,1.0,0.0,weekly,less_than_weekly,-1.0,decreased_below_weekly,0.0,0.0,1.0,0.0,1,0
A,200510020,8,2006,10,2010,R8KCNT,R10KCNT,0.0,1.0,less_than_weekly,weekly,1.0,increased_to_weekly,0.0,0.0,0.0,1.0,0,1
A,200516010,8,2006,10,2010,R8KCNT,R10KCNT,1.0,1.0,weekly,weekly,0.0,maintained_weekly,0.0,0.0,1.0,1.0,1,1
A,200520020,8,2006,10,2010,R8KCNT,R10KCNT,,,leave_behind_not_completed_or_ineligible,no_children,,,,,,,.l,.k
A,200525010,8,2006,10,2010,R8KCNT,R10KCNT,,1.0,leave_behind_not_completed_or_ineligible,weekly,,,,0.0,,1.0,.l,1
A,200527020,8,2006,10,2010,R8KCNT,R10KCNT,,1.0,missing_response,weekly,,,,1.0,,1.0,.m,1
A,200537020,8,2006,10,2010,R8KCNT,R10KCNT,1.0,1.0,weekly,weekly,0.0,maintained_weekly,1.0,,1.0,1.0,1,1
A,200545010,8,2006,10,2010,R8KCNT,R10KCNT,0.0,0.0,less_than_weekly,less_than_weekly,0.0,persistently_below_weekly,0.0,,0.0,0.0,0,0
A,200547010,8,2006,10,2010,R8KCNT,R10KCNT,1.0,1.0,weekly,weekly,0.0,maintained_weekly,0.0,0.0,1.0,1.0,1,1
A,200548010,8,2006,10,2010,R8KCNT,R10KCNT,1.0,0.0,weekly,less_than_weekly,-1.0,decreased_below_weekly,,0.0,1.0,0.0,1,0
A,200564010,8,2006,10,2010,R8KCNT,R10KCNT,0.0,0.0,less_than_weekly,less_than_weekly,0.0,persistently_below_weekly,0.0,0.0,0.0,0.0,0,0
A,200572010,8,2006,10,2010,R8KCNT,R10KCNT,1.0,1.0,weekly,weekly,0.0,maintained_weekly,0.0,1.0,1.0,1.0,1,1
A,200573010,8,2006,10,2010,R8KCNT,R10KCNT,,,no_children,no_children,,,,,,,.k,.k
A,200578010,8,2006,10,2010,R8KCNT,R10KCNT,,,no_children,no_children,,,,,,,.k,.k
A,200612020,8,2006,10,2010,R8KCNT,R10KCNT,1.0,1.0,weekly,weekly,0.0,maintained_weekly,1.0,0.0,1.0,1.0,1,1
A,200619010,8,2006,10,2010,R8KCNT,R10KCNT,1.0,0.0,weekly,less_than_weekly,-1.0,decreased_below_weekly,0.0,0.0,1.0,0.0,1,0
A,200620010,8,2006,10,2010,R8KCNT,R10KCNT,1.0,1.0,weekly,weekly,0.0,maintained_weekly,1.0,1.0,1.0,1.0,1,1
A,200636011,8,2006,10,2010,R8KCNT,R10KCNT,0.0,1.0,less_than_weekly,weekly,1.0,increased_to_weekly,,0.0,0.0,1.0,0,1
A,200647010,8,2006,10,2010,R8KCNT,R10KCNT,1.0,1.0,weekly,weekly,0.0,maintained_weekly,0.0,1.0,1.0,0.0,1,1
A,200647020,8,2006,10,2010,R8KCNT,R10KCNT,1.0,1.0,weekly,weekly,0.0,maintained_weekly,0.0,1.0,1.0,1.0,1,1
A,200650010,8,2006,10,2010,R8KCNT,R10KCNT,1.0,,weekly,missing_response,,,1.0,,1.0,,1,.m
A,200654010,8,2006,10,2010,R8KCNT,R10KCNT,1.0,,weekly,missing_response,,,1.0,,0.0,,1,.m
A,200654020,8,2006,10,2010,R8KCNT,R10KCNT,1.0,1.0,weekly,weekly,0.0,maintained_weekly,0.0,1.0,1.0,1.0,1,1
A,200673020,8,2006,10,2010,R8KCNT,R10KCNT,1.0,0.0,weekly,less_than_weekly,-1.0,decreased_below_weekly,0.0,0.0,1.0,0.0,1,0
A,200687010,8,2006,10,2010,R8KCNT,R10KCNT,1.0,1.0,weekly,weekly,0.0,maintained_weekly,1.0,0.0,1.0,1.0,1,1
A,200695010,8,2006,10,2010,R8KCNT,R10KCNT,1.0,1.0,weekly,weekly,0.0,maintained_weekly,1.0,1.0,1.0,1.0,1,1
A,200695020,8,2006,10,2010,R8KCNT,R10KCNT,1.0,,weekly,leave_behind_not_completed_or_ineligible,,,1.0,,1.0,,1,.l
A,200767010,8,2006,10,2010,R8KCNT,R10KCNT,,,no_children,no_children,,,,,,,.k,.k
A,200767020,8,2006,10,2010,R8KCNT,R10KCNT,,,no_children,no_children,,,,,,,.k,.k
A,200785010,8,2006,10,2010,R8KCNT,R10KCNT,1.0,0.0,weekly,less_than_weekly,-1.0,decreased_below_weekly,0.0,0.0,1.0,0.0,1,0
A,200787020,8,2006,10,2010,R8KCNT,R10KCNT,1.0,1.0,weekly,weekly,0.0,maintained_weekly,0.0,0.0,1.0,1.0,1,1
A,200789020,8,2006,10,2010,R8KCNT,R10KCNT,1.0,1.0,weekly,weekly,0.0,maintained_weekly,1.0,1.0,1.0,1.0,1,1
A,200794020,8,2006,10,2010,R8KCNT,R10KCNT,1.0,1.0,weekly,weekly,0.0,maintained_weekly,1.0,1.0,1.0,1.0,1,1
A,200832020,8,2006,10,2010,R8KCNT,R10KCNT,1.0,1.0,weekly,weekly,0.0,maintained_weekly,1.0,0.0,1.0,1.0,1,1
A,200852010,8,2006,10,2010,R8KCNT,R10KCNT,1.0,1.0,weekly,weekly,0.0,maintained_weekly,1.0,,1.0,1.0,1,1
A,200870010,8,2006,10,2010,R8KCNT,R10KCNT,1.0,0.0,weekly,less_than_weekly,-1.0,decreased_below_weekly,1.0,0.0,1.0,0.0,1,0
A,200877020,8,2006,10,2010,R8KCNT,R10KCNT,1.0,1.0,weekly,weekly,0.0,maintained_weekly,0.0,,1.0,1.0,1,1
A,200920020,8,2006,10,2010,R8KCNT,R10KCNT,1.0,1.0,weekly,weekly,0.0,maintained_weekly,1.0,0.0,1.0,1.0,1,1
A,200942010,8,2006,10,2010,R8KCNT,R10KCNT,1.0,,weekly,no_children,,,1.0,,0.0,,1,.k
A,200974010,8,2006,10,2010,R8KCNT,R10KCNT,1.0,1.0,weekly,weekly,0.0,maintained_weekly,0.0,0.0,1.0,1.0,1,1
A,200983010,8,2006,10,2010,R8KCNT,R10KCNT,1.0,1.0,weekly,weekly,0.0,maintained_weekly,0.0,1.0,1.0,1.0,1,1
A,200983020,8,2006,10,2010,R8KCNT,R10KCNT,1.0,1.0,weekly,weekly,0.0,maintained_weekly,1.0,1.0,1.0,1.0,1,1
A,201000010,8,2006,10,2010,R8KCNT,R10KCNT,1.0,1.0,weekly,weekly,0.0,maintained_weekly,0.0,0.0,1.0,1.0,1,1
A,201000020,8,2006,10,2010,R8KCNT,R10KCNT,1.0,1.0,weekly,weekly,0.0,maintained_weekly,0.0,1.0,1.0,1.0,1,1
A,201014020,8,2006,10,2010,R8KCNT,R10KCNT,1.0,1.0,weekly,weekly,0.0,maintained_weekly,1.0,1.0,1.0,1.0,1,1
A,201025020,8,2006,10,2010,R8KCNT,R10KCNT,1.0,,weekly,leave_behind_not_completed_or_ineligible,,,1.0,,1.0,,1,.l
A,201060020,8,2006,10,2010,R8KCNT,R10KCNT,1.0,,weekly,leave_behind_not_completed_or_ineligible,,,0.0,,1.0,,1,.l
A,201084020,8,2006,10,2010,R8KCNT,R10KCNT,,,no_children,no_children,,,,,,,.k,.k
A,201091020,8,2006,10,2010,R8KCNT,R10KCNT,0.0,0.0,less_than_weekly,less_than_weekly,0.0,persistently_below_weekly,0.0,0.0,0.0,0.0,0,0
A,201119010,8,2006,10,2010,R8KCNT,R10KCNT,1.0,1.0,weekly,weekly,0.0,maintained_weekly,1.0,1.0,1.0,1.0,1,1
A,201180010,8,2006,10,2010,R8KCNT,R10KCNT,1.0,1.0,weekly,weekly,0.0,maintained_weekly,1.0,0.0,1.0,1.0,1,1
A,201242020,8,2006,10,2010,R8KCNT,R10KCNT,1.0,0.0,weekly,less_than_weekly,-1.0,decreased_below_weekly,0.0,0.0,1.0,0.0,1,0
A,201281010,8,2006,10,2010,R8KCNT,R10KCNT,1.0,1.0,weekly,weekly,0.0,maintained_weekly,0.0,1.0,1.0,1.0,1,1
A,201290020,8,2006,10,2010,R8KCNT,R10KCNT,1.0,1.0,weekly,weekly,0.0,maintained_weekly,0.0,0.0,1.0,1.0,1,1
A,201312010,8,2006,10,2010,R8KCNT,R10KCNT,0.0,1.0,less_than_weekly,weekly,1.0,increased_to_weekly,0.0,1.0,0.0,1.0,0,1
A,201335010,8,2006,10,2010,R8KCNT,R10KCNT,1.0,1.0,weekly,weekly,0.0,maintained_weekly,1.0,1.0,1.0,1.0,1,1
A,201343020,8,2006,10,2010,R8KCNT,R10KCNT,,,no_children,no_children,,,,,,,.k,.k
A,201357010,8,2006,10,2010,R8KCNT,R10KCNT,,,no_children,no_children,,,,,,,.k,.k
A,201397010,8,2006,10,2010,R8KCNT,R10KCNT,1.0,,weekly,no_children,,,0.0,,1.0,,1,.k
A,201402010,8,2006,10,2010,R8KCNT,R10KCNT,0.0,0.0,less_than_weekly,less_than_weekly,0.0,persistently_below_weekly,0.0,0.0,0.0,0.0,0,0
A,201404010,8,2006,10,2010,R8KCNT,R10KCNT,1.0,1.0,weekly,weekly,0.0,maintained_weekly,,1.0,1.0,1.0,1,1
A,201419010,8,2006,10,2010,R8KCNT,R10KCNT,,,no_children,no_children,,,,,,,.k,.k
A,201442010,8,2006,10,2010,R8KCNT,R10KCNT,,,no_children,missing_response,,,,,,,.k,.m
A,201458010,8,2006,10,2010,R8KCNT,R10KCNT,0.0,0.0,less_than_weekly,less_than_weekly,0.0,persistently_below_weekly,0.0,0.0,0.0,0.0,0,0
A,201462010,8,2006,10,2010,R8KCNT,R10KCNT,1.0,1.0,weekly,weekly,0.0,maintained_weekly,1.0,1.0,1.0,1.0,1,1
A,201482010,8,2006,10,2010,R8KCNT,R10KCNT,1.0,1.0,weekly,weekly,0.0,maintained_weekly,1.0,1.0,1.0,1.0,1,1
A,201482020,8,2006,10,2010,R8KCNT,R10KCNT,1.0,1.0,weekly,weekly,0.0,maintained_weekly,1.0,1.0,1.0,1.0,1,1
A,201483010,8,2006,10,2010,R8KCNT,R10KCNT,1.0,,weekly,leave_behind_not_completed_or_ineligible,,,0.0,,1.0,,1,.l
A,201570010,8,2006,10,2010,R8KCNT,R10KCNT,1.0,,weekly,missing_response,,,1.0,,1.0,,1,.m
A,201570020,8,2006,10,2010,R8KCNT,R10KCNT,1.0,,weekly,missing_response,,,1.0,,1.0,,1,.m
A,201595010,8,2006,10,2010,R8KCNT,R10KCNT,1.0,1.0,weekly,weekly,0.0,maintained_weekly,1.0,1.0,1.0,1.0,1,1
A,201625020,8,2006,10,2010,R8KCNT,R10KCNT,1.0,,weekly,leave_behind_not_completed_or_ineligible,,,0.0,,1.0,,1,.l
A,201641020,8,2006,10,2010,R8KCNT,R10KCNT,1.0,1.0,weekly,weekly,0.0,maintained_weekly,1.0,0.0,1.0,1.0,1,1
A,201644010,8,2006,10,2010,R8KCNT,R10KCNT,1.0,1.0,weekly,weekly,0.0,maintained_weekly,1.0,1.0,1.0,,1,1
A,201651020,8,2006,10,2010,R8KCNT,R10KCNT,,1.0,not_interviewed_or_plain_missing,weekly,,,,1.0,,1.0,.,1
A,201672010,8,2006,10,2010,R8KCNT,R10KCNT,1.0,0.0,weekly,less_than_weekly,-1.0,decreased_below_weekly,0.0,0.0,1.0,0.0,1,0
A,201691010,8,2006,10,2010,R8KCNT,R10KCNT,1.0,1.0,weekly,weekly,0.0,maintained_weekly,0.0,1.0,1.0,1.0,1,1
A,201732010,8,2006,10,2010,R8KCNT,R10KCNT,1.0,1.0,weekly,weekly,0.0,maintained_weekly,1.0,1.0,1.0,1.0,1,1
A,201768020,8,2006,10,2010,R8KCNT,R10KCNT,1.0,1.0,weekly,weekly,0.0,maintained_weekly,0.0,0.0,1.0,1.0,1,1
A,201782010,8,2006,10,2010,R8KCNT,R10KCNT,1.0,1.0,weekly,weekly,0.0,maintained_weekly,0.0,0.0,1.0,1.0,1,1
A,201782020,8,2006,10,2010,R8KCNT,R10KCNT,0.0,0.0,less_than_weekly,less_than_weekly,0.0,persistently_below_weekly,0.0,0.0,0.0,0.0,0,0
A,201826010,8,2006,10,2010,R8KCNT,R10KCNT,1.0,1.0,weekly,weekly,0.0,maintained_weekly,1.0,0.0,1.0,1.0,1,1
A,201849020,8,2006,10,2010,R8KCNT,R10KCNT,1.0,1.0,weekly,weekly,0.0,maintained_weekly,1.0,1.0,1.0,1.0,1,1
A,201852010,8,2006,10,2010,R8KCNT,R10KCNT,0.0,0.0,less_than_weekly,less_than_weekly,0.0,persistently_below_weekly,0.0,0.0,0.0,0.0,0,0
A,201856010,8,2006,10,2010,R8KCNT,R10KCNT,1.0,1.0,weekly,weekly,0.0,maintained_weekly,1.0,1.0,1.0,1.0,1,1
A,201916010,8,2006,10,2010,R8KCNT,R10KCNT,1.0,1.0,weekly,weekly,0.0,maintained_weekly,1.0,1.0,1.0,1.0,1,1
A,201916020,8,2006,10,2010,R8KCNT,R10KCNT,1.0,1.0,weekly,weekly,0.0,maintained_weekly,1.0,1.0,1.0,1.0,1,1
A,201925020,8,2006,10,2010,R8KCNT,R10KCNT,,1.0,not_interviewed_or_plain_missing,weekly,,,,1.0,,1.0,.,1
A,201927020,8,2006,10,2010,R8KCNT,R10KCNT,,1.0,leave_behind_not_completed_or_ineligible,weekly,,,,1.0,,1.0,.l,1
A,201928020,8,2006,10,2010,R8KCNT,R10KCNT,1.0,1.0,weekly,weekly,0.0,maintained_weekly,0.0,1.0,1.0,1.0,1,1
A,201954010,8,2006,10,2010,R8KCNT,R10KCNT,1.0,1.0,weekly,weekly,0.0,maintained_weekly,0.0,1.0,1.0,1.0,1,1
A,201958010,8,2006,10,2010,R8KCNT,R10KCNT,1.0,0.0,weekly,less_than_weekly,-1.0,decreased_below_weekly,1.0,0.0,0.0,0.0,1,0
A,201958011,8,2006,10,2010,R8KCNT,R10KCNT,1.0,1.0,weekly,weekly,0.0,maintained_weekly,0.0,1.0,1.0,1.0,1,1
A,201971010,8,2006,10,2010,R8KCNT,R10KCNT,,1.0,not_interviewed_or_plain_missing,weekly,,,,1.0,,0.0,.,1
A,202006020,8,2006,10,2010,R8KCNT,R10KCNT,,1.0,missing_response,weekly,,,,0.0,,1.0,.m,1
A,202034020,8,2006,10,2010,R8KCNT,R10KCNT,1.0,1.0,weekly,weekly,0.0,maintained_weekly,1.0,0.0,1.0,1.0,1,1
A,202038010,8,2006,10,2010,R8KCNT,R10KCNT,1.0,,weekly,not_interviewed_or_plain_missing,,,1.0,,1.0,,1,.
A,202051010,8,2006,10,2010,R8KCNT,R10KCNT,1.0,1.0,weekly,weekly,0.0,maintained_weekly,1.0,1.0,1.0,1.0,1,1
A,202071020,8,2006,10,2010,R8KCNT,R10KCNT,1.0,1.0,weekly,weekly,0.0,maintained_weekly,0.0,0.0,1.0,1.0,1,1
A,202073010,8,2006,10,2010,R8KCNT,R10KCNT,1.0,1.0,weekly,weekly,0.0,maintained_weekly,0.0,0.0,1.0,1.0,1,1
A,202080020,8,2006,10,2010,R8KCNT,R10KCNT,1.0,1.0,weekly,weekly,0.0,maintained_weekly,1.0,1.0,1.0,1.0,1,1
A,202087020,8,2006,10,2010,R8KCNT,R10KCNT,1.0,1.0,weekly,weekly,0.0,maintained_weekly,1.0,0.0,1.0,1.0,1,1
A,202114010,8,2006,10,2010,R8KCNT,R10KCNT,0.0,0.0,less_than_weekly,less_than_weekly,0.0,persistently_below_weekly,0.0,0.0,0.0,0.0,0,0
A,202114020,8,2006,10,2010,R8KCNT,R10KCNT,1.0,0.0,weekly,less_than_weekly,-1.0,decreased_below_weekly,0.0,0.0,1.0,0.0,1,0
A,202129020,8,2006,10,2010,R8KCNT,R10KCNT,1.0,1.0,weekly,weekly,0.0,maintained_weekly,1.0,0.0,1.0,1.0,1,1
A,202143020,8,2006,10,2010,R8KCNT,R10KCNT,1.0,1.0,weekly,weekly,0.0,maintained_weekly,1.0,1.0,1.0,1.0,1,1
A,202145010,8,2006,10,2010,R8KCNT,R10KCNT,,,no_children,no_children,,,,,,,.k,.k
A,202173020,8,2006,10,2010,R8KCNT,R10KCNT,1.0,1.0,weekly,weekly,0.0,maintained_weekly,0.0,1.0,1.0,1.0,1,1
A,202178010,8,2006,10,2010,R8KCNT,R10KCNT,1.0,1.0,weekly,weekly,0.0,maintained_weekly,0.0,0.0,1.0,1.0,1,1
A,202204020,8,2006,10,2010,R8KCNT,R10KCNT,1.0,1.0,weekly,weekly,0.0,maintained_weekly,1.0,0.0,1.0,1.0,1,1
A,202265011,8,2006,10,2010,R8KCNT,R10KCNT,0.0,0.0,less_than_weekly,less_than_weekly,0.0,persistently_below_weekly,0.0,0.0,0.0,0.0,0,0
A,202275010,8,2006,10,2010,R8KCNT,R10KCNT,1.0,1.0,weekly,weekly,0.0,maintained_weekly,1.0,1.0,1.0,1.0,1,1
A,202297020,8,2006,10,2010,R8KCNT,R10KCNT,1.0,1.0,weekly,weekly,0.0,maintained_weekly,0.0,1.0,1.0,0.0,1,1
A,202307020,8,2006,10,2010,R8KCNT,R10KCNT,1.0,1.0,weekly,weekly,0.0,maintained_weekly,0.0,0.0,1.0,1.0,1,1
A,202354010,8,2006,10,2010,R8KCNT,R10KCNT,,1.0,leave_behind_not_completed_or_ineligible,weekly,,,,1.0,,1.0,.l,1
A,202356010,8,2006,10,2010,R8KCNT,R10KCNT,1.0,,weekly,leave_behind_not_completed_or_ineligible,,,1.0,,1.0,,1,.l
A,202369010,8,2006,10,2010,R8KCNT,R10KCNT,1.0,1.0,weekly,weekly,0.0,maintained_weekly,1.0,1.0,1.0,1.0,1,1
A,202376020,8,2006,10,2010,R8KCNT,R10KCNT,0.0,1.0,less_than_weekly,weekly,1.0,increased_to_weekly,0.0,0.0,0.0,1.0,0,1
A,202396010,8,2006,10,2010,R8KCNT,R10KCNT,1.0,1.0,weekly,weekly,0.0,maintained_weekly,1.0,1.0,1.0,1.0,1,1
A,202399020,8,2006,10,2010,R8KCNT,R10KCNT,1.0,,weekly,leave_behind_not_completed_or_ineligible,,,1.0,,1.0,,1,.l
A,202427010,8,2006,10,2010,R8KCNT,R10KCNT,,,no_children,no_children,,,,,,,.k,.k
A,202433020,8,2006,10,2010,R8KCNT,R10KCNT,,,no_children,leave_behind_not_completed_or_ineligible,,,,,,,.k,.l
A,202498020,8,2006,10,2010,R8KCNT,R10KCNT,1.0,1.0,weekly,weekly,0.0,maintained_weekly,1.0,0.0,1.0,1.0,1,1
A,202508010,8,2006,10,2010,R8KCNT,R10KCNT,1.0,1.0,weekly,weekly,0.0,maintained_weekly,1.0,1.0,1.0,1.0,1,1
A,202514010,8,2006,10,2010,R8KCNT,R10KCNT,1.0,1.0,weekly,weekly,0.0,maintained_weekly,0.0,0.0,1.0,1.0,1,1
A,202521021,8,2006,10,2010,R8KCNT,R10KCNT,1.0,1.0,weekly,weekly,0.0,maintained_weekly,1.0,1.0,1.0,1.0,1,1
A,202526010,8,2006,10,2010,R8KCNT,R10KCNT,1.0,1.0,weekly,weekly,0.0,maintained_weekly,0.0,1.0,1.0,0.0,1,1
A,202526020,8,2006,10,2010,R8KCNT,R10KCNT,1.0,1.0,weekly,weekly,0.0,maintained_weekly,0.0,1.0,1.0,1.0,1,1
A,202557020,8,2006,10,2010,R8KCNT,R10KCNT,1.0,,weekly,leave_behind_not_completed_or_ineligible,,,1.0,,0.0,,1,.l
A,202581010,8,2006,10,2010,R8KCNT,R10KCNT,1.0,,weekly,no_children,,,0.0,,1.0,,1,.k
A,202589010,8,2006,10,2010,R8KCNT,R10KCNT,1.0,1.0,weekly,weekly,0.0,maintained_weekly,1.0,1.0,1.0,0.0,1,1
A,202612010,8,2006,10,2010,R8KCNT,R10KCNT,1.0,1.0,weekly,weekly,0.0,maintained_weekly,0.0,0.0,1.0,1.0,1,1
A,202612020,8,2006,10,2010,R8KCNT,R10KCNT,1.0,0.0,weekly,less_than_weekly,-1.0,decreased_below_weekly,0.0,0.0,1.0,0.0,1,0
A,202613010,8,2006,10,2010,R8KCNT,R10KCNT,1.0,1.0,weekly,weekly,0.0,maintained_weekly,1.0,1.0,1.0,1.0,1,1
A,202625021,8,2006,10,2010,R8KCNT,R10KCNT,1.0,1.0,weekly,weekly,0.0,maintained_weekly,1.0,1.0,1.0,1.0,1,1
A,202628020,8,2006,10,2010,R8KCNT,R10KCNT,1.0,1.0,weekly,weekly,0.0,maintained_weekly,1.0,1.0,1.0,1.0,1,1
A,202635020,8,2006,10,2010,R8KCNT,R10KCNT,1.0,0.0,weekly,less_than_weekly,-1.0,decreased_below_weekly,0.0,,1.0,0.0,1,0
A,202637010,8,2006,10,2010,R8KCNT,R10KCNT,1.0,1.0,weekly,weekly,0.0,maintained_weekly,1.0,0.0,1.0,1.0,1,1
A,202637020,8,2006,10,2010,R8KCNT,R10KCNT,1.0,1.0,weekly,weekly,0.0,maintained_weekly,0.0,1.0,1.0,1.0,1,1
A,202646020,8,2006,10,2010,R8KCNT,R10KCNT,1.0,1.0,weekly,weekly,0.0,maintained_weekly,1.0,1.0,1.0,1.0,1,1
A,202651010,8,2006,10,2010,R8KCNT,R10KCNT,1.0,1.0,weekly,weekly,0.0,maintained_weekly,1.0,1.0,1.0,1.0,1,1
A,202687020,8,2006,10,2010,R8KCNT,R10KCNT,1.0,1.0,weekly,weekly,0.0,maintained_weekly,0.0,0.0,1.0,1.0,1,1
A,202697020,8,2006,10,2010,R8KCNT,R10KCNT,1.0,1.0,weekly,weekly,0.0,maintained_weekly,0.0,0.0,1.0,1.0,1,1
A,202709010,8,2006,10,2010,R8KCNT,R10KCNT,,,no_children,missing_response,,,,,,,.k,.m
A,202747010,8,2006,10,2010,R8KCNT,R10KCNT,1.0,1.0,weekly,weekly,0.0,maintained_weekly,0.0,0.0,1.0,1.0,1,1
A,202751020,8,2006,10,2010,R8KCNT,R10KCNT,0.0,1.0,less_than_weekly,weekly,1.0,increased_to_weekly,0.0,0.0,0.0,1.0,0,1
A,202785020,8,2006,10,2010,R8KCNT,R10KCNT,,,no_children,no_children,,,,,,,.k,.k
A,202813010,8,2006,10,2010,R8KCNT,R10KCNT,1.0,0.0,weekly,less_than_weekly,-1.0,decreased_below_weekly,1.0,0.0,1.0,0.0,1,0
A,202904020,8,2006,10,2010,R8KCNT,R10KCNT,1.0,1.0,weekly,weekly,0.0,maintained_weekly,1.0,1.0,1.0,1.0,1,1
A,202907020,8,2006,10,2010,R8KCNT,R10KCNT,0.0,1.0,less_than_weekly,weekly,1.0,increased_to_weekly,0.0,0.0,0.0,1.0,0,1
A,202908010,8,2006,10,2010,R8KCNT,R10KCNT,1.0,1.0,weekly,weekly,0.0,maintained_weekly,1.0,0.0,1.0,1.0,1,1
A,202934010,8,2006,10,2010,R8KCNT,R10KCNT,,,no_children,no_children,,,,,,,.k,.k
A,202939010,8,2006,10,2010,R8KCNT,R10KCNT,1.0,,weekly,leave_behind_not_completed_or_ineligible,,,1.0,,0.0,,1,.l
A,202941010,8,2006,10,2010,R8KCNT,R10KCNT,1.0,1.0,weekly,weekly,0.0,maintained_weekly,1.0,1.0,1.0,1.0,1,1
A,202943020,8,2006,10,2010,R8KCNT,R10KCNT,1.0,1.0,weekly,weekly,0.0,maintained_weekly,0.0,1.0,1.0,1.0,1,1
A,202945020,8,2006,10,2010,R8KCNT,R10KCNT,1.0,0.0,weekly,less_than_weekly,-1.0,decreased_below_weekly,1.0,0.0,1.0,0.0,1,0
A,202968010,8,2006,10,2010,R8KCNT,R10KCNT,,,no_children,no_children,,,,,,,.k,.k
A,202977010,8,2006,10,2010,R8KCNT,R10KCNT,1.0,1.0,weekly,weekly,0.0,maintained_weekly,1.0,1.0,1.0,1.0,1,1
A,202983010,8,2006,10,2010,R8KCNT,R10KCNT,1.0,1.0,weekly,weekly,0.0,maintained_weekly,1.0,1.0,1.0,1.0,1,1
A,202985010,8,2006,10,2010,R8KCNT,R10KCNT,1.0,1.0,weekly,weekly,0.0,maintained_weekly,0.0,1.0,1.0,1.0,1,1
A,203014010,8,2006,10,2010,R8KCNT,R10KCNT,1.0,1.0,weekly,weekly,0.0,maintained_weekly,,1.0,1.0,1.0,1,1
A,203014020,8,2006,10,2010,R8KCNT,R10KCNT,1.0,1.0,weekly,weekly,0.0,maintained_weekly,0.0,0.0,1.0,1.0,1,1
A,203047020,8,2006,10,2010,R8KCNT,R10KCNT,1.0,1.0,weekly,weekly,0.0,maintained_weekly,1.0,1.0,1.0,1.0,1,1
A,203067020,8,2006,10,2010,R8KCNT,R10KCNT,1.0,1.0,weekly,weekly,0.0,maintained_weekly,1.0,1.0,1.0,1.0,1,1
A,203080020,8,2006,10,2010,R8KCNT,R10KCNT,1.0,1.0,weekly,weekly,0.0,maintained_weekly,0.0,1.0,1.0,1.0,1,1
A,203096020,8,2006,10,2010,R8KCNT,R10KCNT,1.0,1.0,weekly,weekly,0.0,maintained_weekly,0.0,,1.0,1.0,1,1
A,203102010,8,2006,10,2010,R8KCNT,R10KCNT,1.0,1.0,weekly,weekly,0.0,maintained_weekly,1.0,1.0,1.0,1.0,1,1
A,203115020,8,2006,10,2010,R8KCNT,R10KCNT,1.0,0.0,weekly,less_than_weekly,-1.0,decreased_below_weekly,0.0,0.0,1.0,0.0,1,0
A,203117020,8,2006,10,2010,R8KCNT,R10KCNT,1.0,1.0,weekly,weekly,0.0,maintained_weekly,1.0,,1.0,1.0,1,1
A,203133020,8,2006,10,2010,R8KCNT,R10KCNT,0.0,0.0,less_than_weekly,less_than_weekly,0.0,persistently_below_weekly,0.0,0.0,0.0,0.0,0,0
A,203135010,8,2006,10,2010,R8KCNT,R10KCNT,1.0,1.0,weekly,weekly,0.0,maintained_weekly,0.0,1.0,1.0,1.0,1,1
A,203140010,8,2006,10,2010,R8KCNT,R10KCNT,1.0,1.0,weekly,weekly,0.0,maintained_weekly,1.0,1.0,1.0,1.0,1,1
A,203156010,8,2006,10,2010,R8KCNT,R10KCNT,1.0,1.0,weekly,weekly,0.0,maintained_weekly,1.0,1.0,1.0,1.0,1,1
A,203188021,8,2006,10,2010,R8KCNT,R10KCNT,1.0,,weekly,leave_behind_not_completed_or_ineligible,,,1.0,,1.0,,1,.l
A,203201020,8,2006,10,2010,R8KCNT,R10KCNT,1.0,1.0,weekly,weekly,0.0,maintained_weekly,1.0,1.0,1.0,1.0,1,1
A,203205010,8,2006,10,2010,R8KCNT,R10KCNT,0.0,1.0,less_than_weekly,weekly,1.0,increased_to_weekly,0.0,0.0,0.0,1.0,0,1
A,203205020,8,2006,10,2010,R8KCNT,R10KCNT,1.0,1.0,weekly,weekly,0.0,maintained_weekly,0.0,1.0,1.0,1.0,1,1
A,203222020,8,2006,10,2010,R8KCNT,R10KCNT,1.0,1.0,weekly,weekly,0.0,maintained_weekly,0.0,1.0,1.0,1.0,1,1
A,203273010,8,2006,10,2010,R8KCNT,R10KCNT,1.0,1.0,weekly,weekly,0.0,maintained_weekly,0.0,1.0,1.0,0.0,1,1
A,203273020,8,2006,10,2010,R8KCNT,R10KCNT,1.0,0.0,weekly,less_than_weekly,-1.0,decreased_below_weekly,0.0,0.0,1.0,0.0,1,0
A,203275020,8,2006,10,2010,R8KCNT,R10KCNT,1.0,1.0,weekly,weekly,0.0,maintained_weekly,1.0,1.0,1.0,1.0,1,1
A,203281021,8,2006,10,2010,R8KCNT,R10KCNT,0.0,1.0,less_than_weekly,weekly,1.0,increased_to_weekly,0.0,0.0,0.0,1.0,0,1
A,203303010,8,2006,10,2010,R8KCNT,R10KCNT,1.0,1.0,weekly,weekly,0.0,maintained_weekly,0.0,0.0,1.0,1.0,1,1
A,203309020,8,2006,10,2010,R8KCNT,R10KCNT,1.0,1.0,weekly,weekly,0.0,maintained_weekly,1.0,1.0,1.0,1.0,1,1
A,203313010,8,2006,10,2010,R8KCNT,R10KCNT,1.0,1.0,weekly,weekly,0.0,maintained_weekly,1.0,1.0,1.0,1.0,1,1
A,203322010,8,2006,10,2010,R8KCNT,R10KCNT,1.0,1.0,weekly,weekly,0.0,maintained_weekly,1.0,0.0,1.0,1.0,1,1
A,203368010,8,2006,10,2010,R8KCNT,R10KCNT,0.0,1.0,less_than_weekly,weekly,1.0,increased_to_weekly,0.0,,0.0,1.0,0,1
A,203382010,8,2006,10,2010,R8KCNT,R10KCNT,0.0,0.0,less_than_weekly,less_than_weekly,0.0,persistently_below_weekly,0.0,0.0,0.0,0.0,0,0
A,203382020,8,2006,10,2010,R8KCNT,R10KCNT,0.0,1.0,less_than_weekly,weekly,1.0,increased_to_weekly,0.0,0.0,0.0,1.0,0,1
A,203383010,8,2006,10,2010,R8KCNT,R10KCNT,1.0,1.0,weekly,weekly,0.0,maintained_weekly,1.0,1.0,1.0,1.0,1,1
A,203389010,8,2006,10,2010,R8KCNT,R10KCNT,0.0,0.0,less_than_weekly,less_than_weekly,0.0,persistently_below_weekly,0.0,0.0,0.0,0.0,0,0
A,203389020,8,2006,10,2010,R8KCNT,R10KCNT,1.0,1.0,weekly,weekly,0.0,maintained_weekly,0.0,1.0,1.0,1.0,1,1
A,203392010,8,2006,10,2010,R8KCNT,R10KCNT,1.0,1.0,weekly,weekly,0.0,maintained_weekly,1.0,1.0,1.0,1.0,1,1
A,203396010,8,2006,10,2010,R8KCNT,R10KCNT,0.0,1.0,less_than_weekly,weekly,1.0,increased_to_weekly,0.0,1.0,0.0,1.0,0,1
A,203396020,8,2006,10,2010,R8KCNT,R10KCNT,0.0,0.0,less_than_weekly,less_than_weekly,0.0,persistently_below_weekly,,0.0,0.0,0.0,0,0
A,203406020,8,2006,10,2010,R8KCNT,R10KCNT,,0.0,leave_behind_not_completed_or_ineligible,less_than_weekly,,,,0.0,,0.0,.l,0
A,203416010,8,2006,10,2010,R8KCNT,R10KCNT,1.0,1.0,weekly,weekly,0.0,maintained_weekly,0.0,1.0,1.0,1.0,1,1
A,203416020,8,2006,10,2010,R8KCNT,R10KCNT,1.0,1.0,weekly,weekly,0.0,maintained_weekly,1.0,,1.0,1.0,1,1
A,203444020,8,2006,10,2010,R8KCNT,R10KCNT,1.0,1.0,weekly,weekly,0.0,maintained_weekly,0.0,0.0,1.0,1.0,1,1
A,203449010,8,2006,10,2010,R8KCNT,R10KCNT,0.0,1.0,less_than_weekly,weekly,1.0,increased_to_weekly,0.0,0.0,0.0,1.0,0,1
A,203449020,8,2006,10,2010,R8KCNT,R10KCNT,0.0,,less_than_weekly,missing_response,,,0.0,,0.0,,0,.m
A,203465010,8,2006,10,2010,R8KCNT,R10KCNT,1.0,1.0,weekly,weekly,0.0,maintained_weekly,0.0,1.0,1.0,0.0,1,1
A,203469010,8,2006,10,2010,R8KCNT,R10KCNT,1.0,1.0,weekly,weekly,0.0,maintained_weekly,1.0,0.0,1.0,1.0,1,1
A,203509020,8,2006,10,2010,R8KCNT,R10KCNT,1.0,1.0,weekly,weekly,0.0,maintained_weekly,0.0,0.0,1.0,1.0,1,1
A,203525021,8,2006,10,2010,R8KCNT,R10KCNT,1.0,,weekly,not_interviewed_or_plain_missing,,,1.0,,1.0,,1,.
A,203528020,8,2006,10,2010,R8KCNT,R10KCNT,1.0,1.0,weekly,weekly,0.0,maintained_weekly,0.0,1.0,1.0,1.0,1,1
A,203534020,8,2006,10,2010,R8KCNT,R10KCNT,1.0,1.0,weekly,weekly,0.0,maintained_weekly,1.0,1.0,1.0,1.0,1,1
A,203558010,8,2006,10,2010,R8KCNT,R10KCNT,1.0,1.0,weekly,weekly,0.0,maintained_weekly,0.0,1.0,1.0,0.0,1,1
A,203605020,8,2006,10,2010,R8KCNT,R10KCNT,,1.0,leave_behind_not_completed_or_ineligible,weekly,,,,0.0,,1.0,.l,1
A,203616010,8,2006,10,2010,R8KCNT,R10KCNT,0.0,0.0,less_than_weekly,less_than_weekly,0.0,persistently_below_weekly,0.0,0.0,0.0,0.0,0,0
A,203644020,8,2006,10,2010,R8KCNT,R10KCNT,1.0,,weekly,leave_behind_not_completed_or_ineligible,,,1.0,,1.0,,1,.l
A,203656010,8,2006,10,2010,R8KCNT,R10KCNT,1.0,1.0,weekly,weekly,0.0,maintained_weekly,1.0,0.0,1.0,1.0,1,1
A,203677020,8,2006,10,2010,R8KCNT,R10KCNT,1.0,1.0,weekly,weekly,0.0,maintained_weekly,1.0,1.0,1.0,1.0,1,1
A,203692020,8,2006,10,2010,R8KCNT,R10KCNT,,1.0,missing_response,weekly,,,,0.0,,1.0,.m,1
A,203695020,8,2006,10,2010,R8KCNT,R10KCNT,,1.0,no_children,weekly,,,,0.0,,1.0,.k,1
A,203722010,8,2006,10,2010,R8KCNT,R10KCNT,1.0,1.0,weekly,weekly,0.0,maintained_weekly,0.0,1.0,1.0,1.0,1,1
A,203723010,8,2006,10,2010,R8KCNT,R10KCNT,1.0,,weekly,missing_response,,,0.0,,1.0,,1,.m
A,203740020,8,2006,10,2010,R8KCNT,R10KCNT,1.0,0.0,weekly,less_than_weekly,-1.0,decreased_below_weekly,0.0,0.0,1.0,0.0,1,0
A,203781020,8,2006,10,2010,R8KCNT,R10KCNT,1.0,0.0,weekly,less_than_weekly,-1.0,decreased_below_weekly,0.0,0.0,1.0,0.0,1,0
A,203872020,8,2006,10,2010,R8KCNT,R10KCNT,0.0,1.0,less_than_weekly,weekly,1.0,increased_to_weekly,0.0,0.0,0.0,1.0,0,1
A,203879010,8,2006,10,2010,R8KCNT,R10KCNT,1.0,1.0,weekly,weekly,0.0,maintained_weekly,1.0,1.0,1.0,1.0,1,1
A,203879020,8,2006,10,2010,R8KCNT,R10KCNT,1.0,1.0,weekly,weekly,0.0,maintained_weekly,1.0,1.0,1.0,1.0,1,1
A,203881020,8,2006,10,2010,R8KCNT,R10KCNT,,,missing_response,missing_response,,,,,,,.m,.m
A,203894010,8,2006,10,2010,R8KCNT,R10KCNT,1.0,1.0,weekly,weekly,0.0,maintained_weekly,0.0,0.0,1.0,1.0,1,1
A,203898020,8,2006,10,2010,R8KCNT,R10KCNT,,1.0,not_interviewed_or_plain_missing,weekly,,,,0.0,,1.0,.,1
A,203906020,8,2006,10,2010,R8KCNT,R10KCNT,1.0,,weekly,not_interviewed_or_plain_missing,,,1.0,,1.0,,1,.
A,203922010,8,2006,10,2010,R8KCNT,R10KCNT,1.0,1.0,weekly,weekly,0.0,maintained_weekly,1.0,1.0,1.0,1.0,1,1
A,203929010,8,2006,10,2010,R8KCNT,R10KCNT,1.0,1.0,weekly,weekly,0.0,maintained_weekly,0.0,1.0,1.0,0.0,1,1
A,203952010,8,2006,10,2010,R8KCNT,R10KCNT,1.0,0.0,weekly,less_than_weekly,-1.0,decreased_below_weekly,1.0,0.0,1.0,0.0,1,0
A,203978020,8,2006,10,2010,R8KCNT,R10KCNT,,0.0,no_children,less_than_weekly,,,,0.0,,0.0,.k,0
A,203990010,8,2006,10,2010,R8KCNT,R10KCNT,1.0,1.0,weekly,weekly,0.0,maintained_weekly,0.0,0.0,1.0,1.0,1,1
A,203990020,8,2006,10,2010,R8KCNT,R10KCNT,0.0,1.0,less_than_weekly,weekly,1.0,increased_to_weekly,0.0,0.0,0.0,1.0,0,1
A,204001010,8,2006,10,2010,R8KCNT,R10KCNT,,1.0,no_children,weekly,,,,1.0,,1.0,.k,1
A,204029020,8,2006,10,2010,R8KCNT,R10KCNT,1.0,1.0,weekly,weekly,0.0,maintained_weekly,0.0,0.0,1.0,1.0,1,1
A,204086020,8,2006,10,2010,R8KCNT,R10KCNT,1.0,1.0,weekly,weekly,0.0,maintained_weekly,,0.0,1.0,1.0,1,1
A,204089020,8,2006,10,2010,R8KCNT,R10KCNT,1.0,1.0,weekly,weekly,0.0,maintained_weekly,0.0,1.0,1.0,1.0,1,1
A,204132020,8,2006,10,2010,R8KCNT,R10KCNT,1.0,1.0,weekly,weekly,0.0,maintained_weekly,1.0,1.0,1.0,1.0,1,1
A,204135020,8,2006,10,2010,R8KCNT,R10KCNT,0.0,1.0,less_than_weekly,weekly,1.0,increased_to_weekly,0.0,0.0,0.0,1.0,0,1
A,204143010,8,2006,10,2010,R8KCNT,R10KCNT,1.0,0.0,weekly,less_than_weekly,-1.0,decreased_below_weekly,1.0,0.0,1.0,0.0,1,0
A,204205010,8,2006,10,2010,R8KCNT,R10KCNT,1.0,,weekly,leave_behind_not_completed_or_ineligible,,,1.0,,1.0,,1,.l
A,204207020,8,2006,10,2010,R8KCNT,R10KCNT,1.0,1.0,weekly,weekly,0.0,maintained_weekly,1.0,1.0,1.0,1.0,1,1
A,204209010,8,2006,10,2010,R8KCNT,R10KCNT,0.0,1.0,less_than_weekly,weekly,1.0,increased_to_weekly,0.0,0.0,0.0,1.0,0,1
A,204209020,8,2006,10,2010,R8KCNT,R10KCNT,1.0,1.0,weekly,weekly,0.0,maintained_weekly,0.0,0.0,1.0,1.0,1,1
A,204330020,8,2006,10,2010,R8KCNT,R10KCNT,1.0,1.0,weekly,weekly,0.0,maintained_weekly,0.0,1.0,1.0,1.0,1,1
A,204334020,8,2006,10,2010,R8KCNT,R10KCNT,1.0,1.0,weekly,weekly,0.0,maintained_weekly,1.0,1.0,1.0,1.0,1,1
A,204347010,8,2006,10,2010,R8KCNT,R10KCNT,,0.0,no_children,less_than_weekly,,,,0.0,,0.0,.k,0
A,204359010,8,2006,10,2010,R8KCNT,R10KCNT,,,no_children,no_children,,,,,,,.k,.k
A,204387020,8,2006,10,2010,R8KCNT,R10KCNT,0.0,0.0,less_than_weekly,less_than_weekly,0.0,persistently_below_weekly,0.0,0.0,0.0,0.0,0,0
A,204387021,8,2006,10,2010,R8KCNT,R10KCNT,1.0,1.0,weekly,weekly,0.0,maintained_weekly,0.0,1.0,1.0,1.0,1,1
A,204410010,8,2006,10,2010,R8KCNT,R10KCNT,1.0,0.0,weekly,less_than_weekly,-1.0,decreased_below_weekly,1.0,0.0,1.0,0.0,1,0
A,204466010,8,2006,10,2010,R8KCNT,R10KCNT,1.0,1.0,weekly,weekly,0.0,maintained_weekly,1.0,1.0,1.0,1.0,1,1
A,204509010,8,2006,10,2010,R8KCNT,R10KCNT,1.0,1.0,weekly,weekly,0.0,maintained_weekly,1.0,1.0,1.0,1.0,1,1
A,204509020,8,2006,10,2010,R8KCNT,R10KCNT,1.0,1.0,weekly,weekly,0.0,maintained_weekly,1.0,1.0,1.0,1.0,1,1
A,204540020,8,2006,10,2010,R8KCNT,R10KCNT,1.0,0.0,weekly,less_than_weekly,-1.0,decreased_below_weekly,,0.0,1.0,0.0,1,0
A,204589020,8,2006,10,2010,R8KCNT,R10KCNT,1.0,1.0,weekly,weekly,0.0,maintained_weekly,0.0,0.0,1.0,1.0,1,1
A,204614010,8,2006,10,2010,R8KCNT,R10KCNT,1.0,1.0,weekly,weekly,0.0,maintained_weekly,0.0,0.0,1.0,1.0,1,1
A,204614020,8,2006,10,2010,R8KCNT,R10KCNT,0.0,1.0,less_than_weekly,weekly,1.0,increased_to_weekly,0.0,0.0,0.0,1.0,0,1
A,204616010,8,2006,10,2010,R8KCNT,R10KCNT,1.0,1.0,weekly,weekly,0.0,maintained_weekly,0.0,0.0,1.0,1.0,1,1
A,204618010,8,2006,10,2010,R8KCNT,R10KCNT,0.0,0.0,less_than_weekly,less_than_weekly,0.0,persistently_below_weekly,0.0,0.0,0.0,0.0,0,0
A,204618020,8,2006,10,2010,R8KCNT,R10KCNT,1.0,0.0,weekly,less_than_weekly,-1.0,decreased_below_weekly,0.0,0.0,1.0,0.0,1,0
A,204626020,8,2006,10,2010,R8KCNT,R10KCNT,1.0,1.0,weekly,weekly,0.0,maintained_weekly,0.0,,1.0,1.0,1,1
A,204639010,8,2006,10,2010,R8KCNT,R10KCNT,1.0,1.0,weekly,weekly,0.0,maintained_weekly,0.0,0.0,1.0,1.0,1,1
A,204639020,8,2006,10,2010,R8KCNT,R10KCNT,1.0,1.0,weekly,weekly,0.0,maintained_weekly,0.0,0.0,1.0,1.0,1,1
A,204649020,8,2006,10,2010,R8KCNT,R10KCNT,1.0,1.0,weekly,weekly,0.0,maintained_weekly,1.0,1.0,1.0,1.0,1,1
A,204652020,8,2006,10,2010,R8KCNT,R10KCNT,1.0,1.0,weekly,weekly,0.0,maintained_weekly,1.0,1.0,1.0,1.0,1,1
A,204658010,8,2006,10,2010,R8KCNT,R10KCNT,1.0,1.0,weekly,weekly,0.0,maintained_weekly,1.0,1.0,1.0,1.0,1,1
A,204658020,8,2006,10,2010,R8KCNT,R10KCNT,1.0,1.0,weekly,weekly,0.0,maintained_weekly,1.0,1.0,1.0,1.0,1,1
A,204659010,8,2006,10,2010,R8KCNT,R10KCNT,1.0,1.0,weekly,weekly,0.0,maintained_weekly,1.0,1.0,1.0,1.0,1,1
A,204713010,8,2006,10,2010,R8KCNT,R10KCNT,1.0,1.0,weekly,weekly,0.0,maintained_weekly,1.0,1.0,1.0,1.0,1,1
A,204717010,8,2006,10,2010,R8KCNT,R10KCNT,1.0,0.0,weekly,less_than_weekly,-1.0,decreased_below_weekly,1.0,0.0,1.0,0.0,1,0
A,204755020,8,2006,10,2010,R8KCNT,R10KCNT,,1.0,not_interviewed_or_plain_missing,weekly,,,,1.0,,1.0,.,1
A,204793020,8,2006,10,2010,R8KCNT,R10KCNT,1.0,1.0,weekly,weekly,0.0,maintained_weekly,0.0,0.0,1.0,1.0,1,1
A,204804010,8,2006,10,2010,R8KCNT,R10KCNT,1.0,1.0,weekly,weekly,0.0,maintained_weekly,1.0,1.0,1.0,1.0,1,1
A,204814020,8,2006,10,2010,R8KCNT,R10KCNT,0.0,,less_than_weekly,leave_behind_not_completed_or_ineligible,,,0.0,,0.0,,0,.l
A,204817020,8,2006,10,2010,R8KCNT,R10KCNT,1.0,1.0,weekly,weekly,0.0,maintained_weekly,1.0,0.0,1.0,1.0,1,1
A,204825010,8,2006,10,2010,R8KCNT,R10KCNT,1.0,1.0,weekly,weekly,0.0,maintained_weekly,1.0,,1.0,1.0,1,1
A,204841010,8,2006,10,2010,R8KCNT,R10KCNT,,,no_children,no_children,,,,,,,.k,.k
A,204841020,8,2006,10,2010,R8KCNT,R10KCNT,,,no_children,no_children,,,,,,,.k,.k
A,204865020,8,2006,10,2010,R8KCNT,R10KCNT,1.0,1.0,weekly,weekly,0.0,maintained_weekly,1.0,1.0,1.0,1.0,1,1
A,204867020,8,2006,10,2010,R8KCNT,R10KCNT,1.0,1.0,weekly,weekly,0.0,maintained_weekly,1.0,1.0,1.0,1.0,1,1
A,204881020,8,2006,10,2010,R8KCNT,R10KCNT,1.0,1.0,weekly,weekly,0.0,maintained_weekly,1.0,1.0,1.0,1.0,1,1
A,204927020,8,2006,10,2010,R8KCNT,R10KCNT,1.0,,weekly,leave_behind_not_completed_or_ineligible,,,1.0,,1.0,,1,.l
A,204928010,8,2006,10,2010,R8KCNT,R10KCNT,1.0,0.0,weekly,less_than_weekly,-1.0,decreased_below_weekly,0.0,0.0,1.0,0.0,1,0
A,204928020,8,2006,10,2010,R8KCNT,R10KCNT,1.0,1.0,weekly,weekly,0.0,maintained_weekly,0.0,0.0,1.0,1.0,1,1
A,204938010,8,2006,10,2010,R8KCNT,R10KCNT,1.0,1.0,weekly,weekly,0.0,maintained_weekly,0.0,0.0,1.0,1.0,1,1
A,204941010,8,2006,10,2010,R8KCNT,R10KCNT,,1.0,leave_behind_not_completed_or_ineligible,weekly,,,,1.0,,1.0,.l,1
A,204950010,8,2006,10,2010,R8KCNT,R10KCNT,1.0,0.0,weekly,less_than_weekly,-1.0,decreased_below_weekly,1.0,0.0,1.0,0.0,1,0
A,204961020,8,2006,10,2010,R8KCNT,R10KCNT,1.0,,weekly,not_interviewed_or_plain_missing,,,0.0,,1.0,,1,.
A,204969010,8,2006,10,2010,R8KCNT,R10KCNT,1.0,0.0,weekly,less_than_weekly,-1.0,decreased_below_weekly,1.0,0.0,0.0,0.0,1,0
A,204969020,8,2006,10,2010,R8KCNT,R10KCNT,0.0,1.0,less_than_weekly,weekly,1.0,increased_to_weekly,0.0,1.0,0.0,0.0,0,1
A,204987020,8,2006,10,2010,R8KCNT,R10KCNT,,,no_children,no_children,,,,,,,.k,.k
A,205051020,8,2006,10,2010,R8KCNT,R10KCNT,1.0,1.0,weekly,weekly,0.0,maintained_weekly,1.0,1.0,1.0,1.0,1,1
A,205061020,8,2006,10,2010,R8KCNT,R10KCNT,1.0,1.0,weekly,weekly,0.0,maintained_weekly,0.0,1.0,1.0,1.0,1,1
A,205066010,8,2006,10,2010,R8KCNT,R10KCNT,0.0,1.0,less_than_weekly,weekly,1.0,increased_to_weekly,0.0,0.0,0.0,1.0,0,1
A,205095011,8,2006,10,2010,R8KCNT,R10KCNT,1.0,1.0,weekly,weekly,0.0,maintained_weekly,0.0,1.0,1.0,1.0,1,1
A,205100020,8,2006,10,2010,R8KCNT,R10KCNT,,,no_children,no_children,,,,,,,.k,.k
A,205109010,8,2006,10,2010,R8KCNT,R10KCNT,1.0,1.0,weekly,weekly,0.0,maintained_weekly,0.0,0.0,1.0,1.0,1,1
A,205109020,8,2006,10,2010,R8KCNT,R10KCNT,1.0,1.0,weekly,weekly,0.0,maintained_weekly,0.0,0.0,1.0,1.0,1,1
A,205134010,8,2006,10,2010,R8KCNT,R10KCNT,1.0,1.0,weekly,weekly,0.0,maintained_weekly,0.0,0.0,1.0,1.0,1,1
A,205181010,8,2006,10,2010,R8KCNT,R10KCNT,,,no_children,no_children,,,,,,,.k,.k
A,205181020,8,2006,10,2010,R8KCNT,R10KCNT,1.0,1.0,weekly,weekly,0.0,maintained_weekly,0.0,0.0,1.0,1.0,1,1
A,205182010,8,2006,10,2010,R8KCNT,R10KCNT,1.0,1.0,weekly,weekly,0.0,maintained_weekly,0.0,0.0,1.0,1.0,1,1
A,205188020,8,2006,10,2010,R8KCNT,R10KCNT,0.0,0.0,less_than_weekly,less_than_weekly,0.0,persistently_below_weekly,0.0,0.0,0.0,0.0,0,0
A,205196020,8,2006,10,2010,R8KCNT,R10KCNT,1.0,1.0,weekly,weekly,0.0,maintained_weekly,1.0,1.0,1.0,1.0,1,1
A,205206010,8,2006,10,2010,R8KCNT,R10KCNT,1.0,1.0,weekly,weekly,0.0,maintained_weekly,1.0,0.0,1.0,1.0,1,1
A,205219010,8,2006,10,2010,R8KCNT,R10KCNT,1.0,,weekly,missing_response,,,0.0,,1.0,,1,.m
A,205220010,8,2006,10,2010,R8KCNT,R10KCNT,,0.0,leave_behind_not_completed_or_ineligible,less_than_weekly,,,,0.0,,0.0,.l,0
A,205229020,8,2006,10,2010,R8KCNT,R10KCNT,,0.0,leave_behind_not_completed_or_ineligible,less_than_weekly,,,,0.0,,0.0,.l,0
A,205229021,8,2006,10,2010,R8KCNT,R10KCNT,,1.0,not_interviewed_or_plain_missing,weekly,,,,1.0,,1.0,.,1
A,205254010,8,2006,10,2010,R8KCNT,R10KCNT,,1.0,no_children,weekly,,,,0.0,,1.0,.k,1
A,205280010,8,2006,10,2010,R8KCNT,R10KCNT,0.0,1.0,less_than_weekly,weekly,1.0,increased_to_weekly,0.0,0.0,0.0,1.0,0,1
A,205303020,8,2006,10,2010,R8KCNT,R10KCNT,1.0,,weekly,no_children,,,1.0,,1.0,,1,.k
A,205307020,8,2006,10,2010,R8KCNT,R10KCNT,1.0,,weekly,missing_response,,,1.0,,1.0,,1,.m
A,205309020,8,2006,10,2010,R8KCNT,R10KCNT,,,no_children,leave_behind_not_completed_or_ineligible,,,,,,,.k,.l
A,205314010,8,2006,10,2010,R8KCNT,R10KCNT,0.0,0.0,less_than_weekly,less_than_weekly,0.0,persistently_below_weekly,0.0,0.0,0.0,0.0,0,0
A,205317020,8,2006,10,2010,R8KCNT,R10KCNT,1.0,,weekly,leave_behind_not_completed_or_ineligible,,,1.0,,0.0,,1,.l
A,205337020,8,2006,10,2010,R8KCNT,R10KCNT,1.0,0.0,weekly,less_than_weekly,-1.0,decreased_below_weekly,0.0,0.0,1.0,0.0,1,0
A,205355020,8,2006,10,2010,R8KCNT,R10KCNT,,,no_children,no_children,,,,,,,.k,.k
A,205358020,8,2006,10,2010,R8KCNT,R10KCNT,,,no_children,no_children,,,,,,,.k,.k
A,205363020,8,2006,10,2010,R8KCNT,R10KCNT,0.0,,less_than_weekly,not_interviewed_or_plain_missing,,,0.0,,0.0,,0,.
A,205371020,8,2006,10,2010,R8KCNT,R10KCNT,1.0,1.0,weekly,weekly,0.0,maintained_weekly,0.0,,1.0,1.0,1,1
A,205414010,8,2006,10,2010,R8KCNT,R10KCNT,1.0,1.0,weekly,weekly,0.0,maintained_weekly,1.0,1.0,1.0,0.0,1,1
A,205421010,8,2006,10,2010,R8KCNT,R10KCNT,0.0,1.0,less_than_weekly,weekly,1.0,increased_to_weekly,0.0,1.0,0.0,0.0,0,1
A,205451010,8,2006,10,2010,R8KCNT,R10KCNT,1.0,0.0,weekly,less_than_weekly,-1.0,decreased_below_weekly,0.0,0.0,1.0,0.0,1,0
A,205451020,8,2006,10,2010,R8KCNT,R10KCNT,1.0,0.0,weekly,less_than_weekly,-1.0,decreased_below_weekly,0.0,0.0,1.0,0.0,1,0
A,205483020,8,2006,10,2010,R8KCNT,R10KCNT,1.0,1.0,weekly,weekly,0.0,maintained_weekly,1.0,1.0,0.0,0.0,1,1
A,205490020,8,2006,10,2010,R8KCNT,R10KCNT,1.0,1.0,weekly,weekly,0.0,maintained_weekly,1.0,1.0,1.0,1.0,1,1
A,205496020,8,2006,10,2010,R8KCNT,R10KCNT,1.0,1.0,weekly,weekly,0.0,maintained_weekly,1.0,1.0,1.0,1.0,1,1
A,205512020,8,2006,10,2010,R8KCNT,R10KCNT,1.0,1.0,weekly,weekly,0.0,maintained_weekly,1.0,1.0,1.0,1.0,1,1
A,205532020,8,2006,10,2010,R8KCNT,R10KCNT,1.0,1.0,weekly,weekly,0.0,maintained_weekly,1.0,1.0,1.0,1.0,1,1
A,205549020,8,2006,10,2010,R8KCNT,R10KCNT,1.0,1.0,weekly,weekly,0.0,maintained_weekly,0.0,0.0,1.0,1.0,1,1
A,205561020,8,2006,10,2010,R8KCNT,R10KCNT,1.0,1.0,weekly,weekly,0.0,maintained_weekly,0.0,0.0,1.0,1.0,1,1
A,205571020,8,2006,10,2010,R8KCNT,R10KCNT,0.0,0.0,less_than_weekly,less_than_weekly,0.0,persistently_below_weekly,,0.0,0.0,0.0,0,0
A,205577020,8,2006,10,2010,R8KCNT,R10KCNT,1.0,1.0,weekly,weekly,0.0,maintained_weekly,1.0,1.0,1.0,1.0,1,1
A,205579010,8,2006,10,2010,R8KCNT,R10KCNT,1.0,0.0,weekly,less_than_weekly,-1.0,decreased_below_weekly,0.0,0.0,1.0,0.0,1,0
A,205586010,8,2006,10,2010,R8KCNT,R10KCNT,0.0,0.0,less_than_weekly,less_than_weekly,0.0,persistently_below_weekly,0.0,0.0,0.0,0.0,0,0
A,205609020,8,2006,10,2010,R8KCNT,R10KCNT,1.0,1.0,weekly,weekly,0.0,maintained_weekly,0.0,0.0,1.0,1.0,1,1
A,205629010,8,2006,10,2010,R8KCNT,R10KCNT,1.0,1.0,weekly,weekly,0.0,maintained_weekly,0.0,0.0,1.0,1.0,1,1
A,205643020,8,2006,10,2010,R8KCNT,R10KCNT,1.0,1.0,weekly,weekly,0.0,maintained_weekly,,1.0,1.0,1.0,1,1
A,205653010,8,2006,10,2010,R8KCNT,R10KCNT,1.0,1.0,weekly,weekly,0.0,maintained_weekly,0.0,1.0,1.0,0.0,1,1
A,205659020,8,2006,10,2010,R8KCNT,R10KCNT,1.0,1.0,weekly,weekly,0.0,maintained_weekly,1.0,1.0,1.0,1.0,1,1
A,205674010,8,2006,10,2010,R8KCNT,R10KCNT,,,no_children,no_children,,,,,,,.k,.k
A,205728010,8,2006,10,2010,R8KCNT,R10KCNT,1.0,1.0,weekly,weekly,0.0,maintained_weekly,1.0,1.0,1.0,0.0,1,1
A,205746010,8,2006,10,2010,R8KCNT,R10KCNT,1.0,1.0,weekly,weekly,0.0,maintained_weekly,0.0,0.0,1.0,1.0,1,1
A,205778010,8,2006,10,2010,R8KCNT,R10KCNT,1.0,1.0,weekly,weekly,0.0,maintained_weekly,1.0,,1.0,1.0,1,1
A,205805020,8,2006,10,2010,R8KCNT,R10KCNT,1.0,1.0,weekly,weekly,0.0,maintained_weekly,0.0,0.0,1.0,1.0,1,1
A,205819010,8,2006,10,2010,R8KCNT,R10KCNT,1.0,1.0,weekly,weekly,0.0,maintained_weekly,0.0,0.0,1.0,1.0,1,1
A,205844010,8,2006,10,2010,R8KCNT,R10KCNT,1.0,1.0,weekly,weekly,0.0,maintained_weekly,0.0,0.0,1.0,1.0,1,1
A,205863020,8,2006,10,2010,R8KCNT,R10KCNT,1.0,1.0,weekly,weekly,0.0,maintained_weekly,0.0,0.0,1.0,1.0,1,1
A,205874020,8,2006,10,2010,R8KCNT,R10KCNT,1.0,1.0,weekly,weekly,0.0,maintained_weekly,0.0,1.0,1.0,1.0,1,1
A,205876020,8,2006,10,2010,R8KCNT,R10KCNT,1.0,1.0,weekly,weekly,0.0,maintained_weekly,0.0,0.0,1.0,1.0,1,1
A,205886010,8,2006,10,2010,R8KCNT,R10KCNT,1.0,1.0,weekly,weekly,0.0,maintained_weekly,0.0,1.0,1.0,1.0,1,1
A,205948020,8,2006,10,2010,R8KCNT,R10KCNT,1.0,,weekly,leave_behind_not_completed_or_ineligible,,,0.0,,1.0,,1,.l
A,205955010,8,2006,10,2010,R8KCNT,R10KCNT,1.0,1.0,weekly,weekly,0.0,maintained_weekly,1.0,1.0,1.0,1.0,1,1
A,205958020,8,2006,10,2010,R8KCNT,R10KCNT,1.0,1.0,weekly,weekly,0.0,maintained_weekly,0.0,0.0,1.0,1.0,1,1
A,205966011,8,2006,10,2010,R8KCNT,R10KCNT,,1.0,not_interviewed_or_plain_missing,weekly,,,,0.0,,1.0,.,1
A,206009010,8,2006,10,2010,R8KCNT,R10KCNT,1.0,1.0,weekly,weekly,0.0,maintained_weekly,1.0,1.0,1.0,1.0,1,1
A,206022010,8,2006,10,2010,R8KCNT,R10KCNT,0.0,0.0,less_than_weekly,less_than_weekly,0.0,persistently_below_weekly,0.0,0.0,0.0,0.0,0,0
A,206029010,8,2006,10,2010,R8KCNT,R10KCNT,0.0,1.0,less_than_weekly,weekly,1.0,increased_to_weekly,0.0,0.0,0.0,1.0,0,1
A,206048020,8,2006,10,2010,R8KCNT,R10KCNT,1.0,1.0,weekly,weekly,0.0,maintained_weekly,,0.0,1.0,1.0,1,1
A,206061010,8,2006,10,2010,R8KCNT,R10KCNT,1.0,1.0,weekly,weekly,0.0,maintained_weekly,1.0,1.0,1.0,1.0,1,1
A,206067010,8,2006,10,2010,R8KCNT,R10KCNT,,,no_children,no_children,,,,,,,.k,.k
A,206067020,8,2006,10,2010,R8KCNT,R10KCNT,,,no_children,no_children,,,,,,,.k,.k
A,206075020,8,2006,10,2010,R8KCNT,R10KCNT,,1.0,no_children,weekly,,,,1.0,,1.0,.k,1
A,206106020,8,2006,10,2010,R8KCNT,R10KCNT,1.0,0.0,weekly,less_than_weekly,-1.0,decreased_below_weekly,0.0,0.0,1.0,0.0,1,0
A,206108010,8,2006,10,2010,R8KCNT,R10KCNT,1.0,1.0,weekly,weekly,0.0,maintained_weekly,0.0,0.0,1.0,1.0,1,1
A,206110010,8,2006,10,2010,R8KCNT,R10KCNT,1.0,1.0,weekly,weekly,0.0,maintained_weekly,0.0,1.0,1.0,1.0,1,1
A,206110020,8,2006,10,2010,R8KCNT,R10KCNT,1.0,1.0,weekly,weekly,0.0,maintained_weekly,0.0,1.0,1.0,1.0,1,1
A,206118010,8,2006,10,2010,R8KCNT,R10KCNT,1.0,1.0,weekly,weekly,0.0,maintained_weekly,1.0,1.0,1.0,1.0,1,1
A,206136010,8,2006,10,2010,R8KCNT,R10KCNT,1.0,1.0,weekly,weekly,0.0,maintained_weekly,1.0,1.0,1.0,1.0,1,1
A,206144010,8,2006,10,2010,R8KCNT,R10KCNT,1.0,0.0,weekly,less_than_weekly,-1.0,decreased_below_weekly,1.0,0.0,1.0,0.0,1,0
A,206151010,8,2006,10,2010,R8KCNT,R10KCNT,1.0,1.0,weekly,weekly,0.0,maintained_weekly,0.0,1.0,1.0,1.0,1,1
A,206157010,8,2006,10,2010,R8KCNT,R10KCNT,1.0,1.0,weekly,weekly,0.0,maintained_weekly,1.0,1.0,1.0,1.0,1,1
A,206178010,8,2006,10,2010,R8KCNT,R10KCNT,1.0,1.0,weekly,weekly,0.0,maintained_weekly,0.0,1.0,1.0,1.0,1,1
A,206178020,8,2006,10,2010,R8KCNT,R10KCNT,1.0,1.0,weekly,weekly,0.0,maintained_weekly,1.0,1.0,1.0,1.0,1,1
A,206189010,8,2006,10,2010,R8KCNT,R10KCNT,1.0,1.0,weekly,weekly,0.0,maintained_weekly,1.0,1.0,1.0,1.0,1,1
A,206194020,8,2006,10,2010,R8KCNT,R10KCNT,1.0,1.0,weekly,weekly,0.0,maintained_weekly,1.0,0.0,1.0,1.0,1,1
A,206214010,8,2006,10,2010,R8KCNT,R10KCNT,1.0,1.0,weekly,weekly,0.0,maintained_weekly,1.0,0.0,1.0,1.0,1,1
A,206215010,8,2006,10,2010,R8KCNT,R10KCNT,1.0,1.0,weekly,weekly,0.0,maintained_weekly,1.0,1.0,1.0,1.0,1,1
A,206221010,8,2006,10,2010,R8KCNT,R10KCNT,1.0,1.0,weekly,weekly,0.0,maintained_weekly,0.0,1.0,1.0,1.0,1,1
A,206234020,8,2006,10,2010,R8KCNT,R10KCNT,0.0,1.0,less_than_weekly,weekly,1.0,increased_to_weekly,0.0,0.0,0.0,1.0,0,1
A,206248020,8,2006,10,2010,R8KCNT,R10KCNT,1.0,1.0,weekly,weekly,0.0,maintained_weekly,0.0,0.0,1.0,1.0,1,1
A,206273010,8,2006,10,2010,R8KCNT,R10KCNT,,1.0,leave_behind_not_completed_or_ineligible,weekly,,,,0.0,,1.0,.l,1
A,206304010,8,2006,10,2010,R8KCNT,R10KCNT,1.0,1.0,weekly,weekly,0.0,maintained_weekly,0.0,0.0,1.0,1.0,1,1
A,206324020,8,2006,10,2010,R8KCNT,R10KCNT,1.0,1.0,weekly,weekly,0.0,maintained_weekly,1.0,1.0,1.0,1.0,1,1
A,206329011,8,2006,10,2010,R8KCNT,R10KCNT,,1.0,missing_response,weekly,,,,,,1.0,.m,1
A,206332010,8,2006,10,2010,R8KCNT,R10KCNT,1.0,1.0,weekly,weekly,0.0,maintained_weekly,1.0,1.0,1.0,0.0,1,1
A,206351020,8,2006,10,2010,R8KCNT,R10KCNT,1.0,1.0,weekly,weekly,0.0,maintained_weekly,1.0,1.0,1.0,1.0,1,1
A,206358010,8,2006,10,2010,R8KCNT,R10KCNT,1.0,1.0,weekly,weekly,0.0,maintained_weekly,0.0,0.0,1.0,1.0,1,1
A,206358020,8,2006,10,2010,R8KCNT,R10KCNT,1.0,1.0,weekly,weekly,0.0,maintained_weekly,0.0,1.0,1.0,1.0,1,1
A,206365010,8,2006,10,2010,R8KCNT,R10KCNT,1.0,1.0,weekly,weekly,0.0,maintained_weekly,0.0,0.0,1.0,1.0,1,1
A,206367020,8,2006,10,2010,R8KCNT,R10KCNT,1.0,1.0,weekly,weekly,0.0,maintained_weekly,0.0,0.0,1.0,1.0,1,1
A,206371020,8,2006,10,2010,R8KCNT,R10KCNT,0.0,1.0,less_than_weekly,weekly,1.0,increased_to_weekly,0.0,0.0,0.0,1.0,0,1
A,206456010,8,2006,10,2010,R8KCNT,R10KCNT,1.0,1.0,weekly,weekly,0.0,maintained_weekly,0.0,1.0,1.0,1.0,1,1
A,206512020,8,2006,10,2010,R8KCNT,R10KCNT,1.0,,weekly,leave_behind_not_completed_or_ineligible,,,1.0,,1.0,,1,.l
A,206514020,8,2006,10,2010,R8KCNT,R10KCNT,1.0,1.0,weekly,weekly,0.0,maintained_weekly,1.0,1.0,1.0,1.0,1,1
A,206556020,8,2006,10,2010,R8KCNT,R10KCNT,1.0,1.0,weekly,weekly,0.0,maintained_weekly,1.0,0.0,1.0,1.0,1,1
A,206591011,8,2006,10,2010,R8KCNT,R10KCNT,1.0,1.0,weekly,weekly,0.0,maintained_weekly,0.0,1.0,1.0,1.0,1,1
A,206602010,8,2006,10,2010,R8KCNT,R10KCNT,1.0,1.0,weekly,weekly,0.0,maintained_weekly,0.0,,1.0,1.0,1,1
A,206610020,8,2006,10,2010,R8KCNT,R10KCNT,,1.0,missing_response,weekly,,,,0.0,,1.0,.m,1
A,206624020,8,2006,10,2010,R8KCNT,R10KCNT,1.0,1.0,weekly,weekly,0.0,maintained_weekly,0.0,1.0,1.0,0.0,1,1
A,206636020,8,2006,10,2010,R8KCNT,R10KCNT,0.0,0.0,less_than_weekly,less_than_weekly,0.0,persistently_below_weekly,0.0,0.0,0.0,0.0,0,0
A,206659020,8,2006,10,2010,R8KCNT,R10KCNT,1.0,0.0,weekly,less_than_weekly,-1.0,decreased_below_weekly,0.0,0.0,1.0,0.0,1,0
A,206693011,8,2006,10,2010,R8KCNT,R10KCNT,1.0,1.0,weekly,weekly,0.0,maintained_weekly,0.0,1.0,1.0,1.0,1,1
A,206726010,8,2006,10,2010,R8KCNT,R10KCNT,1.0,1.0,weekly,weekly,0.0,maintained_weekly,0.0,1.0,1.0,1.0,1,1
A,206731010,8,2006,10,2010,R8KCNT,R10KCNT,1.0,1.0,weekly,weekly,0.0,maintained_weekly,1.0,0.0,1.0,1.0,1,1
A,206740010,8,2006,10,2010,R8KCNT,R10KCNT,1.0,0.0,weekly,less_than_weekly,-1.0,decreased_below_weekly,1.0,0.0,0.0,0.0,1,0
A,206740011,8,2006,10,2010,R8KCNT,R10KCNT,1.0,1.0,weekly,weekly,0.0,maintained_weekly,0.0,0.0,1.0,1.0,1,1
A,206766020,8,2006,10,2010,R8KCNT,R10KCNT,1.0,1.0,weekly,weekly,0.0,maintained_weekly,0.0,1.0,1.0,1.0,1,1
A,206812010,8,2006,10,2010,R8KCNT,R10KCNT,1.0,1.0,weekly,weekly,0.0,maintained_weekly,1.0,0.0,1.0,1.0,1,1
A,206834020,8,2006,10,2010,R8KCNT,R10KCNT,1.0,1.0,weekly,weekly,0.0,maintained_weekly,0.0,0.0,1.0,1.0,1,1
A,206880020,8,2006,10,2010,R8KCNT,R10KCNT,,,missing_response,missing_response,,,,,,,.m,.m
A,206884020,8,2006,10,2010,R8KCNT,R10KCNT,0.0,0.0,less_than_weekly,less_than_weekly,0.0,persistently_below_weekly,0.0,0.0,0.0,0.0,0,0
A,206886020,8,2006,10,2010,R8KCNT,R10KCNT,1.0,,weekly,leave_behind_not_completed_or_ineligible,,,1.0,,1.0,,1,.l
A,206978020,8,2006,10,2010,R8KCNT,R10KCNT,1.0,1.0,weekly,weekly,0.0,maintained_weekly,1.0,1.0,1.0,0.0,1,1
A,207023010,8,2006,10,2010,R8KCNT,R10KCNT,1.0,,weekly,no_children,,,1.0,,1.0,,1,.k
A,207026010,8,2006,10,2010,R8KCNT,R10KCNT,1.0,0.0,weekly,less_than_weekly,-1.0,decreased_below_weekly,0.0,0.0,1.0,0.0,1,0
A,207054020,8,2006,10,2010,R8KCNT,R10KCNT,1.0,1.0,weekly,weekly,0.0,maintained_weekly,1.0,1.0,1.0,0.0,1,1
A,207059020,8,2006,10,2010,R8KCNT,R10KCNT,,,missing_response,no_children,,,,,,,.m,.k
A,207063020,8,2006,10,2010,R8KCNT,R10KCNT,,1.0,missing_response,weekly,,,,0.0,,1.0,.m,1
A,207084020,8,2006,10,2010,R8KCNT,R10KCNT,1.0,1.0,weekly,weekly,0.0,maintained_weekly,1.0,1.0,1.0,1.0,1,1
A,207121011,8,2006,10,2010,R8KCNT,R10KCNT,,0.0,no_children,less_than_weekly,,,,0.0,,0.0,.k,0
A,207132020,8,2006,10,2010,R8KCNT,R10KCNT,1.0,,weekly,missing_response,,,0.0,,1.0,,1,.m
A,207134010,8,2006,10,2010,R8KCNT,R10KCNT,1.0,1.0,weekly,weekly,0.0,maintained_weekly,0.0,0.0,1.0,1.0,1,1
A,207152010,8,2006,10,2010,R8KCNT,R10KCNT,1.0,1.0,weekly,weekly,0.0,maintained_weekly,0.0,0.0,1.0,1.0,1,1
A,207152020,8,2006,10,2010,R8KCNT,R10KCNT,1.0,1.0,weekly,weekly,0.0,maintained_weekly,1.0,1.0,1.0,1.0,1,1
A,207167010,8,2006,10,2010,R8KCNT,R10KCNT,1.0,,weekly,missing_response,,,1.0,,1.0,,1,.m
A,207253020,8,2006,10,2010,R8KCNT,R10KCNT,1.0,1.0,weekly,weekly,0.0,maintained_weekly,1.0,1.0,1.0,1.0,1,1
A,207261010,8,2006,10,2010,R8KCNT,R10KCNT,1.0,1.0,weekly,weekly,0.0,maintained_weekly,1.0,1.0,1.0,1.0,1,1
A,207282010,8,2006,10,2010,R8KCNT,R10KCNT,1.0,1.0,weekly,weekly,0.0,maintained_weekly,1.0,1.0,1.0,1.0,1,1
A,207335011,8,2006,10,2010,R8KCNT,R10KCNT,1.0,1.0,weekly,weekly,0.0,maintained_weekly,0.0,0.0,1.0,1.0,1,1
A,207342010,8,2006,10,2010,R8KCNT,R10KCNT,1.0,1.0,weekly,weekly,0.0,maintained_weekly,1.0,1.0,1.0,0.0,1,1
A,207347020,8,2006,10,2010,R8KCNT,R10KCNT,,1.0,missing_response,weekly,,,,1.0,,0.0,.m,1
A,207359010,8,2006,10,2010,R8KCNT,R10KCNT,1.0,1.0,weekly,weekly,0.0,maintained_weekly,1.0,1.0,1.0,1.0,1,1
A,207376010,8,2006,10,2010,R8KCNT,R10KCNT,1.0,1.0,weekly,weekly,0.0,maintained_weekly,0.0,0.0,1.0,1.0,1,1
A,207383010,8,2006,10,2010,R8KCNT,R10KCNT,0.0,0.0,less_than_weekly,less_than_weekly,0.0,persistently_below_weekly,0.0,0.0,0.0,0.0,0,0
A,207383011,8,2006,10,2010,R8KCNT,R10KCNT,0.0,0.0,less_than_weekly,less_than_weekly,0.0,persistently_below_weekly,0.0,0.0,0.0,0.0,0,0
A,207392010,8,2006,10,2010,R8KCNT,R10KCNT,1.0,1.0,weekly,weekly,0.0,maintained_weekly,0.0,0.0,1.0,1.0,1,1
A,207395010,8,2006,10,2010,R8KCNT,R10KCNT,1.0,1.0,weekly,weekly,0.0,maintained_weekly,0.0,1.0,1.0,1.0,1,1
A,207430021,8,2006,10,2010,R8KCNT,R10KCNT,1.0,1.0,weekly,weekly,0.0,maintained_weekly,1.0,1.0,1.0,1.0,1,1
A,207433011,8,2006,10,2010,R8KCNT,R10KCNT,1.0,1.0,weekly,weekly,0.0,maintained_weekly,1.0,1.0,1.0,0.0,1,1
A,207461020,8,2006,10,2010,R8KCNT,R10KCNT,1.0,1.0,weekly,weekly,0.0,maintained_weekly,1.0,1.0,1.0,1.0,1,1
A,207476020,8,2006,10,2010,R8KCNT,R10KCNT,1.0,1.0,weekly,weekly,0.0,maintained_weekly,1.0,1.0,1.0,1.0,1,1
A,207501010,8,2006,10,2010,R8KCNT,R10KCNT,1.0,1.0,weekly,weekly,0.0,maintained_weekly,0.0,0.0,1.0,1.0,1,1
A,207506010,8,2006,10,2010,R8KCNT,R10KCNT,0.0,0.0,less_than_weekly,less_than_weekly,0.0,persistently_below_weekly,0.0,0.0,0.0,0.0,0,0
A,207506011,8,2006,10,2010,R8KCNT,R10KCNT,1.0,1.0,weekly,weekly,0.0,maintained_weekly,1.0,0.0,1.0,1.0,1,1
A,207524010,8,2006,10,2010,R8KCNT,R10KCNT,1.0,1.0,weekly,weekly,0.0,maintained_weekly,0.0,0.0,1.0,1.0,1,1
A,207532010,8,2006,10,2010,R8KCNT,R10KCNT,0.0,0.0,less_than_weekly,less_than_weekly,0.0,persistently_below_weekly,0.0,0.0,0.0,0.0,0,0
A,207559020,8,2006,10,2010,R8KCNT,R10KCNT,1.0,1.0,weekly,weekly,0.0,maintained_weekly,1.0,1.0,1.0,1.0,1,1
A,207572010,8,2006,10,2010,R8KCNT,R10KCNT,,,no_children,no_children,,,,,,,.k,.k
A,207574010,8,2006,10,2010,R8KCNT,R10KCNT,1.0,1.0,weekly,weekly,0.0,maintained_weekly,1.0,1.0,1.0,1.0,1,1
A,207587020,8,2006,10,2010,R8KCNT,R10KCNT,,,no_children,no_children,,,,,,,.k,.k
A,207590020,8,2006,10,2010,R8KCNT,R10KCNT,1.0,1.0,weekly,weekly,0.0,maintained_weekly,0.0,,1.0,1.0,1,1
A,207598020,8,2006,10,2010,R8KCNT,R10KCNT,1.0,1.0,weekly,weekly,0.0,maintained_weekly,0.0,0.0,1.0,1.0,1,1
A,207600020,8,2006,10,2010,R8KCNT,R10KCNT,1.0,1.0,weekly,weekly,0.0,maintained_weekly,0.0,0.0,1.0,1.0,1,1
A,207603020,8,2006,10,2010,R8KCNT,R10KCNT,0.0,0.0,less_than_weekly,less_than_weekly,0.0,persistently_below_weekly,0.0,0.0,0.0,0.0,0,0
A,207605010,8,2006,10,2010,R8KCNT,R10KCNT,1.0,1.0,weekly,weekly,0.0,maintained_weekly,0.0,0.0,1.0,1.0,1,1
A,207609010,8,2006,10,2010,R8KCNT,R10KCNT,1.0,,weekly,not_interviewed_or_plain_missing,,,0.0,,1.0,,1,.
A,207644020,8,2006,10,2010,R8KCNT,R10KCNT,1.0,1.0,weekly,weekly,0.0,maintained_weekly,1.0,1.0,1.0,1.0,1,1
A,207677020,8,2006,10,2010,R8KCNT,R10KCNT,1.0,1.0,weekly,weekly,0.0,maintained_weekly,0.0,1.0,1.0,1.0,1,1
A,207701010,8,2006,10,2010,R8KCNT,R10KCNT,1.0,0.0,weekly,less_than_weekly,-1.0,decreased_below_weekly,0.0,0.0,1.0,0.0,1,0
A,207701020,8,2006,10,2010,R8KCNT,R10KCNT,1.0,1.0,weekly,weekly,0.0,maintained_weekly,1.0,1.0,1.0,1.0,1,1
A,207710011,8,2006,10,2010,R8KCNT,R10KCNT,1.0,1.0,weekly,weekly,0.0,maintained_weekly,0.0,0.0,1.0,1.0,1,1
A,207772020,8,2006,10,2010,R8KCNT,R10KCNT,1.0,1.0,weekly,weekly,0.0,maintained_weekly,0.0,0.0,1.0,1.0,1,1
A,207784020,8,2006,10,2010,R8KCNT,R10KCNT,0.0,1.0,less_than_weekly,weekly,1.0,increased_to_weekly,0.0,,0.0,1.0,0,1
A,207798010,8,2006,10,2010,R8KCNT,R10KCNT,1.0,1.0,weekly,weekly,0.0,maintained_weekly,1.0,1.0,1.0,1.0,1,1
A,207845011,8,2006,10,2010,R8KCNT,R10KCNT,1.0,1.0,weekly,weekly,0.0,maintained_weekly,1.0,1.0,1.0,1.0,1,1
A,207867020,8,2006,10,2010,R8KCNT,R10KCNT,,,missing_response,missing_response,,,,,,,.m,.m
A,207880010,8,2006,10,2010,R8KCNT,R10KCNT,1.0,1.0,weekly,weekly,0.0,maintained_weekly,1.0,1.0,1.0,1.0,1,1
A,207880020,8,2006,10,2010,R8KCNT,R10KCNT,1.0,1.0,weekly,weekly,0.0,maintained_weekly,0.0,1.0,1.0,1.0,1,1
A,207903020,8,2006,10,2010,R8KCNT,R10KCNT,1.0,1.0,weekly,weekly,0.0,maintained_weekly,0.0,1.0,1.0,1.0,1,1
A,207903021,8,2006,10,2010,R8KCNT,R10KCNT,,1.0,not_interviewed_or_plain_missing,weekly,,,,0.0,,1.0,.,1
A,207928020,8,2006,10,2010,R8KCNT,R10KCNT,1.0,0.0,weekly,less_than_weekly,-1.0,decreased_below_weekly,0.0,0.0,1.0,0.0,1,0
A,207969010,8,2006,10,2010,R8KCNT,R10KCNT,1.0,0.0,weekly,less_than_weekly,-1.0,decreased_below_weekly,0.0,0.0,1.0,0.0,1,0
A,207979010,8,2006,10,2010,R8KCNT,R10KCNT,1.0,1.0,weekly,weekly,0.0,maintained_weekly,1.0,1.0,1.0,1.0,1,1
A,207987010,8,2006,10,2010,R8KCNT,R10KCNT,1.0,1.0,weekly,weekly,0.0,maintained_weekly,0.0,0.0,1.0,1.0,1,1
A,207991010,8,2006,10,2010,R8KCNT,R10KCNT,1.0,1.0,weekly,weekly,0.0,maintained_weekly,1.0,0.0,1.0,1.0,1,1
A,208007010,8,2006,10,2010,R8KCNT,R10KCNT,1.0,1.0,weekly,weekly,0.0,maintained_weekly,1.0,1.0,1.0,1.0,1,1
A,208016020,8,2006,10,2010,R8KCNT,R10KCNT,,1.0,leave_behind_not_completed_or_ineligible,weekly,,,,,,1.0,.l,1
A,208021020,8,2006,10,2010,R8KCNT,R10KCNT,1.0,1.0,weekly,weekly,0.0,maintained_weekly,0.0,0.0,1.0,1.0,1,1
A,208224020,8,2006,10,2010,R8KCNT,R10KCNT,1.0,,weekly,leave_behind_not_completed_or_ineligible,,,1.0,,1.0,,1,.l
A,208233010,8,2006,10,2010,R8KCNT,R10KCNT,1.0,1.0,weekly,weekly,0.0,maintained_weekly,1.0,1.0,1.0,1.0,1,1
A,208233020,8,2006,10,2010,R8KCNT,R10KCNT,1.0,,weekly,missing_response,,,1.0,,1.0,,1,.m
A,208328020,8,2006,10,2010,R8KCNT,R10KCNT,1.0,1.0,weekly,weekly,0.0,maintained_weekly,1.0,1.0,1.0,1.0,1,1
A,208328021,8,2006,10,2010,R8KCNT,R10KCNT,1.0,1.0,weekly,weekly,0.0,maintained_weekly,1.0,1.0,1.0,1.0,1,1
A,208371020,8,2006,10,2010,R8KCNT,R10KCNT,1.0,1.0,weekly,weekly,0.0,maintained_weekly,1.0,1.0,1.0,1.0,1,1
A,208379020,8,2006,10,2010,R8KCNT,R10KCNT,1.0,1.0,weekly,weekly,0.0,maintained_weekly,1.0,0.0,1.0,1.0,1,1
A,208580020,8,2006,10,2010,R8KCNT,R10KCNT,1.0,1.0,weekly,weekly,0.0,maintained_weekly,0.0,1.0,1.0,1.0,1,1
A,208660010,8,2006,10,2010,R8KCNT,R10KCNT,1.0,1.0,weekly,weekly,0.0,maintained_weekly,1.0,1.0,1.0,1.0,1,1
A,208666020,8,2006,10,2010,R8KCNT,R10KCNT,1.0,1.0,weekly,weekly,0.0,maintained_weekly,1.0,1.0,1.0,1.0,1,1
A,208732020,8,2006,10,2010,R8KCNT,R10KCNT,,,leave_behind_not_completed_or_ineligible,no_children,,,,,,,.l,.k
A,208767020,8,2006,10,2010,R8KCNT,R10KCNT,1.0,1.0,weekly,weekly,0.0,maintained_weekly,0.0,1.0,1.0,1.0,1,1
A,208788010,8,2006,10,2010,R8KCNT,R10KCNT,1.0,1.0,weekly,weekly,0.0,maintained_weekly,0.0,0.0,1.0,1.0,1,1
A,208788020,8,2006,10,2010,R8KCNT,R10KCNT,1.0,1.0,weekly,weekly,0.0,maintained_weekly,0.0,0.0,1.0,1.0,1,1
A,208827020,8,2006,10,2010,R8KCNT,R10KCNT,1.0,1.0,weekly,weekly,0.0,maintained_weekly,1.0,0.0,1.0,1.0,1,1
A,208862020,8,2006,10,2010,R8KCNT,R10KCNT,1.0,1.0,weekly,weekly,0.0,maintained_weekly,0.0,,1.0,1.0,1,1
A,208867011,8,2006,10,2010,R8KCNT,R10KCNT,1.0,1.0,weekly,weekly,0.0,maintained_weekly,1.0,0.0,1.0,1.0,1,1
A,208881020,8,2006,10,2010,R8KCNT,R10KCNT,1.0,,weekly,no_children,,,0.0,,1.0,,1,.k
A,208896010,8,2006,10,2010,R8KCNT,R10KCNT,0.0,0.0,less_than_weekly,less_than_weekly,0.0,persistently_below_weekly,0.0,0.0,0.0,0.0,0,0
A,210013010,8,2006,10,2010,R8KCNT,R10KCNT,1.0,1.0,weekly,weekly,0.0,maintained_weekly,0.0,0.0,1.0,1.0,1,1
A,210013020,8,2006,10,2010,R8KCNT,R10KCNT,,1.0,leave_behind_not_completed_or_ineligible,weekly,,,,0.0,,1.0,.l,1
A,210019010,8,2006,10,2010,R8KCNT,R10KCNT,,,no_children,no_children,,,,,,,.k,.k
A,210035010,8,2006,10,2010,R8KCNT,R10KCNT,1.0,1.0,weekly,weekly,0.0,maintained_weekly,0.0,1.0,1.0,1.0,1,1
A,210035020,8,2006,10,2010,R8KCNT,R10KCNT,1.0,1.0,weekly,weekly,0.0,maintained_weekly,1.0,0.0,1.0,1.0,1,1
A,210072020,8,2006,10,2010,R8KCNT,R10KCNT,1.0,1.0,weekly,weekly,0.0,maintained_weekly,0.0,,1.0,1.0,1,1
A,210073011,8,2006,10,2010,R8KCNT,R10KCNT,,1.0,not_interviewed_or_plain_missing,weekly,,,,0.0,,1.0,.,1
A,210074010,8,2006,10,2010,R8KCNT,R10KCNT,1.0,1.0,weekly,weekly,0.0,maintained_weekly,1.0,0.0,1.0,1.0,1,1
A,210080010,8,2006,10,2010,R8KCNT,R10KCNT,,,not_interviewed_or_plain_missing,no_children,,,,,,,.,.k
A,210086010,8,2006,10,2010,R8KCNT,R10KCNT,1.0,0.0,weekly,less_than_weekly,-1.0,decreased_below_weekly,0.0,0.0,1.0,0.0,1,0
A,210098020,8,2006,10,2010,R8KCNT,R10KCNT,1.0,1.0,weekly,weekly,0.0,maintained_weekly,1.0,1.0,1.0,1.0,1,1
A,210106010,8,2006,10,2010,R8KCNT,R10KCNT,1.0,1.0,weekly,weekly,0.0,maintained_weekly,0.0,0.0,1.0,1.0,1,1
A,210178010,8,2006,10,2010,R8KCNT,R10KCNT,1.0,1.0,weekly,weekly,0.0,maintained_weekly,0.0,1.0,1.0,1.0,1,1
A,210185020,8,2006,10,2010,R8KCNT,R10KCNT,1.0,1.0,weekly,weekly,0.0,maintained_weekly,1.0,1.0,1.0,1.0,1,1
A,210221010,8,2006,10,2010,R8KCNT,R10KCNT,0.0,0.0,less_than_weekly,less_than_weekly,0.0,persistently_below_weekly,0.0,0.0,0.0,0.0,0,0
A,210243010,8,2006,10,2010,R8KCNT,R10KCNT,,,no_children,no_children,,,,,,,.k,.k
A,210253010,8,2006,10,2010,R8KCNT,R10KCNT,1.0,1.0,weekly,weekly,0.0,maintained_weekly,0.0,0.0,1.0,1.0,1,1
A,210255010,8,2006,10,2010,R8KCNT,R10KCNT,1.0,1.0,weekly,weekly,0.0,maintained_weekly,1.0,1.0,1.0,1.0,1,1
A,210263010,8,2006,10,2010,R8KCNT,R10KCNT,1.0,1.0,weekly,weekly,0.0,maintained_weekly,0.0,0.0,1.0,1.0,1,1
A,210281010,8,2006,10,2010,R8KCNT,R10KCNT,1.0,1.0,weekly,weekly,0.0,maintained_weekly,0.0,0.0,1.0,1.0,1,1
A,210298010,8,2006,10,2010,R8KCNT,R10KCNT,1.0,1.0,weekly,weekly,0.0,maintained_weekly,1.0,0.0,1.0,1.0,1,1
A,210300010,8,2006,10,2010,R8KCNT,R10KCNT,1.0,1.0,weekly,weekly,0.0,maintained_weekly,0.0,1.0,1.0,1.0,1,1
A,210320010,8,2006,10,2010,R8KCNT,R10KCNT,1.0,0.0,weekly,less_than_weekly,-1.0,decreased_below_weekly,0.0,0.0,1.0,0.0,1,0
A,210320020,8,2006,10,2010,R8KCNT,R10KCNT,1.0,1.0,weekly,weekly,0.0,maintained_weekly,1.0,1.0,1.0,1.0,1,1
A,210381010,8,2006,10,2010,R8KCNT,R10KCNT,1.0,1.0,weekly,weekly,0.0,maintained_weekly,1.0,1.0,1.0,1.0,1,1
A,210382010,8,2006,10,2010,R8KCNT,R10KCNT,1.0,1.0,weekly,weekly,0.0,maintained_weekly,1.0,0.0,1.0,1.0,1,1
A,210386020,8,2006,10,2010,R8KCNT,R10KCNT,0.0,1.0,less_than_weekly,weekly,1.0,increased_to_weekly,0.0,1.0,0.0,1.0,0,1
A,210409010,8,2006,10,2010,R8KCNT,R10KCNT,1.0,1.0,weekly,weekly,0.0,maintained_weekly,1.0,0.0,1.0,1.0,1,1
A,210409020,8,2006,10,2010,R8KCNT,R10KCNT,1.0,1.0,weekly,weekly,0.0,maintained_weekly,0.0,0.0,1.0,1.0,1,1
A,210419010,8,2006,10,2010,R8KCNT,R10KCNT,1.0,1.0,weekly,weekly,0.0,maintained_weekly,0.0,0.0,1.0,1.0,1,1
A,210421010,8,2006,10,2010,R8KCNT,R10KCNT,1.0,1.0,weekly,weekly,0.0,maintained_weekly,1.0,0.0,1.0,1.0,1,1
A,210425010,8,2006,10,2010,R8KCNT,R10KCNT,1.0,,weekly,leave_behind_not_completed_or_ineligible,,,0.0,,1.0,,1,.l
A,210429011,8,2006,10,2010,R8KCNT,R10KCNT,1.0,1.0,weekly,weekly,0.0,maintained_weekly,1.0,1.0,1.0,1.0,1,1
A,210430010,8,2006,10,2010,R8KCNT,R10KCNT,,,no_children,no_children,,,,,,,.k,.k
A,210434010,8,2006,10,2010,R8KCNT,R10KCNT,,,no_children,no_children,,,,,,,.k,.k
A,210443020,8,2006,10,2010,R8KCNT,R10KCNT,1.0,1.0,weekly,weekly,0.0,maintained_weekly,0.0,0.0,1.0,1.0,1,1
A,210446010,8,2006,10,2010,R8KCNT,R10KCNT,1.0,1.0,weekly,weekly,0.0,maintained_weekly,0.0,1.0,1.0,1.0,1,1
A,210446020,8,2006,10,2010,R8KCNT,R10KCNT,1.0,1.0,weekly,weekly,0.0,maintained_weekly,1.0,1.0,0.0,1.0,1,1
A,210447020,8,2006,10,2010,R8KCNT,R10KCNT,1.0,0.0,weekly,less_than_weekly,-1.0,decreased_below_weekly,0.0,0.0,1.0,0.0,1,0
A,210454010,8,2006,10,2010,R8KCNT,R10KCNT,1.0,1.0,weekly,weekly,0.0,maintained_weekly,1.0,1.0,1.0,1.0,1,1
A,210455020,8,2006,10,2010,R8KCNT,R10KCNT,,0.0,leave_behind_not_completed_or_ineligible,less_than_weekly,,,,0.0,,0.0,.l,0
A,210459010,8,2006,10,2010,R8KCNT,R10KCNT,1.0,1.0,weekly,weekly,0.0,maintained_weekly,1.0,1.0,1.0,1.0,1,1
A,210468020,8,2006,10,2010,R8KCNT,R10KCNT,1.0,1.0,weekly,weekly,0.0,maintained_weekly,1.0,1.0,1.0,1.0,1,1
A,210472010,8,2006,10,2010,R8KCNT,R10KCNT,1.0,1.0,weekly,weekly,0.0,maintained_weekly,0.0,1.0,1.0,1.0,1,1
A,210488020,8,2006,10,2010,R8KCNT,R10KCNT,1.0,1.0,weekly,weekly,0.0,maintained_weekly,1.0,1.0,1.0,1.0,1,1
A,210493010,8,2006,10,2010,R8KCNT,R10KCNT,1.0,1.0,weekly,weekly,0.0,maintained_weekly,1.0,1.0,1.0,1.0,1,1
A,210510020,8,2006,10,2010,R8KCNT,R10KCNT,1.0,1.0,weekly,weekly,0.0,maintained_weekly,0.0,1.0,1.0,1.0,1,1
A,210521010,8,2006,10,2010,R8KCNT,R10KCNT,,,no_children,no_children,,,,,,,.k,.k
A,210532010,8,2006,10,2010,R8KCNT,R10KCNT,1.0,1.0,weekly,weekly,0.0,maintained_weekly,0.0,,1.0,1.0,1,1
A,210532020,8,2006,10,2010,R8KCNT,R10KCNT,1.0,1.0,weekly,weekly,0.0,maintained_weekly,0.0,0.0,1.0,1.0,1,1
A,210540010,8,2006,10,2010,R8KCNT,R10KCNT,1.0,1.0,weekly,weekly,0.0,maintained_weekly,1.0,1.0,1.0,1.0,1,1
A,210548010,8,2006,10,2010,R8KCNT,R10KCNT,1.0,,weekly,leave_behind_not_completed_or_ineligible,,,0.0,,1.0,,1,.l
A,210555010,8,2006,10,2010,R8KCNT,R10KCNT,1.0,1.0,weekly,weekly,0.0,maintained_weekly,1.0,0.0,1.0,1.0,1,1
A,210555020,8,2006,10,2010,R8KCNT,R10KCNT,1.0,1.0,weekly,weekly,0.0,maintained_weekly,1.0,0.0,1.0,1.0,1,1
A,210578010,8,2006,10,2010,R8KCNT,R10KCNT,0.0,1.0,less_than_weekly,weekly,1.0,increased_to_weekly,0.0,0.0,0.0,1.0,0,1
A,210598010,8,2006,10,2010,R8KCNT,R10KCNT,,1.0,not_interviewed_or_plain_missing,weekly,,,,1.0,,1.0,.,1
A,210651010,8,2006,10,2010,R8KCNT,R10KCNT,0.0,1.0,less_than_weekly,weekly,1.0,increased_to_weekly,0.0,0.0,0.0,1.0,0,1
A,210651020,8,2006,10,2010,R8KCNT,R10KCNT,1.0,1.0,weekly,weekly,0.0,maintained_weekly,1.0,1.0,1.0,1.0,1,1
A,210679010,8,2006,10,2010,R8KCNT,R10KCNT,1.0,1.0,weekly,weekly,0.0,maintained_weekly,1.0,1.0,1.0,1.0,1,1
A,210679020,8,2006,10,2010,R8KCNT,R10KCNT,1.0,1.0,weekly,weekly,0.0,maintained_weekly,0.0,1.0,1.0,1.0,1,1
A,210685010,8,2006,10,2010,R8KCNT,R10KCNT,1.0,1.0,weekly,weekly,0.0,maintained_weekly,0.0,0.0,1.0,1.0,1,1
A,210685020,8,2006,10,2010,R8KCNT,R10KCNT,1.0,1.0,weekly,weekly,0.0,maintained_weekly,0.0,0.0,1.0,1.0,1,1
A,210690010,8,2006,10,2010,R8KCNT,R10KCNT,1.0,1.0,weekly,weekly,0.0,maintained_weekly,0.0,0.0,1.0,1.0,1,1
A,210719010,8,2006,10,2010,R8KCNT,R10KCNT,1.0,1.0,weekly,weekly,0.0,maintained_weekly,1.0,1.0,1.0,1.0,1,1
A,210720020,8,2006,10,2010,R8KCNT,R10KCNT,1.0,1.0,weekly,weekly,0.0,maintained_weekly,1.0,0.0,1.0,1.0,1,1
A,210725020,8,2006,10,2010,R8KCNT,R10KCNT,1.0,1.0,weekly,weekly,0.0,maintained_weekly,1.0,1.0,1.0,1.0,1,1
A,210760010,8,2006,10,2010,R8KCNT,R10KCNT,1.0,1.0,weekly,weekly,0.0,maintained_weekly,0.0,1.0,1.0,1.0,1,1
A,210768010,8,2006,10,2010,R8KCNT,R10KCNT,0.0,1.0,less_than_weekly,weekly,1.0,increased_to_weekly,0.0,1.0,,1.0,0,1
A,210775020,8,2006,10,2010,R8KCNT,R10KCNT,1.0,1.0,weekly,weekly,0.0,maintained_weekly,1.0,0.0,1.0,1.0,1,1
A,210776010,8,2006,10,2010,R8KCNT,R10KCNT,1.0,1.0,weekly,weekly,0.0,maintained_weekly,1.0,1.0,1.0,1.0,1,1
A,210780010,8,2006,10,2010,R8KCNT,R10KCNT,,,no_children,no_children,,,,,,,.k,.k
A,210800010,8,2006,10,2010,R8KCNT,R10KCNT,1.0,1.0,weekly,weekly,0.0,maintained_weekly,1.0,0.0,1.0,1.0,1,1
A,210802010,8,2006,10,2010,R8KCNT,R10KCNT,1.0,1.0,weekly,weekly,0.0,maintained_weekly,0.0,0.0,1.0,1.0,1,1
A,210805010,8,2006,10,2010,R8KCNT,R10KCNT,,1.0,not_interviewed_or_plain_missing,weekly,,,,0.0,,1.0,.,1
A,210805020,8,2006,10,2010,R8KCNT,R10KCNT,,0.0,no_children,less_than_weekly,,,,0.0,,0.0,.k,0
A,210816010,8,2006,10,2010,R8KCNT,R10KCNT,,1.0,leave_behind_not_completed_or_ineligible,weekly,,,,1.0,,1.0,.l,1
A,210816020,8,2006,10,2010,R8KCNT,R10KCNT,0.0,0.0,less_than_weekly,less_than_weekly,0.0,persistently_below_weekly,0.0,0.0,0.0,0.0,0,0
A,210819010,8,2006,10,2010,R8KCNT,R10KCNT,1.0,1.0,weekly,weekly,0.0,maintained_weekly,0.0,0.0,1.0,1.0,1,1
A,210819020,8,2006,10,2010,R8KCNT,R10KCNT,0.0,0.0,less_than_weekly,less_than_weekly,0.0,persistently_below_weekly,0.0,0.0,0.0,0.0,0,0
A,210842010,8,2006,10,2010,R8KCNT,R10KCNT,1.0,1.0,weekly,weekly,0.0,maintained_weekly,0.0,0.0,1.0,1.0,1,1
A,210843020,8,2006,10,2010,R8KCNT,R10KCNT,1.0,1.0,weekly,weekly,0.0,maintained_weekly,0.0,1.0,1.0,1.0,1,1
A,210852010,8,2006,10,2010,R8KCNT,R10KCNT,1.0,1.0,weekly,weekly,0.0,maintained_weekly,0.0,1.0,1.0,1.0,1,1
A,210867010,8,2006,10,2010,R8KCNT,R10KCNT,0.0,0.0,less_than_weekly,less_than_weekly,0.0,persistently_below_weekly,,0.0,0.0,0.0,0,0
A,210868020,8,2006,10,2010,R8KCNT,R10KCNT,1.0,1.0,weekly,weekly,0.0,maintained_weekly,0.0,0.0,1.0,1.0,1,1
A,210872010,8,2006,10,2010,R8KCNT,R10KCNT,1.0,1.0,weekly,weekly,0.0,maintained_weekly,0.0,0.0,1.0,1.0,1,1
A,210872020,8,2006,10,2010,R8KCNT,R10KCNT,1.0,1.0,weekly,weekly,0.0,maintained_weekly,0.0,0.0,1.0,1.0,1,1
A,210905010,8,2006,10,2010,R8KCNT,R10KCNT,1.0,1.0,weekly,weekly,0.0,maintained_weekly,1.0,,1.0,1.0,1,1
A,210913010,8,2006,10,2010,R8KCNT,R10KCNT,1.0,1.0,weekly,weekly,0.0,maintained_weekly,1.0,1.0,1.0,1.0,1,1
A,210926010,8,2006,10,2010,R8KCNT,R10KCNT,1.0,1.0,weekly,weekly,0.0,maintained_weekly,,1.0,1.0,1.0,1,1
A,210939010,8,2006,10,2010,R8KCNT,R10KCNT,1.0,1.0,weekly,weekly,0.0,maintained_weekly,1.0,,1.0,1.0,1,1
A,210949010,8,2006,10,2010,R8KCNT,R10KCNT,1.0,1.0,weekly,weekly,0.0,maintained_weekly,1.0,1.0,1.0,1.0,1,1
A,210949020,8,2006,10,2010,R8KCNT,R10KCNT,0.0,0.0,less_than_weekly,less_than_weekly,0.0,persistently_below_weekly,0.0,0.0,0.0,0.0,0,0
A,210961010,8,2006,10,2010,R8KCNT,R10KCNT,1.0,1.0,weekly,weekly,0.0,maintained_weekly,1.0,1.0,1.0,1.0,1,1
A,210972010,8,2006,10,2010,R8KCNT,R10KCNT,1.0,1.0,weekly,weekly,0.0,maintained_weekly,1.0,1.0,1.0,1.0,1,1
A,210972020,8,2006,10,2010,R8KCNT,R10KCNT,1.0,1.0,weekly,weekly,0.0,maintained_weekly,1.0,1.0,1.0,1.0,1,1
A,210976020,8,2006,10,2010,R8KCNT,R10KCNT,,1.0,leave_behind_not_completed_or_ineligible,weekly,,,,0.0,,1.0,.l,1
A,210977010,8,2006,10,2010,R8KCNT,R10KCNT,1.0,1.0,weekly,weekly,0.0,maintained_weekly,0.0,0.0,1.0,1.0,1,1
A,210977020,8,2006,10,2010,R8KCNT,R10KCNT,0.0,0.0,less_than_weekly,less_than_weekly,0.0,persistently_below_weekly,0.0,0.0,0.0,0.0,0,0
A,210980010,8,2006,10,2010,R8KCNT,R10KCNT,1.0,1.0,weekly,weekly,0.0,maintained_weekly,,0.0,1.0,1.0,1,1
A,210980020,8,2006,10,2010,R8KCNT,R10KCNT,1.0,1.0,weekly,weekly,0.0,maintained_weekly,0.0,0.0,1.0,1.0,1,1
A,210981010,8,2006,10,2010,R8KCNT,R10KCNT,1.0,1.0,weekly,weekly,0.0,maintained_weekly,0.0,0.0,1.0,1.0,1,1
A,210997010,8,2006,10,2010,R8KCNT,R10KCNT,1.0,1.0,weekly,weekly,0.0,maintained_weekly,1.0,1.0,1.0,0.0,1,1
A,211009010,8,2006,10,2010,R8KCNT,R10KCNT,1.0,1.0,weekly,weekly,0.0,maintained_weekly,1.0,1.0,1.0,1.0,1,1
A,211014020,8,2006,10,2010,R8KCNT,R10KCNT,,1.0,leave_behind_not_completed_or_ineligible,weekly,,,,0.0,,1.0,.l,1
A,211015010,8,2006,10,2010,R8KCNT,R10KCNT,,,no_children,no_children,,,,,,,.k,.k
A,211019020,8,2006,10,2010,R8KCNT,R10KCNT,1.0,1.0,weekly,weekly,0.0,maintained_weekly,1.0,1.0,1.0,1.0,1,1
A,211025020,8,2006,10,2010,R8KCNT,R10KCNT,1.0,1.0,weekly,weekly,0.0,maintained_weekly,0.0,0.0,1.0,1.0,1,1
A,211032010,8,2006,10,2010,R8KCNT,R10KCNT,1.0,1.0,weekly,weekly,0.0,maintained_weekly,1.0,1.0,1.0,1.0,1,1
A,211044010,8,2006,10,2010,R8KCNT,R10KCNT,1.0,1.0,weekly,weekly,0.0,maintained_weekly,0.0,0.0,1.0,1.0,1,1
A,211044020,8,2006,10,2010,R8KCNT,R10KCNT,1.0,1.0,weekly,weekly,0.0,maintained_weekly,1.0,1.0,1.0,1.0,1,1
A,211047020,8,2006,10,2010,R8KCNT,R10KCNT,0.0,0.0,less_than_weekly,less_than_weekly,0.0,persistently_below_weekly,0.0,0.0,0.0,0.0,0,0
A,211066010,8,2006,10,2010,R8KCNT,R10KCNT,1.0,1.0,weekly,weekly,0.0,maintained_weekly,0.0,,1.0,1.0,1,1
A,211066020,8,2006,10,2010,R8KCNT,R10KCNT,1.0,1.0,weekly,weekly,0.0,maintained_weekly,1.0,1.0,1.0,1.0,1,1
A,211071020,8,2006,10,2010,R8KCNT,R10KCNT,1.0,1.0,weekly,weekly,0.0,maintained_weekly,1.0,1.0,1.0,1.0,1,1
A,211072010,8,2006,10,2010,R8KCNT,R10KCNT,1.0,0.0,weekly,less_than_weekly,-1.0,decreased_below_weekly,1.0,0.0,1.0,0.0,1,0
A,211087020,8,2006,10,2010,R8KCNT,R10KCNT,1.0,0.0,weekly,less_than_weekly,-1.0,decreased_below_weekly,0.0,0.0,1.0,,1,0
A,211091010,8,2006,10,2010,R8KCNT,R10KCNT,1.0,1.0,weekly,weekly,0.0,maintained_weekly,1.0,1.0,1.0,1.0,1,1
A,211092010,8,2006,10,2010,R8KCNT,R10KCNT,,,not_interviewed_or_plain_missing,no_children,,,,,,,.,.k
A,211092020,8,2006,10,2010,R8KCNT,R10KCNT,,,not_interviewed_or_plain_missing,no_children,,,,,,,.,.k
A,211096010,8,2006,10,2010,R8KCNT,R10KCNT,,,no_children,no_children,,,,,,,.k,.k
A,211115010,8,2006,10,2010,R8KCNT,R10KCNT,1.0,,weekly,missing_response,,,1.0,,1.0,,1,.m
A,211117010,8,2006,10,2010,R8KCNT,R10KCNT,0.0,0.0,less_than_weekly,less_than_weekly,0.0,persistently_below_weekly,0.0,0.0,0.0,0.0,0,0
A,211117020,8,2006,10,2010,R8KCNT,R10KCNT,1.0,1.0,weekly,weekly,0.0,maintained_weekly,0.0,0.0,1.0,1.0,1,1
A,211128010,8,2006,10,2010,R8KCNT,R10KCNT,1.0,1.0,weekly,weekly,0.0,maintained_weekly,0.0,0.0,1.0,1.0,1,1
A,211129020,8,2006,10,2010,R8KCNT,R10KCNT,1.0,1.0,weekly,weekly,0.0,maintained_weekly,1.0,0.0,1.0,1.0,1,1
A,211145010,8,2006,10,2010,R8KCNT,R10KCNT,,,no_children,no_children,,,,,,,.k,.k
A,211159020,8,2006,10,2010,R8KCNT,R10KCNT,1.0,1.0,weekly,weekly,0.0,maintained_weekly,1.0,1.0,1.0,1.0,1,1
A,211168010,8,2006,10,2010,R8KCNT,R10KCNT,1.0,,weekly,leave_behind_not_completed_or_ineligible,,,0.0,,1.0,,1,.l
A,211182020,8,2006,10,2010,R8KCNT,R10KCNT,1.0,1.0,weekly,weekly,0.0,maintained_weekly,1.0,1.0,1.0,1.0,1,1
A,211184010,8,2006,10,2010,R8KCNT,R10KCNT,1.0,1.0,weekly,weekly,0.0,maintained_weekly,1.0,1.0,1.0,1.0,1,1
A,211194020,8,2006,10,2010,R8KCNT,R10KCNT,1.0,1.0,weekly,weekly,0.0,maintained_weekly,0.0,0.0,1.0,1.0,1,1
A,211195010,8,2006,10,2010,R8KCNT,R10KCNT,1.0,1.0,weekly,weekly,0.0,maintained_weekly,1.0,0.0,1.0,1.0,1,1
A,211198020,8,2006,10,2010,R8KCNT,R10KCNT,1.0,1.0,weekly,weekly,0.0,maintained_weekly,1.0,1.0,1.0,1.0,1,1
A,211206010,8,2006,10,2010,R8KCNT,R10KCNT,1.0,1.0,weekly,weekly,0.0,maintained_weekly,1.0,1.0,1.0,0.0,1,1
A,211211020,8,2006,10,2010,R8KCNT,R10KCNT,1.0,1.0,weekly,weekly,0.0,maintained_weekly,1.0,0.0,1.0,1.0,1,1
A,211212010,8,2006,10,2010,R8KCNT,R10KCNT,1.0,1.0,weekly,weekly,0.0,maintained_weekly,1.0,1.0,1.0,1.0,1,1
A,211229010,8,2006,10,2010,R8KCNT,R10KCNT,,,no_children,no_children,,,,,,,.k,.k
A,211237010,8,2006,10,2010,R8KCNT,R10KCNT,1.0,1.0,weekly,weekly,0.0,maintained_weekly,1.0,0.0,1.0,1.0,1,1
A,211244010,8,2006,10,2010,R8KCNT,R10KCNT,1.0,1.0,weekly,weekly,0.0,maintained_weekly,1.0,0.0,1.0,1.0,1,1
A,211244020,8,2006,10,2010,R8KCNT,R10KCNT,1.0,1.0,weekly,weekly,0.0,maintained_weekly,1.0,1.0,1.0,1.0,1,1
A,211246010,8,2006,10,2010,R8KCNT,R10KCNT,0.0,0.0,less_than_weekly,less_than_weekly,0.0,persistently_below_weekly,,0.0,0.0,0.0,0,0
A,211287010,8,2006,10,2010,R8KCNT,R10KCNT,1.0,1.0,weekly,weekly,0.0,maintained_weekly,1.0,1.0,1.0,1.0,1,1
A,211297020,8,2006,10,2010,R8KCNT,R10KCNT,1.0,1.0,weekly,weekly,0.0,maintained_weekly,1.0,0.0,1.0,1.0,1,1
A,211302020,8,2006,10,2010,R8KCNT,R10KCNT,1.0,1.0,weekly,weekly,0.0,maintained_weekly,1.0,1.0,1.0,1.0,1,1
A,211310010,8,2006,10,2010,R8KCNT,R10KCNT,,,no_children,no_children,,,,,,,.k,.k
A,211314010,8,2006,10,2010,R8KCNT,R10KCNT,1.0,1.0,weekly,weekly,0.0,maintained_weekly,1.0,0.0,1.0,1.0,1,1
A,211317010,8,2006,10,2010,R8KCNT,R10KCNT,1.0,1.0,weekly,weekly,0.0,maintained_weekly,1.0,1.0,1.0,1.0,1,1
A,211317020,8,2006,10,2010,R8KCNT,R10KCNT,1.0,1.0,weekly,weekly,0.0,maintained_weekly,0.0,1.0,1.0,1.0,1,1
A,211321020,8,2006,10,2010,R8KCNT,R10KCNT,1.0,1.0,weekly,weekly,0.0,maintained_weekly,0.0,0.0,1.0,1.0,1,1
A,211325010,8,2006,10,2010,R8KCNT,R10KCNT,1.0,1.0,weekly,weekly,0.0,maintained_weekly,0.0,0.0,1.0,1.0,1,1
A,211325020,8,2006,10,2010,R8KCNT,R10KCNT,1.0,1.0,weekly,weekly,0.0,maintained_weekly,0.0,1.0,1.0,1.0,1,1
A,211326010,8,2006,10,2010,R8KCNT,R10KCNT,0.0,1.0,less_than_weekly,weekly,1.0,increased_to_weekly,0.0,0.0,0.0,1.0,0,1
A,211367010,8,2006,10,2010,R8KCNT,R10KCNT,1.0,1.0,weekly,weekly,0.0,maintained_weekly,0.0,0.0,1.0,1.0,1,1
A,211367020,8,2006,10,2010,R8KCNT,R10KCNT,1.0,1.0,weekly,weekly,0.0,maintained_weekly,0.0,1.0,1.0,1.0,1,1
A,211369010,8,2006,10,2010,R8KCNT,R10KCNT,1.0,1.0,weekly,weekly,0.0,maintained_weekly,1.0,1.0,1.0,1.0,1,1
A,211370010,8,2006,10,2010,R8KCNT,R10KCNT,1.0,0.0,weekly,less_than_weekly,-1.0,decreased_below_weekly,0.0,0.0,1.0,0.0,1,0
A,211370020,8,2006,10,2010,R8KCNT,R10KCNT,1.0,1.0,weekly,weekly,0.0,maintained_weekly,1.0,1.0,1.0,1.0,1,1
A,211372020,8,2006,10,2010,R8KCNT,R10KCNT,1.0,1.0,weekly,weekly,0.0,maintained_weekly,0.0,0.0,1.0,1.0,1,1
A,211376010,8,2006,10,2010,R8KCNT,R10KCNT,1.0,1.0,weekly,weekly,0.0,maintained_weekly,1.0,0.0,1.0,1.0,1,1
A,211376020,8,2006,10,2010,R8KCNT,R10KCNT,1.0,1.0,weekly,weekly,0.0,maintained_weekly,0.0,0.0,1.0,1.0,1,1
A,211382010,8,2006,10,2010,R8KCNT,R10KCNT,1.0,0.0,weekly,less_than_weekly,-1.0,decreased_below_weekly,0.0,0.0,1.0,0.0,1,0
A,211382011,8,2006,10,2010,R8KCNT,R10KCNT,0.0,,less_than_weekly,no_children,,,0.0,,0.0,,0,.k
A,211386010,8,2006,10,2010,R8KCNT,R10KCNT,0.0,0.0,less_than_weekly,less_than_weekly,0.0,persistently_below_weekly,,0.0,0.0,0.0,0,0
A,211391010,8,2006,10,2010,R8KCNT,R10KCNT,1.0,0.0,weekly,less_than_weekly,-1.0,decreased_below_weekly,1.0,0.0,1.0,0.0,1,0
A,211400020,8,2006,10,2010,R8KCNT,R10KCNT,1.0,1.0,weekly,weekly,0.0,maintained_weekly,1.0,1.0,1.0,1.0,1,1
A,211411010,8,2006,10,2010,R8KCNT,R10KCNT,1.0,1.0,weekly,weekly,0.0,maintained_weekly,1.0,1.0,1.0,1.0,1,1
A,211418010,8,2006,10,2010,R8KCNT,R10KCNT,1.0,1.0,weekly,weekly,0.0,maintained_weekly,,0.0,1.0,1.0,1,1
A,211419010,8,2006,10,2010,R8KCNT,R10KCNT,1.0,1.0,weekly,weekly,0.0,maintained_weekly,1.0,1.0,1.0,1.0,1,1
A,211425010,8,2006,10,2010,R8KCNT,R10KCNT,0.0,0.0,less_than_weekly,less_than_weekly,0.0,persistently_below_weekly,0.0,0.0,0.0,0.0,0,0
A,211425020,8,2006,10,2010,R8KCNT,R10KCNT,1.0,,weekly,missing_response,,,0.0,,1.0,,1,.m
A,211429010,8,2006,10,2010,R8KCNT,R10KCNT,1.0,,weekly,leave_behind_not_completed_or_ineligible,,,1.0,,1.0,,1,.l
A,211439010,8,2006,10,2010,R8KCNT,R10KCNT,1.0,1.0,weekly,weekly,0.0,maintained_weekly,1.0,0.0,1.0,1.0,1,1
A,211440010,8,2006,10,2010,R8KCNT,R10KCNT,1.0,1.0,weekly,weekly,0.0,maintained_weekly,0.0,0.0,1.0,1.0,1,1
A,211440020,8,2006,10,2010,R8KCNT,R10KCNT,0.0,1.0,less_than_weekly,weekly,1.0,increased_to_weekly,0.0,0.0,0.0,1.0,0,1
A,211459020,8,2006,10,2010,R8KCNT,R10KCNT,1.0,1.0,weekly,weekly,0.0,maintained_weekly,0.0,0.0,1.0,1.0,1,1
A,211462010,8,2006,10,2010,R8KCNT,R10KCNT,1.0,0.0,weekly,less_than_weekly,-1.0,decreased_below_weekly,0.0,0.0,1.0,0.0,1,0
A,211462020,8,2006,10,2010,R8KCNT,R10KCNT,1.0,1.0,weekly,weekly,0.0,maintained_weekly,1.0,0.0,1.0,1.0,1,1
A,211464010,8,2006,10,2010,R8KCNT,R10KCNT,1.0,1.0,weekly,weekly,0.0,maintained_weekly,0.0,0.0,1.0,1.0,1,1
A,211471020,8,2006,10,2010,R8KCNT,R10KCNT,1.0,1.0,weekly,weekly,0.0,maintained_weekly,0.0,1.0,1.0,1.0,1,1
A,211479020,8,2006,10,2010,R8KCNT,R10KCNT,0.0,0.0,less_than_weekly,less_than_weekly,0.0,persistently_below_weekly,0.0,0.0,0.0,0.0,0,0
A,211482010,8,2006,10,2010,R8KCNT,R10KCNT,1.0,1.0,weekly,weekly,0.0,maintained_weekly,0.0,1.0,1.0,1.0,1,1
A,211482020,8,2006,10,2010,R8KCNT,R10KCNT,1.0,1.0,weekly,weekly,0.0,maintained_weekly,0.0,1.0,1.0,1.0,1,1
A,211493020,8,2006,10,2010,R8KCNT,R10KCNT,1.0,1.0,weekly,weekly,0.0,maintained_weekly,1.0,1.0,1.0,1.0,1,1
A,211494010,8,2006,10,2010,R8KCNT,R10KCNT,1.0,1.0,weekly,weekly,0.0,maintained_weekly,1.0,1.0,1.0,1.0,1,1
A,211503010,8,2006,10,2010,R8KCNT,R10KCNT,,,no_children,no_children,,,,,,,.k,.k
A,211505010,8,2006,10,2010,R8KCNT,R10KCNT,1.0,1.0,weekly,weekly,0.0,maintained_weekly,1.0,1.0,1.0,1.0,1,1
A,211507010,8,2006,10,2010,R8KCNT,R10KCNT,,0.0,missing_response,less_than_weekly,,,,0.0,,0.0,.m,0
A,211507020,8,2006,10,2010,R8KCNT,R10KCNT,0.0,1.0,less_than_weekly,weekly,1.0,increased_to_weekly,,1.0,0.0,0.0,0,1
A,211511020,8,2006,10,2010,R8KCNT,R10KCNT,1.0,1.0,weekly,weekly,0.0,maintained_weekly,1.0,0.0,1.0,1.0,1,1
A,211514010,8,2006,10,2010,R8KCNT,R10KCNT,1.0,1.0,weekly,weekly,0.0,maintained_weekly,1.0,1.0,1.0,1.0,1,1
A,211517010,8,2006,10,2010,R8KCNT,R10KCNT,1.0,1.0,weekly,weekly,0.0,maintained_weekly,0.0,0.0,1.0,1.0,1,1
A,211517020,8,2006,10,2010,R8KCNT,R10KCNT,1.0,1.0,weekly,weekly,0.0,maintained_weekly,0.0,0.0,1.0,1.0,1,1
A,211523010,8,2006,10,2010,R8KCNT,R10KCNT,1.0,1.0,weekly,weekly,0.0,maintained_weekly,0.0,0.0,1.0,1.0,1,1
A,211523020,8,2006,10,2010,R8KCNT,R10KCNT,0.0,1.0,less_than_weekly,weekly,1.0,increased_to_weekly,0.0,0.0,0.0,1.0,0,1
A,211537010,8,2006,10,2010,R8KCNT,R10KCNT,1.0,1.0,weekly,weekly,0.0,maintained_weekly,0.0,0.0,1.0,1.0,1,1
A,211537020,8,2006,10,2010,R8KCNT,R10KCNT,0.0,1.0,less_than_weekly,weekly,1.0,increased_to_weekly,0.0,0.0,0.0,1.0,0,1
A,211544010,8,2006,10,2010,R8KCNT,R10KCNT,1.0,1.0,weekly,weekly,0.0,maintained_weekly,0.0,0.0,1.0,1.0,1,1
A,211558010,8,2006,10,2010,R8KCNT,R10KCNT,1.0,1.0,weekly,weekly,0.0,maintained_weekly,1.0,1.0,1.0,1.0,1,1
A,211568010,8,2006,10,2010,R8KCNT,R10KCNT,,,no_children,no_children,,,,,,,.k,.k
A,211568020,8,2006,10,2010,R8KCNT,R10KCNT,,,no_children,no_children,,,,,,,.k,.k
A,211586010,8,2006,10,2010,R8KCNT,R10KCNT,1.0,1.0,weekly,weekly,0.0,maintained_weekly,1.0,1.0,1.0,1.0,1,1
A,211586020,8,2006,10,2010,R8KCNT,R10KCNT,1.0,1.0,weekly,weekly,0.0,maintained_weekly,1.0,1.0,1.0,1.0,1,1
A,211602010,8,2006,10,2010,R8KCNT,R10KCNT,1.0,1.0,weekly,weekly,0.0,maintained_weekly,1.0,1.0,1.0,1.0,1,1
A,211607010,8,2006,10,2010,R8KCNT,R10KCNT,1.0,1.0,weekly,weekly,0.0,maintained_weekly,1.0,1.0,1.0,1.0,1,1
A,211607020,8,2006,10,2010,R8KCNT,R10KCNT,1.0,1.0,weekly,weekly,0.0,maintained_weekly,1.0,1.0,1.0,1.0,1,1
A,211614020,8,2006,10,2010,R8KCNT,R10KCNT,1.0,0.0,weekly,less_than_weekly,-1.0,decreased_below_weekly,0.0,0.0,1.0,0.0,1,0
A,211616010,8,2006,10,2010,R8KCNT,R10KCNT,1.0,1.0,weekly,weekly,0.0,maintained_weekly,0.0,0.0,1.0,1.0,1,1
A,211616020,8,2006,10,2010,R8KCNT,R10KCNT,1.0,1.0,weekly,weekly,0.0,maintained_weekly,0.0,0.0,1.0,1.0,1,1
A,211632010,8,2006,10,2010,R8KCNT,R10KCNT,,,no_children,no_children,,,,,,,.k,.k
A,211650020,8,2006,10,2010,R8KCNT,R10KCNT,1.0,1.0,weekly,weekly,0.0,maintained_weekly,0.0,0.0,1.0,1.0,1,1
A,211657010,8,2006,10,2010,R8KCNT,R10KCNT,1.0,1.0,weekly,weekly,0.0,maintained_weekly,1.0,0.0,1.0,1.0,1,1
A,211659010,8,2006,10,2010,R8KCNT,R10KCNT,,,no_children,no_children,,,,,,,.k,.k
A,211667010,8,2006,10,2010,R8KCNT,R10KCNT,0.0,0.0,less_than_weekly,less_than_weekly,0.0,persistently_below_weekly,0.0,0.0,0.0,0.0,0,0
A,211691010,8,2006,10,2010,R8KCNT,R10KCNT,1.0,1.0,weekly,weekly,0.0,maintained_weekly,1.0,1.0,1.0,1.0,1,1
A,211692010,8,2006,10,2010,R8KCNT,R10KCNT,1.0,1.0,weekly,weekly,0.0,maintained_weekly,0.0,1.0,1.0,1.0,1,1
A,211692020,8,2006,10,2010,R8KCNT,R10KCNT,1.0,1.0,weekly,weekly,0.0,maintained_weekly,0.0,0.0,1.0,1.0,1,1
A,211699020,8,2006,10,2010,R8KCNT,R10KCNT,1.0,,weekly,leave_behind_not_completed_or_ineligible,,,1.0,,1.0,,1,.l
A,211714010,8,2006,10,2010,R8KCNT,R10KCNT,0.0,1.0,less_than_weekly,weekly,1.0,increased_to_weekly,0.0,,0.0,1.0,0,1
A,211747010,8,2006,10,2010,R8KCNT,R10KCNT,1.0,1.0,weekly,weekly,0.0,maintained_weekly,0.0,0.0,1.0,1.0,1,1
A,211747020,8,2006,10,2010,R8KCNT,R10KCNT,1.0,0.0,weekly,less_than_weekly,-1.0,decreased_below_weekly,0.0,0.0,1.0,0.0,1,0
A,211759010,8,2006,10,2010,R8KCNT,R10KCNT,1.0,1.0,weekly,weekly,0.0,maintained_weekly,0.0,1.0,1.0,1.0,1,1
A,211762011,8,2006,10,2010,R8KCNT,R10KCNT,1.0,1.0,weekly,weekly,0.0,maintained_weekly,1.0,0.0,1.0,1.0,1,1
A,211763010,8,2006,10,2010,R8KCNT,R10KCNT,1.0,0.0,weekly,less_than_weekly,-1.0,decreased_below_weekly,0.0,0.0,1.0,0.0,1,0
A,211778010,8,2006,10,2010,R8KCNT,R10KCNT,,,no_children,no_children,,,,,,,.k,.k
A,211778020,8,2006,10,2010,R8KCNT,R10KCNT,,,no_children,no_children,,,,,,,.k,.k
A,211792010,8,2006,10,2010,R8KCNT,R10KCNT,1.0,1.0,weekly,weekly,0.0,maintained_weekly,1.0,1.0,1.0,1.0,1,1
A,211792020,8,2006,10,2010,R8KCNT,R10KCNT,0.0,0.0,less_than_weekly,less_than_weekly,0.0,persistently_below_weekly,0.0,0.0,0.0,0.0,0,0
A,211803010,8,2006,10,2010,R8KCNT,R10KCNT,,0.0,leave_behind_not_completed_or_ineligible,less_than_weekly,,,,0.0,,0.0,.l,0
A,211814010,8,2006,10,2010,R8KCNT,R10KCNT,0.0,0.0,less_than_weekly,less_than_weekly,0.0,persistently_below_weekly,0.0,0.0,0.0,0.0,0,0
A,211814020,8,2006,10,2010,R8KCNT,R10KCNT,1.0,0.0,weekly,less_than_weekly,-1.0,decreased_below_weekly,1.0,0.0,1.0,0.0,1,0
A,211827020,8,2006,10,2010,R8KCNT,R10KCNT,1.0,1.0,weekly,weekly,0.0,maintained_weekly,1.0,1.0,1.0,1.0,1,1
A,211836020,8,2006,10,2010,R8KCNT,R10KCNT,1.0,1.0,weekly,weekly,0.0,maintained_weekly,0.0,1.0,1.0,1.0,1,1
A,211842010,8,2006,10,2010,R8KCNT,R10KCNT,,,no_children,no_children,,,,,,,.k,.k
A,211865010,8,2006,10,2010,R8KCNT,R10KCNT,1.0,1.0,weekly,weekly,0.0,maintained_weekly,1.0,1.0,1.0,1.0,1,1
A,211881010,8,2006,10,2010,R8KCNT,R10KCNT,0.0,0.0,less_than_weekly,less_than_weekly,0.0,persistently_below_weekly,0.0,0.0,0.0,0.0,0,0
A,211881011,8,2006,10,2010,R8KCNT,R10KCNT,1.0,1.0,weekly,weekly,0.0,maintained_weekly,0.0,0.0,1.0,1.0,1,1
A,211887010,8,2006,10,2010,R8KCNT,R10KCNT,0.0,0.0,less_than_weekly,less_than_weekly,0.0,persistently_below_weekly,0.0,0.0,0.0,0.0,0,0
A,211887020,8,2006,10,2010,R8KCNT,R10KCNT,1.0,1.0,weekly,weekly,0.0,maintained_weekly,0.0,0.0,1.0,1.0,1,1
A,211889020,8,2006,10,2010,R8KCNT,R10KCNT,,1.0,no_children,weekly,,,,0.0,,1.0,.k,1
A,211890010,8,2006,10,2010,R8KCNT,R10KCNT,0.0,0.0,less_than_weekly,less_than_weekly,0.0,persistently_below_weekly,0.0,0.0,0.0,0.0,0,0
A,211890020,8,2006,10,2010,R8KCNT,R10KCNT,0.0,0.0,less_than_weekly,less_than_weekly,0.0,persistently_below_weekly,0.0,0.0,0.0,0.0,0,0
A,211893010,8,2006,10,2010,R8KCNT,R10KCNT,1.0,1.0,weekly,weekly,0.0,maintained_weekly,0.0,1.0,1.0,1.0,1,1
A,211897010,8,2006,10,2010,R8KCNT,R10KCNT,,,missing_response,no_children,,,,,,,.m,.k
A,211908010,8,2006,10,2010,R8KCNT,R10KCNT,1.0,1.0,weekly,weekly,0.0,maintained_weekly,,1.0,1.0,1.0,1,1
A,211908011,8,2006,10,2010,R8KCNT,R10KCNT,0.0,0.0,less_than_weekly,less_than_weekly,0.0,persistently_below_weekly,0.0,0.0,0.0,0.0,0,0
A,211910011,8,2006,10,2010,R8KCNT,R10KCNT,1.0,1.0,weekly,weekly,0.0,maintained_weekly,0.0,0.0,1.0,1.0,1,1
A,211911010,8,2006,10,2010,R8KCNT,R10KCNT,1.0,1.0,weekly,weekly,0.0,maintained_weekly,1.0,0.0,1.0,1.0,1,1
A,211911020,8,2006,10,2010,R8KCNT,R10KCNT,1.0,1.0,weekly,weekly,0.0,maintained_weekly,0.0,0.0,1.0,1.0,1,1
A,211912010,8,2006,10,2010,R8KCNT,R10KCNT,1.0,1.0,weekly,weekly,0.0,maintained_weekly,0.0,1.0,1.0,1.0,1,1
A,211912020,8,2006,10,2010,R8KCNT,R10KCNT,1.0,1.0,weekly,weekly,0.0,maintained_weekly,0.0,1.0,1.0,1.0,1,1
A,211914010,8,2006,10,2010,R8KCNT,R10KCNT,1.0,1.0,weekly,weekly,0.0,maintained_weekly,0.0,0.0,1.0,1.0,1,1
A,211919010,8,2006,10,2010,R8KCNT,R10KCNT,1.0,,weekly,leave_behind_not_completed_or_ineligible,,,0.0,,1.0,,1,.l
A,211932020,8,2006,10,2010,R8KCNT,R10KCNT,1.0,1.0,weekly,weekly,0.0,maintained_weekly,0.0,0.0,1.0,1.0,1,1
A,211936010,8,2006,10,2010,R8KCNT,R10KCNT,1.0,1.0,weekly,weekly,0.0,maintained_weekly,0.0,0.0,1.0,1.0,1,1
A,211936020,8,2006,10,2010,R8KCNT,R10KCNT,1.0,1.0,weekly,weekly,0.0,maintained_weekly,0.0,0.0,1.0,1.0,1,1
A,211944010,8,2006,10,2010,R8KCNT,R10KCNT,0.0,1.0,less_than_weekly,weekly,1.0,increased_to_weekly,0.0,0.0,0.0,1.0,0,1
A,211970010,8,2006,10,2010,R8KCNT,R10KCNT,1.0,1.0,weekly,weekly,0.0,maintained_weekly,0.0,0.0,1.0,1.0,1,1
A,211970020,8,2006,10,2010,R8KCNT,R10KCNT,1.0,1.0,weekly,weekly,0.0,maintained_weekly,0.0,1.0,1.0,1.0,1,1
A,211974010,8,2006,10,2010,R8KCNT,R10KCNT,0.0,1.0,less_than_weekly,weekly,1.0,increased_to_weekly,0.0,0.0,,1.0,0,1
A,211983010,8,2006,10,2010,R8KCNT,R10KCNT,0.0,1.0,less_than_weekly,weekly,1.0,increased_to_weekly,0.0,1.0,0.0,1.0,0,1
A,211986020,8,2006,10,2010,R8KCNT,R10KCNT,1.0,1.0,weekly,weekly,0.0,maintained_weekly,1.0,0.0,1.0,1.0,1,1
A,211995010,8,2006,10,2010,R8KCNT,R10KCNT,1.0,1.0,weekly,weekly,0.0,maintained_weekly,0.0,0.0,1.0,1.0,1,1
A,211995020,8,2006,10,2010,R8KCNT,R10KCNT,1.0,1.0,weekly,weekly,0.0,maintained_weekly,1.0,1.0,1.0,1.0,1,1
A,211996010,8,2006,10,2010,R8KCNT,R10KCNT,1.0,1.0,weekly,weekly,0.0,maintained_weekly,0.0,1.0,1.0,1.0,1,1
A,211997010,8,2006,10,2010,R8KCNT,R10KCNT,1.0,1.0,weekly,weekly,0.0,maintained_weekly,0.0,0.0,1.0,1.0,1,1
A,212000010,8,2006,10,2010,R8KCNT,R10KCNT,1.0,1.0,weekly,weekly,0.0,maintained_weekly,1.0,0.0,1.0,1.0,1,1
A,212000020,8,2006,10,2010,R8KCNT,R10KCNT,1.0,1.0,weekly,weekly,0.0,maintained_weekly,0.0,0.0,1.0,1.0,1,1
A,212031020,8,2006,10,2010,R8KCNT,R10KCNT,1.0,1.0,weekly,weekly,0.0,maintained_weekly,1.0,0.0,1.0,1.0,1,1
A,212033010,8,2006,10,2010,R8KCNT,R10KCNT,1.0,1.0,weekly,weekly,0.0,maintained_weekly,1.0,1.0,1.0,1.0,1,1
A,212033020,8,2006,10,2010,R8KCNT,R10KCNT,1.0,1.0,weekly,weekly,0.0,maintained_weekly,1.0,1.0,1.0,1.0,1,1
A,212037020,8,2006,10,2010,R8KCNT,R10KCNT,1.0,1.0,weekly,weekly,0.0,maintained_weekly,1.0,1.0,1.0,1.0,1,1
A,212044010,8,2006,10,2010,R8KCNT,R10KCNT,1.0,1.0,weekly,weekly,0.0,maintained_weekly,1.0,1.0,1.0,1.0,1,1
A,212059010,8,2006,10,2010,R8KCNT,R10KCNT,,,no_children,no_children,,,,,,,.k,.k
A,212080010,8,2006,10,2010,R8KCNT,R10KCNT,1.0,1.0,weekly,weekly,0.0,maintained_weekly,0.0,0.0,1.0,1.0,1,1
A,212083010,8,2006,10,2010,R8KCNT,R10KCNT,1.0,1.0,weekly,weekly,0.0,maintained_weekly,1.0,1.0,1.0,1.0,1,1
A,212096010,8,2006,10,2010,R8KCNT,R10KCNT,1.0,1.0,weekly,weekly,0.0,maintained_weekly,1.0,1.0,1.0,1.0,1,1
A,212109010,8,2006,10,2010,R8KCNT,R10KCNT,1.0,1.0,weekly,weekly,0.0,maintained_weekly,0.0,1.0,1.0,1.0,1,1
A,212109020,8,2006,10,2010,R8KCNT,R10KCNT,1.0,1.0,weekly,weekly,0.0,maintained_weekly,1.0,1.0,1.0,1.0,1,1
A,212115010,8,2006,10,2010,R8KCNT,R10KCNT,1.0,1.0,weekly,weekly,0.0,maintained_weekly,1.0,1.0,1.0,1.0,1,1
A,212115020,8,2006,10,2010,R8KCNT,R10KCNT,,1.0,missing_response,weekly,,,,0.0,,1.0,.m,1
A,212117010,8,2006,10,2010,R8KCNT,R10KCNT,1.0,1.0,weekly,weekly,0.0,maintained_weekly,0.0,,1.0,1.0,1,1
A,212139020,8,2006,10,2010,R8KCNT,R10KCNT,1.0,1.0,weekly,weekly,0.0,maintained_weekly,1.0,1.0,1.0,1.0,1,1
A,212166010,8,2006,10,2010,R8KCNT,R10KCNT,1.0,1.0,weekly,weekly,0.0,maintained_weekly,0.0,1.0,1.0,1.0,1,1
A,212166020,8,2006,10,2010,R8KCNT,R10KCNT,1.0,1.0,weekly,weekly,0.0,maintained_weekly,0.0,0.0,1.0,1.0,1,1
A,212170010,8,2006,10,2010,R8KCNT,R10KCNT,1.0,,weekly,not_interviewed_or_plain_missing,,,0.0,,1.0,,1,.
A,212170020,8,2006,10,2010,R8KCNT,R10KCNT,1.0,,weekly,not_interviewed_or_plain_missing,,,1.0,,1.0,,1,.
A,212181010,8,2006,10,2010,R8KCNT,R10KCNT,1.0,1.0,weekly,weekly,0.0,maintained_weekly,0.0,0.0,1.0,1.0,1,1
A,212182010,8,2006,10,2010,R8KCNT,R10KCNT,1.0,1.0,weekly,weekly,0.0,maintained_weekly,1.0,1.0,1.0,1.0,1,1
A,212197010,8,2006,10,2010,R8KCNT,R10KCNT,1.0,1.0,weekly,weekly,0.0,maintained_weekly,0.0,1.0,1.0,1.0,1,1
A,212200010,8,2006,10,2010,R8KCNT,R10KCNT,0.0,0.0,less_than_weekly,less_than_weekly,0.0,persistently_below_weekly,0.0,0.0,0.0,0.0,0,0
A,212200020,8,2006,10,2010,R8KCNT,R10KCNT,1.0,1.0,weekly,weekly,0.0,maintained_weekly,0.0,0.0,1.0,1.0,1,1
A,212203010,8,2006,10,2010,R8KCNT,R10KCNT,1.0,1.0,weekly,weekly,0.0,maintained_weekly,0.0,0.0,1.0,1.0,1,1
A,212223010,8,2006,10,2010,R8KCNT,R10KCNT,1.0,,weekly,leave_behind_not_completed_or_ineligible,,,1.0,,1.0,,1,.l
A,212226010,8,2006,10,2010,R8KCNT,R10KCNT,0.0,0.0,less_than_weekly,less_than_weekly,0.0,persistently_below_weekly,0.0,0.0,0.0,0.0,0,0
A,212252010,8,2006,10,2010,R8KCNT,R10KCNT,1.0,1.0,weekly,weekly,0.0,maintained_weekly,1.0,0.0,1.0,1.0,1,1
A,212253010,8,2006,10,2010,R8KCNT,R10KCNT,1.0,0.0,weekly,less_than_weekly,-1.0,decreased_below_weekly,0.0,0.0,1.0,0.0,1,0
A,212253020,8,2006,10,2010,R8KCNT,R10KCNT,1.0,1.0,weekly,weekly,0.0,maintained_weekly,0.0,1.0,1.0,1.0,1,1
A,212254020,8,2006,10,2010,R8KCNT,R10KCNT,0.0,1.0,less_than_weekly,weekly,1.0,increased_to_weekly,0.0,1.0,0.0,1.0,0,1
A,212255010,8,2006,10,2010,R8KCNT,R10KCNT,1.0,1.0,weekly,weekly,0.0,maintained_weekly,0.0,0.0,1.0,1.0,1,1
A,212261010,8,2006,10,2010,R8KCNT,R10KCNT,1.0,1.0,weekly,weekly,0.0,maintained_weekly,1.0,,1.0,1.0,1,1
A,212266010,8,2006,10,2010,R8KCNT,R10KCNT,1.0,1.0,weekly,weekly,0.0,maintained_weekly,1.0,0.0,1.0,1.0,1,1
A,212279010,8,2006,10,2010,R8KCNT,R10KCNT,1.0,1.0,weekly,weekly,0.0,maintained_weekly,1.0,1.0,1.0,1.0,1,1
A,212279020,8,2006,10,2010,R8KCNT,R10KCNT,1.0,1.0,weekly,weekly,0.0,maintained_weekly,1.0,1.0,1.0,1.0,1,1
A,212282020,8,2006,10,2010,R8KCNT,R10KCNT,1.0,1.0,weekly,weekly,0.0,maintained_weekly,1.0,0.0,1.0,1.0,1,1
A,212292010,8,2006,10,2010,R8KCNT,R10KCNT,1.0,1.0,weekly,weekly,0.0,maintained_weekly,1.0,1.0,1.0,1.0,1,1
A,212292020,8,2006,10,2010,R8KCNT,R10KCNT,1.0,0.0,weekly,less_than_weekly,-1.0,decreased_below_weekly,1.0,0.0,0.0,0.0,1,0
A,212299010,8,2006,10,2010,R8KCNT,R10KCNT,1.0,1.0,weekly,weekly,0.0,maintained_weekly,1.0,0.0,1.0,1.0,1,1
A,212299020,8,2006,10,2010,R8KCNT,R10KCNT,1.0,1.0,weekly,weekly,0.0,maintained_weekly,1.0,1.0,1.0,1.0,1,1
A,212302010,8,2006,10,2010,R8KCNT,R10KCNT,1.0,1.0,weekly,weekly,0.0,maintained_weekly,1.0,,1.0,1.0,1,1
A,212304010,8,2006,10,2010,R8KCNT,R10KCNT,1.0,1.0,weekly,weekly,0.0,maintained_weekly,1.0,1.0,1.0,1.0,1,1
A,212361010,8,2006,10,2010,R8KCNT,R10KCNT,1.0,,weekly,leave_behind_not_completed_or_ineligible,,,0.0,,1.0,,1,.l
A,212361020,8,2006,10,2010,R8KCNT,R10KCNT,1.0,,weekly,leave_behind_not_completed_or_ineligible,,,0.0,,1.0,,1,.l
A,212370010,8,2006,10,2010,R8KCNT,R10KCNT,1.0,1.0,weekly,weekly,0.0,maintained_weekly,0.0,0.0,1.0,1.0,1,1
A,212370020,8,2006,10,2010,R8KCNT,R10KCNT,1.0,1.0,weekly,weekly,0.0,maintained_weekly,0.0,0.0,1.0,1.0,1,1
A,212378020,8,2006,10,2010,R8KCNT,R10KCNT,1.0,1.0,weekly,weekly,0.0,maintained_weekly,1.0,1.0,1.0,1.0,1,1
A,212383010,8,2006,10,2010,R8KCNT,R10KCNT,1.0,0.0,weekly,less_than_weekly,-1.0,decreased_below_weekly,0.0,0.0,1.0,0.0,1,0
A,212389010,8,2006,10,2010,R8KCNT,R10KCNT,1.0,1.0,weekly,weekly,0.0,maintained_weekly,1.0,1.0,1.0,1.0,1,1
A,212394010,8,2006,10,2010,R8KCNT,R10KCNT,1.0,1.0,weekly,weekly,0.0,maintained_weekly,1.0,0.0,1.0,1.0,1,1
A,212411010,8,2006,10,2010,R8KCNT,R10KCNT,1.0,1.0,weekly,weekly,0.0,maintained_weekly,1.0,0.0,1.0,1.0,1,1
A,212411020,8,2006,10,2010,R8KCNT,R10KCNT,1.0,1.0,weekly,weekly,0.0,maintained_weekly,1.0,0.0,1.0,1.0,1,1
A,212417010,8,2006,10,2010,R8KCNT,R10KCNT,1.0,1.0,weekly,weekly,0.0,maintained_weekly,0.0,,1.0,1.0,1,1
A,212421020,8,2006,10,2010,R8KCNT,R10KCNT,0.0,0.0,less_than_weekly,less_than_weekly,0.0,persistently_below_weekly,0.0,0.0,0.0,0.0,0,0
A,212445010,8,2006,10,2010,R8KCNT,R10KCNT,1.0,1.0,weekly,weekly,0.0,maintained_weekly,1.0,1.0,1.0,1.0,1,1
A,212445020,8,2006,10,2010,R8KCNT,R10KCNT,0.0,0.0,less_than_weekly,less_than_weekly,0.0,persistently_below_weekly,0.0,0.0,0.0,0.0,0,0
A,212453020,8,2006,10,2010,R8KCNT,R10KCNT,1.0,1.0,weekly,weekly,0.0,maintained_weekly,0.0,1.0,1.0,1.0,1,1
A,212456010,8,2006,10,2010,R8KCNT,R10KCNT,1.0,1.0,weekly,weekly,0.0,maintained_weekly,0.0,0.0,1.0,1.0,1,1
A,212456011,8,2006,10,2010,R8KCNT,R10KCNT,,,no_children,no_children,,,,,,,.k,.k
A,212466020,8,2006,10,2010,R8KCNT,R10KCNT,1.0,1.0,weekly,weekly,0.0,maintained_weekly,1.0,1.0,1.0,1.0,1,1
A,212486010,8,2006,10,2010,R8KCNT,R10KCNT,1.0,1.0,weekly,weekly,0.0,maintained_weekly,0.0,0.0,1.0,1.0,1,1
A,212499010,8,2006,10,2010,R8KCNT,R10KCNT,1.0,1.0,weekly,weekly,0.0,maintained_weekly,0.0,0.0,1.0,1.0,1,1
A,212499020,8,2006,10,2010,R8KCNT,R10KCNT,0.0,0.0,less_than_weekly,less_than_weekly,0.0,persistently_below_weekly,0.0,0.0,0.0,0.0,0,0
A,212501010,8,2006,10,2010,R8KCNT,R10KCNT,0.0,1.0,less_than_weekly,weekly,1.0,increased_to_weekly,0.0,0.0,0.0,1.0,0,1
A,212501020,8,2006,10,2010,R8KCNT,R10KCNT,0.0,1.0,less_than_weekly,weekly,1.0,increased_to_weekly,0.0,0.0,0.0,1.0,0,1
A,212515020,8,2006,10,2010,R8KCNT,R10KCNT,1.0,,weekly,missing_response,,,1.0,,1.0,,1,.m
A,212517010,8,2006,10,2010,R8KCNT,R10KCNT,1.0,0.0,weekly,less_than_weekly,-1.0,decreased_below_weekly,0.0,0.0,1.0,0.0,1,0
A,212562010,8,2006,10,2010,R8KCNT,R10KCNT,1.0,1.0,weekly,weekly,0.0,maintained_weekly,1.0,1.0,1.0,1.0,1,1
A,212566010,8,2006,10,2010,R8KCNT,R10KCNT,1.0,0.0,weekly,less_than_weekly,-1.0,decreased_below_weekly,0.0,0.0,1.0,0.0,1,0
A,212567010,8,2006,10,2010,R8KCNT,R10KCNT,1.0,1.0,weekly,weekly,0.0,maintained_weekly,0.0,0.0,1.0,1.0,1,1
A,212568010,8,2006,10,2010,R8KCNT,R10KCNT,0.0,0.0,less_than_weekly,less_than_weekly,0.0,persistently_below_weekly,0.0,0.0,0.0,0.0,0,0
A,212570020,8,2006,10,2010,R8KCNT,R10KCNT,1.0,1.0,weekly,weekly,0.0,maintained_weekly,0.0,1.0,1.0,1.0,1,1
A,212572010,8,2006,10,2010,R8KCNT,R10KCNT,1.0,1.0,weekly,weekly,0.0,maintained_weekly,1.0,0.0,1.0,1.0,1,1
A,212578010,8,2006,10,2010,R8KCNT,R10KCNT,1.0,1.0,weekly,weekly,0.0,maintained_weekly,0.0,0.0,1.0,1.0,1,1
A,212582010,8,2006,10,2010,R8KCNT,R10KCNT,1.0,1.0,weekly,weekly,0.0,maintained_weekly,1.0,1.0,1.0,1.0,1,1
A,212582020,8,2006,10,2010,R8KCNT,R10KCNT,1.0,1.0,weekly,weekly,0.0,maintained_weekly,1.0,1.0,1.0,0.0,1,1
A,212592010,8,2006,10,2010,R8KCNT,R10KCNT,0.0,1.0,less_than_weekly,weekly,1.0,increased_to_weekly,0.0,1.0,0.0,0.0,0,1
A,212592020,8,2006,10,2010,R8KCNT,R10KCNT,1.0,1.0,weekly,weekly,0.0,maintained_weekly,1.0,1.0,1.0,1.0,1,1
A,212593020,8,2006,10,2010,R8KCNT,R10KCNT,1.0,,weekly,not_interviewed_or_plain_missing,,,0.0,,1.0,,1,.
A,212595010,8,2006,10,2010,R8KCNT,R10KCNT,1.0,1.0,weekly,weekly,0.0,maintained_weekly,1.0,0.0,1.0,1.0,1,1
A,212595020,8,2006,10,2010,R8KCNT,R10KCNT,0.0,1.0,less_than_weekly,weekly,1.0,increased_to_weekly,0.0,0.0,0.0,1.0,0,1
A,212615010,8,2006,10,2010,R8KCNT,R10KCNT,1.0,1.0,weekly,weekly,0.0,maintained_weekly,1.0,1.0,1.0,1.0,1,1
A,212623020,8,2006,10,2010,R8KCNT,R10KCNT,1.0,1.0,weekly,weekly,0.0,maintained_weekly,1.0,1.0,1.0,1.0,1,1
A,212631010,8,2006,10,2010,R8KCNT,R10KCNT,1.0,1.0,weekly,weekly,0.0,maintained_weekly,1.0,1.0,1.0,1.0,1,1
A,212631020,8,2006,10,2010,R8KCNT,R10KCNT,1.0,1.0,weekly,weekly,0.0,maintained_weekly,0.0,1.0,1.0,1.0,1,1
A,212645010,8,2006,10,2010,R8KCNT,R10KCNT,0.0,1.0,less_than_weekly,weekly,1.0,increased_to_weekly,0.0,1.0,0.0,1.0,0,1
A,212645020,8,2006,10,2010,R8KCNT,R10KCNT,1.0,1.0,weekly,weekly,0.0,maintained_weekly,1.0,1.0,1.0,1.0,1,1
A,212648010,8,2006,10,2010,R8KCNT,R10KCNT,0.0,0.0,less_than_weekly,less_than_weekly,0.0,persistently_below_weekly,0.0,0.0,0.0,0.0,0,0
A,212648020,8,2006,10,2010,R8KCNT,R10KCNT,0.0,0.0,less_than_weekly,less_than_weekly,0.0,persistently_below_weekly,0.0,0.0,0.0,0.0,0,0
A,212664020,8,2006,10,2010,R8KCNT,R10KCNT,1.0,1.0,weekly,weekly,0.0,maintained_weekly,0.0,1.0,1.0,1.0,1,1
A,212665010,8,2006,10,2010,R8KCNT,R10KCNT,1.0,0.0,weekly,less_than_weekly,-1.0,decreased_below_weekly,1.0,0.0,1.0,0.0,1,0
A,212665020,8,2006,10,2010,R8KCNT,R10KCNT,1.0,0.0,weekly,less_than_weekly,-1.0,decreased_below_weekly,1.0,0.0,0.0,0.0,1,0
A,212672010,8,2006,10,2010,R8KCNT,R10KCNT,0.0,1.0,less_than_weekly,weekly,1.0,increased_to_weekly,0.0,0.0,0.0,1.0,0,1
A,212672020,8,2006,10,2010,R8KCNT,R10KCNT,0.0,1.0,less_than_weekly,weekly,1.0,increased_to_weekly,0.0,0.0,0.0,1.0,0,1
A,212681010,8,2006,10,2010,R8KCNT,R10KCNT,1.0,1.0,weekly,weekly,0.0,maintained_weekly,1.0,1.0,1.0,1.0,1,1
A,212681020,8,2006,10,2010,R8KCNT,R10KCNT,1.0,1.0,weekly,weekly,0.0,maintained_weekly,1.0,0.0,1.0,1.0,1,1
A,212684010,8,2006,10,2010,R8KCNT,R10KCNT,,,missing_response,missing_response,,,,,,,.m,.m
A,212689010,8,2006,10,2010,R8KCNT,R10KCNT,1.0,,weekly,no_children,,,1.0,,1.0,,1,.k
A,212689020,8,2006,10,2010,R8KCNT,R10KCNT,1.0,,weekly,no_children,,,1.0,,1.0,,1,.k
A,212695010,8,2006,10,2010,R8KCNT,R10KCNT,1.0,1.0,weekly,weekly,0.0,maintained_weekly,1.0,1.0,1.0,1.0,1,1
A,212695020,8,2006,10,2010,R8KCNT,R10KCNT,1.0,1.0,weekly,weekly,0.0,maintained_weekly,1.0,1.0,1.0,1.0,1,1
A,212699010,8,2006,10,2010,R8KCNT,R10KCNT,1.0,1.0,weekly,weekly,0.0,maintained_weekly,0.0,0.0,1.0,1.0,1,1
A,212707010,8,2006,10,2010,R8KCNT,R10KCNT,1.0,1.0,weekly,weekly,0.0,maintained_weekly,0.0,0.0,1.0,1.0,1,1
A,212712010,8,2006,10,2010,R8KCNT,R10KCNT,0.0,0.0,less_than_weekly,less_than_weekly,0.0,persistently_below_weekly,0.0,0.0,0.0,0.0,0,0
A,212717010,8,2006,10,2010,R8KCNT,R10KCNT,1.0,1.0,weekly,weekly,0.0,maintained_weekly,1.0,1.0,1.0,1.0,1,1
A,212718010,8,2006,10,2010,R8KCNT,R10KCNT,1.0,1.0,weekly,weekly,0.0,maintained_weekly,1.0,0.0,1.0,1.0,1,1
A,212718020,8,2006,10,2010,R8KCNT,R10KCNT,1.0,1.0,weekly,weekly,0.0,maintained_weekly,1.0,1.0,1.0,1.0,1,1
A,212723010,8,2006,10,2010,R8KCNT,R10KCNT,,1.0,leave_behind_not_completed_or_ineligible,weekly,,,,0.0,,1.0,.l,1
A,212727010,8,2006,10,2010,R8KCNT,R10KCNT,1.0,1.0,weekly,weekly,0.0,maintained_weekly,0.0,1.0,1.0,1.0,1,1
A,212732010,8,2006,10,2010,R8KCNT,R10KCNT,1.0,1.0,weekly,weekly,0.0,maintained_weekly,1.0,1.0,1.0,1.0,1,1
A,212732020,8,2006,10,2010,R8KCNT,R10KCNT,1.0,1.0,weekly,weekly,0.0,maintained_weekly,1.0,1.0,1.0,1.0,1,1
A,212733010,8,2006,10,2010,R8KCNT,R10KCNT,1.0,1.0,weekly,weekly,0.0,maintained_weekly,0.0,1.0,1.0,1.0,1,1
A,212734010,8,2006,10,2010,R8KCNT,R10KCNT,,,no_children,no_children,,,,,,,.k,.k
A,212738010,8,2006,10,2010,R8KCNT,R10KCNT,1.0,1.0,weekly,weekly,0.0,maintained_weekly,1.0,1.0,1.0,1.0,1,1
A,212738020,8,2006,10,2010,R8KCNT,R10KCNT,1.0,1.0,weekly,weekly,0.0,maintained_weekly,1.0,1.0,1.0,1.0,1,1
A,212748010,8,2006,10,2010,R8KCNT,R10KCNT,1.0,1.0,weekly,weekly,0.0,maintained_weekly,1.0,1.0,1.0,1.0,1,1
A,212748020,8,2006,10,2010,R8KCNT,R10KCNT,1.0,1.0,weekly,weekly,0.0,maintained_weekly,1.0,1.0,1.0,1.0,1,1
A,212754010,8,2006,10,2010,R8KCNT,R10KCNT,1.0,1.0,weekly,weekly,0.0,maintained_weekly,0.0,0.0,1.0,1.0,1,1
A,212754020,8,2006,10,2010,R8KCNT,R10KCNT,1.0,1.0,weekly,weekly,0.0,maintained_weekly,1.0,1.0,0.0,1.0,1,1
A,212755020,8,2006,10,2010,R8KCNT,R10KCNT,1.0,1.0,weekly,weekly,0.0,maintained_weekly,1.0,1.0,1.0,1.0,1,1
A,212766010,8,2006,10,2010,R8KCNT,R10KCNT,1.0,1.0,weekly,weekly,0.0,maintained_weekly,1.0,0.0,1.0,1.0,1,1
A,212766020,8,2006,10,2010,R8KCNT,R10KCNT,1.0,1.0,weekly,weekly,0.0,maintained_weekly,0.0,1.0,1.0,1.0,1,1
A,212780010,8,2006,10,2010,R8KCNT,R10KCNT,1.0,1.0,weekly,weekly,0.0,maintained_weekly,1.0,1.0,1.0,1.0,1,1
A,212780020,8,2006,10,2010,R8KCNT,R10KCNT,1.0,0.0,weekly,less_than_weekly,-1.0,decreased_below_weekly,1.0,0.0,0.0,0.0,1,0
A,212804020,8,2006,10,2010,R8KCNT,R10KCNT,1.0,1.0,weekly,weekly,0.0,maintained_weekly,1.0,0.0,1.0,1.0,1,1
A,212828010,8,2006,10,2010,R8KCNT,R10KCNT,1.0,1.0,weekly,weekly,0.0,maintained_weekly,0.0,0.0,1.0,1.0,1,1
A,212828020,8,2006,10,2010,R8KCNT,R10KCNT,1.0,0.0,weekly,less_than_weekly,-1.0,decreased_below_weekly,0.0,0.0,1.0,0.0,1,0
A,212842010,8,2006,10,2010,R8KCNT,R10KCNT,1.0,,weekly,leave_behind_not_completed_or_ineligible,,,0.0,,1.0,,1,.l
A,212858010,8,2006,10,2010,R8KCNT,R10KCNT,1.0,1.0,weekly,weekly,0.0,maintained_weekly,1.0,1.0,1.0,1.0,1,1
A,212861010,8,2006,10,2010,R8KCNT,R10KCNT,1.0,1.0,weekly,weekly,0.0,maintained_weekly,0.0,0.0,1.0,1.0,1,1
A,212871010,8,2006,10,2010,R8KCNT,R10KCNT,1.0,1.0,weekly,weekly,0.0,maintained_weekly,1.0,1.0,1.0,1.0,1,1
A,212874010,8,2006,10,2010,R8KCNT,R10KCNT,1.0,1.0,weekly,weekly,0.0,maintained_weekly,0.0,0.0,1.0,1.0,1,1
A,212882010,8,2006,10,2010,R8KCNT,R10KCNT,1.0,1.0,weekly,weekly,0.0,maintained_weekly,1.0,1.0,1.0,1.0,1,1
A,212882020,8,2006,10,2010,R8KCNT,R10KCNT,0.0,1.0,less_than_weekly,weekly,1.0,increased_to_weekly,,1.0,0.0,0.0,0,1
A,212888010,8,2006,10,2010,R8KCNT,R10KCNT,0.0,1.0,less_than_weekly,weekly,1.0,increased_to_weekly,0.0,0.0,0.0,1.0,0,1
A,212891010,8,2006,10,2010,R8KCNT,R10KCNT,1.0,1.0,weekly,weekly,0.0,maintained_weekly,1.0,1.0,1.0,1.0,1,1
A,212895010,8,2006,10,2010,R8KCNT,R10KCNT,0.0,1.0,less_than_weekly,weekly,1.0,increased_to_weekly,0.0,1.0,0.0,1.0,0,1
A,212895020,8,2006,10,2010,R8KCNT,R10KCNT,1.0,1.0,weekly,weekly,0.0,maintained_weekly,1.0,1.0,1.0,1.0,1,1
A,212899010,8,2006,10,2010,R8KCNT,R10KCNT,1.0,1.0,weekly,weekly,0.0,maintained_weekly,0.0,1.0,1.0,1.0,1,1
A,212904010,8,2006,10,2010,R8KCNT,R10KCNT,1.0,0.0,weekly,less_than_weekly,-1.0,decreased_below_weekly,1.0,0.0,1.0,0.0,1,0
A,212904020,8,2006,10,2010,R8KCNT,R10KCNT,1.0,1.0,weekly,weekly,0.0,maintained_weekly,1.0,1.0,1.0,1.0,1,1
A,212905010,8,2006,10,2010,R8KCNT,R10KCNT,1.0,1.0,weekly,weekly,0.0,maintained_weekly,0.0,0.0,1.0,1.0,1,1
A,212905020,8,2006,10,2010,R8KCNT,R10KCNT,0.0,1.0,less_than_weekly,weekly,1.0,increased_to_weekly,0.0,1.0,0.0,1.0,0,1
A,212906020,8,2006,10,2010,R8KCNT,R10KCNT,1.0,1.0,weekly,weekly,0.0,maintained_weekly,1.0,1.0,1.0,1.0,1,1
A,212912020,8,2006,10,2010,R8KCNT,R10KCNT,1.0,,weekly,leave_behind_not_completed_or_ineligible,,,0.0,,1.0,,1,.l
A,212914010,8,2006,10,2010,R8KCNT,R10KCNT,0.0,1.0,less_than_weekly,weekly,1.0,increased_to_weekly,0.0,1.0,0.0,1.0,0,1
A,212921020,8,2006,10,2010,R8KCNT,R10KCNT,1.0,1.0,weekly,weekly,0.0,maintained_weekly,1.0,0.0,0.0,1.0,1,1
A,212931010,8,2006,10,2010,R8KCNT,R10KCNT,1.0,1.0,weekly,weekly,0.0,maintained_weekly,1.0,1.0,1.0,1.0,1,1
A,212939020,8,2006,10,2010,R8KCNT,R10KCNT,1.0,0.0,weekly,less_than_weekly,-1.0,decreased_below_weekly,1.0,0.0,1.0,0.0,1,0
A,212945010,8,2006,10,2010,R8KCNT,R10KCNT,,1.0,missing_response,weekly,,,,0.0,,1.0,.m,1
A,212946020,8,2006,10,2010,R8KCNT,R10KCNT,1.0,1.0,weekly,weekly,0.0,maintained_weekly,0.0,0.0,1.0,1.0,1,1
A,212958020,8,2006,10,2010,R8KCNT,R10KCNT,0.0,1.0,less_than_weekly,weekly,1.0,increased_to_weekly,0.0,1.0,0.0,1.0,0,1
A,212961010,8,2006,10,2010,R8KCNT,R10KCNT,1.0,1.0,weekly,weekly,0.0,maintained_weekly,0.0,1.0,1.0,1.0,1,1
A,212961020,8,2006,10,2010,R8KCNT,R10KCNT,1.0,1.0,weekly,weekly,0.0,maintained_weekly,0.0,1.0,1.0,1.0,1,1
A,212969010,8,2006,10,2010,R8KCNT,R10KCNT,1.0,1.0,weekly,weekly,0.0,maintained_weekly,0.0,0.0,1.0,1.0,1,1
A,212974010,8,2006,10,2010,R8KCNT,R10KCNT,1.0,1.0,weekly,weekly,0.0,maintained_weekly,1.0,1.0,1.0,1.0,1,1
A,212975010,8,2006,10,2010,R8KCNT,R10KCNT,1.0,1.0,weekly,weekly,0.0,maintained_weekly,1.0,1.0,1.0,1.0,1,1
A,212994010,8,2006,10,2010,R8KCNT,R10KCNT,1.0,1.0,weekly,weekly,0.0,maintained_weekly,1.0,1.0,1.0,1.0,1,1
A,212994020,8,2006,10,2010,R8KCNT,R10KCNT,1.0,,weekly,leave_behind_not_completed_or_ineligible,,,1.0,,1.0,,1,.l
A,212998010,8,2006,10,2010,R8KCNT,R10KCNT,1.0,1.0,weekly,weekly,0.0,maintained_weekly,1.0,0.0,,1.0,1,1
A,213004010,8,2006,10,2010,R8KCNT,R10KCNT,1.0,1.0,weekly,weekly,0.0,maintained_weekly,1.0,1.0,1.0,1.0,1,1
A,213015010,8,2006,10,2010,R8KCNT,R10KCNT,0.0,0.0,less_than_weekly,less_than_weekly,0.0,persistently_below_weekly,0.0,0.0,0.0,0.0,0,0
A,213024010,8,2006,10,2010,R8KCNT,R10KCNT,0.0,0.0,less_than_weekly,less_than_weekly,0.0,persistently_below_weekly,0.0,0.0,0.0,0.0,0,0
A,213035010,8,2006,10,2010,R8KCNT,R10KCNT,1.0,1.0,weekly,weekly,0.0,maintained_weekly,1.0,0.0,1.0,1.0,1,1
A,213037010,8,2006,10,2010,R8KCNT,R10KCNT,1.0,1.0,weekly,weekly,0.0,maintained_weekly,1.0,1.0,1.0,1.0,1,1
A,213048020,8,2006,10,2010,R8KCNT,R10KCNT,0.0,1.0,less_than_weekly,weekly,1.0,increased_to_weekly,0.0,1.0,0.0,0.0,0,1
A,213050020,8,2006,10,2010,R8KCNT,R10KCNT,1.0,1.0,weekly,weekly,0.0,maintained_weekly,0.0,0.0,1.0,1.0,1,1
A,213058010,8,2006,10,2010,R8KCNT,R10KCNT,,1.0,leave_behind_not_completed_or_ineligible,weekly,,,,1.0,,1.0,.l,1
A,213058020,8,2006,10,2010,R8KCNT,R10KCNT,0.0,0.0,less_than_weekly,less_than_weekly,0.0,persistently_below_weekly,0.0,0.0,0.0,0.0,0,0
A,213068010,8,2006,10,2010,R8KCNT,R10KCNT,1.0,1.0,weekly,weekly,0.0,maintained_weekly,1.0,1.0,1.0,1.0,1,1
A,213068020,8,2006,10,2010,R8KCNT,R10KCNT,1.0,1.0,weekly,weekly,0.0,maintained_weekly,1.0,1.0,1.0,1.0,1,1
A,213069010,8,2006,10,2010,R8KCNT,R10KCNT,1.0,1.0,weekly,weekly,0.0,maintained_weekly,1.0,0.0,1.0,1.0,1,1
A,213069020,8,2006,10,2010,R8KCNT,R10KCNT,0.0,1.0,less_than_weekly,weekly,1.0,increased_to_weekly,0.0,0.0,0.0,1.0,0,1
A,213089011,8,2006,10,2010,R8KCNT,R10KCNT,1.0,1.0,weekly,weekly,0.0,maintained_weekly,1.0,1.0,0.0,0.0,1,1
A,213106010,8,2006,10,2010,R8KCNT,R10KCNT,1.0,1.0,weekly,weekly,0.0,maintained_weekly,1.0,1.0,1.0,1.0,1,1
A,213109010,8,2006,10,2010,R8KCNT,R10KCNT,,1.0,leave_behind_not_completed_or_ineligible,weekly,,,,1.0,,1.0,.l,1
A,213115010,8,2006,10,2010,R8KCNT,R10KCNT,1.0,1.0,weekly,weekly,0.0,maintained_weekly,0.0,0.0,1.0,1.0,1,1
A,213121010,8,2006,10,2010,R8KCNT,R10KCNT,1.0,1.0,weekly,weekly,0.0,maintained_weekly,1.0,1.0,1.0,1.0,1,1
A,213147010,8,2006,10,2010,R8KCNT,R10KCNT,1.0,1.0,weekly,weekly,0.0,maintained_weekly,0.0,1.0,1.0,1.0,1,1
A,213164010,8,2006,10,2010,R8KCNT,R10KCNT,0.0,0.0,less_than_weekly,less_than_weekly,0.0,persistently_below_weekly,0.0,0.0,0.0,0.0,0,0
A,213164020,8,2006,10,2010,R8KCNT,R10KCNT,1.0,1.0,weekly,weekly,0.0,maintained_weekly,0.0,0.0,1.0,1.0,1,1
A,213178010,8,2006,10,2010,R8KCNT,R10KCNT,1.0,0.0,weekly,less_than_weekly,-1.0,decreased_below_weekly,0.0,0.0,1.0,0.0,1,0
A,213192010,8,2006,10,2010,R8KCNT,R10KCNT,1.0,1.0,weekly,weekly,0.0,maintained_weekly,1.0,0.0,1.0,1.0,1,1
A,213198010,8,2006,10,2010,R8KCNT,R10KCNT,,1.0,no_children,weekly,,,,0.0,,1.0,.k,1
A,213217020,8,2006,10,2010,R8KCNT,R10KCNT,1.0,,weekly,missing_response,,,1.0,,1.0,,1,.m
A,213220010,8,2006,10,2010,R8KCNT,R10KCNT,,1.0,no_children,weekly,,,,1.0,,1.0,.k,1
A,213222010,8,2006,10,2010,R8KCNT,R10KCNT,,1.0,not_interviewed_or_plain_missing,weekly,,,,0.0,,1.0,.,1
A,213224010,8,2006,10,2010,R8KCNT,R10KCNT,1.0,1.0,weekly,weekly,0.0,maintained_weekly,1.0,0.0,1.0,1.0,1,1
A,213224020,8,2006,10,2010,R8KCNT,R10KCNT,1.0,1.0,weekly,weekly,0.0,maintained_weekly,1.0,0.0,1.0,1.0,1,1
A,213225010,8,2006,10,2010,R8KCNT,R10KCNT,0.0,1.0,less_than_weekly,weekly,1.0,increased_to_weekly,0.0,1.0,0.0,0.0,0,1
A,213225020,8,2006,10,2010,R8KCNT,R10KCNT,1.0,1.0,weekly,weekly,0.0,maintained_weekly,1.0,1.0,1.0,1.0,1,1
A,213226010,8,2006,10,2010,R8KCNT,R10KCNT,1.0,1.0,weekly,weekly,0.0,maintained_weekly,0.0,1.0,1.0,1.0,1,1
A,213235010,8,2006,10,2010,R8KCNT,R10KCNT,1.0,1.0,weekly,weekly,0.0,maintained_weekly,1.0,1.0,1.0,1.0,1,1
A,213235020,8,2006,10,2010,R8KCNT,R10KCNT,,1.0,leave_behind_not_completed_or_ineligible,weekly,,,,1.0,,1.0,.l,1
A,213242010,8,2006,10,2010,R8KCNT,R10KCNT,1.0,1.0,weekly,weekly,0.0,maintained_weekly,1.0,0.0,1.0,1.0,1,1
A,213242020,8,2006,10,2010,R8KCNT,R10KCNT,1.0,1.0,weekly,weekly,0.0,maintained_weekly,0.0,0.0,1.0,1.0,1,1
A,213245010,8,2006,10,2010,R8KCNT,R10KCNT,0.0,0.0,less_than_weekly,less_than_weekly,0.0,persistently_below_weekly,0.0,0.0,0.0,0.0,0,0
A,213245020,8,2006,10,2010,R8KCNT,R10KCNT,0.0,0.0,less_than_weekly,less_than_weekly,0.0,persistently_below_weekly,0.0,0.0,0.0,0.0,0,0
A,213247010,8,2006,10,2010,R8KCNT,R10KCNT,1.0,0.0,weekly,less_than_weekly,-1.0,decreased_below_weekly,0.0,0.0,1.0,0.0,1,0
A,213247020,8,2006,10,2010,R8KCNT,R10KCNT,1.0,1.0,weekly,weekly,0.0,maintained_weekly,0.0,0.0,1.0,1.0,1,1
A,213253010,8,2006,10,2010,R8KCNT,R10KCNT,1.0,1.0,weekly,weekly,0.0,maintained_weekly,1.0,1.0,1.0,1.0,1,1
A,213258010,8,2006,10,2010,R8KCNT,R10KCNT,1.0,1.0,weekly,weekly,0.0,maintained_weekly,1.0,0.0,1.0,1.0,1,1
A,213277010,8,2006,10,2010,R8KCNT,R10KCNT,0.0,,less_than_weekly,missing_response,,,0.0,,,,0,.m
A,213295010,8,2006,10,2010,R8KCNT,R10KCNT,,,no_children,no_children,,,,,,,.k,.k
A,213307010,8,2006,10,2010,R8KCNT,R10KCNT,1.0,1.0,weekly,weekly,0.0,maintained_weekly,1.0,1.0,1.0,1.0,1,1
A,213315010,8,2006,10,2010,R8KCNT,R10KCNT,1.0,1.0,weekly,weekly,0.0,maintained_weekly,1.0,1.0,1.0,1.0,1,1
A,213333010,8,2006,10,2010,R8KCNT,R10KCNT,1.0,1.0,weekly,weekly,0.0,maintained_weekly,0.0,0.0,1.0,1.0,1,1
A,213333020,8,2006,10,2010,R8KCNT,R10KCNT,1.0,1.0,weekly,weekly,0.0,maintained_weekly,1.0,0.0,0.0,1.0,1,1
A,213349010,8,2006,10,2010,R8KCNT,R10KCNT,0.0,1.0,less_than_weekly,weekly,1.0,increased_to_weekly,0.0,0.0,0.0,1.0,0,1
A,213349020,8,2006,10,2010,R8KCNT,R10KCNT,1.0,1.0,weekly,weekly,0.0,maintained_weekly,0.0,0.0,1.0,1.0,1,1
A,213353010,8,2006,10,2010,R8KCNT,R10KCNT,0.0,0.0,less_than_weekly,less_than_weekly,0.0,persistently_below_weekly,0.0,0.0,0.0,0.0,0,0
A,213353020,8,2006,10,2010,R8KCNT,R10KCNT,1.0,0.0,weekly,less_than_weekly,-1.0,decreased_below_weekly,0.0,0.0,1.0,0.0,1,0
A,213358010,8,2006,10,2010,R8KCNT,R10KCNT,,,no_children,no_children,,,,,,,.k,.k
A,213369010,8,2006,10,2010,R8KCNT,R10KCNT,,,no_children,no_children,,,,,,,.k,.k
A,213371010,8,2006,10,2010,R8KCNT,R10KCNT,1.0,1.0,weekly,weekly,0.0,maintained_weekly,0.0,0.0,1.0,1.0,1,1
A,213377010,8,2006,10,2010,R8KCNT,R10KCNT,1.0,0.0,weekly,less_than_weekly,-1.0,decreased_below_weekly,0.0,0.0,1.0,0.0,1,0
A,213377020,8,2006,10,2010,R8KCNT,R10KCNT,1.0,0.0,weekly,less_than_weekly,-1.0,decreased_below_weekly,0.0,0.0,1.0,0.0,1,0
A,213378010,8,2006,10,2010,R8KCNT,R10KCNT,1.0,1.0,weekly,weekly,0.0,maintained_weekly,0.0,1.0,1.0,1.0,1,1
A,213378020,8,2006,10,2010,R8KCNT,R10KCNT,1.0,1.0,weekly,weekly,0.0,maintained_weekly,0.0,0.0,1.0,1.0,1,1
A,213384020,8,2006,10,2010,R8KCNT,R10KCNT,1.0,1.0,weekly,weekly,0.0,maintained_weekly,0.0,1.0,1.0,1.0,1,1
A,213384021,8,2006,10,2010,R8KCNT,R10KCNT,1.0,1.0,weekly,weekly,0.0,maintained_weekly,0.0,0.0,1.0,1.0,1,1
A,213391010,8,2006,10,2010,R8KCNT,R10KCNT,1.0,1.0,weekly,weekly,0.0,maintained_weekly,0.0,1.0,1.0,1.0,1,1
A,213393010,8,2006,10,2010,R8KCNT,R10KCNT,0.0,,less_than_weekly,missing_response,,,0.0,,0.0,,0,.m
A,213414010,8,2006,10,2010,R8KCNT,R10KCNT,1.0,1.0,weekly,weekly,0.0,maintained_weekly,1.0,1.0,1.0,1.0,1,1
A,213416010,8,2006,10,2010,R8KCNT,R10KCNT,1.0,1.0,weekly,weekly,0.0,maintained_weekly,,,1.0,1.0,1,1
A,213420010,8,2006,10,2010,R8KCNT,R10KCNT,1.0,1.0,weekly,weekly,0.0,maintained_weekly,1.0,1.0,1.0,1.0,1,1
A,213420020,8,2006,10,2010,R8KCNT,R10KCNT,1.0,1.0,weekly,weekly,0.0,maintained_weekly,1.0,1.0,1.0,1.0,1,1
A,213421010,8,2006,10,2010,R8KCNT,R10KCNT,1.0,1.0,weekly,weekly,0.0,maintained_weekly,1.0,1.0,1.0,1.0,1,1
A,213422010,8,2006,10,2010,R8KCNT,R10KCNT,,1.0,not_interviewed_or_plain_missing,weekly,,,,1.0,,1.0,.,1
A,213439010,8,2006,10,2010,R8KCNT,R10KCNT,1.0,,weekly,leave_behind_not_completed_or_ineligible,,,1.0,,1.0,,1,.l
A,213466011,8,2006,10,2010,R8KCNT,R10KCNT,0.0,0.0,less_than_weekly,less_than_weekly,0.0,persistently_below_weekly,0.0,0.0,0.0,0.0,0,0
A,213479010,8,2006,10,2010,R8KCNT,R10KCNT,1.0,1.0,weekly,weekly,0.0,maintained_weekly,1.0,0.0,1.0,1.0,1,1
A,213479020,8,2006,10,2010,R8KCNT,R10KCNT,1.0,1.0,weekly,weekly,0.0,maintained_weekly,0.0,0.0,1.0,1.0,1,1
A,500402021,8,2006,10,2010,R8KCNT,R10KCNT,,0.0,not_interviewed_or_plain_missing,less_than_weekly,,,,0.0,,0.0,.,0
A,501045011,8,2006,10,2010,R8KCNT,R10KCNT,,0.0,not_interviewed_or_plain_missing,less_than_weekly,,,,0.0,,0.0,.,0
A,501715011,8,2006,10,2010,R8KCNT,R10KCNT,0.0,1.0,less_than_weekly,weekly,1.0,increased_to_weekly,0.0,0.0,0.0,1.0,0,1
A,501938011,8,2006,10,2010,R8KCNT,R10KCNT,,0.0,not_interviewed_or_plain_missing,less_than_weekly,,,,0.0,,0.0,.,0
A,502118011,8,2006,10,2010,R8KCNT,R10KCNT,1.0,1.0,weekly,weekly,0.0,maintained_weekly,0.0,0.0,1.0,1.0,1,1
A,530101020,8,2006,10,2010,R8KCNT,R10KCNT,,1.0,not_interviewed_or_plain_missing,weekly,,,,1.0,,1.0,.,1
A,533478020,8,2006,10,2010,R8KCNT,R10KCNT,,1.0,not_interviewed_or_plain_missing,weekly,,,,0.0,,1.0,.,1
A,533628020,8,2006,10,2010,R8KCNT,R10KCNT,,1.0,not_interviewed_or_plain_missing,weekly,,,,0.0,,1.0,.,1
A,534883020,8,2006,10,2010,R8KCNT,R10KCNT,,0.0,not_interviewed_or_plain_missing,less_than_weekly,,,,0.0,,0.0,.,0
A,535213020,8,2006,10,2010,R8KCNT,R10KCNT,,1.0,not_interviewed_or_plain_missing,weekly,,,,0.0,,1.0,.,1
A,535246020,8,2006,10,2010,R8KCNT,R10KCNT,,0.0,not_interviewed_or_plain_missing,less_than_weekly,,,,0.0,,0.0,.,0
A,535256020,8,2006,10,2010,R8KCNT,R10KCNT,,0.0,not_interviewed_or_plain_missing,less_than_weekly,,,,0.0,,0.0,.,0
A,536353020,8,2006,10,2010,R8KCNT,R10KCNT,,1.0,not_interviewed_or_plain_missing,weekly,,,,0.0,,1.0,.,1
A,536781020,8,2006,10,2010,R8KCNT,R10KCNT,,0.0,not_interviewed_or_plain_missing,less_than_weekly,,,,0.0,,0.0,.,0
A,548068020,8,2006,10,2010,R8KCNT,R10KCNT,,1.0,not_interviewed_or_plain_missing,weekly,,,,1.0,,1.0,.,1
A,902392020,8,2006,10,2010,R8KCNT,R10KCNT,,1.0,not_interviewed_or_plain_missing,weekly,,,,0.0,,1.0,.,1
A,902489020,8,2006,10,2010,R8KCNT,R10KCNT,,1.0,not_interviewed_or_plain_missing,weekly,,,,1.0,,0.0,.,1
A,904998020,8,2006,10,2010,R8KCNT,R10KCNT,,0.0,not_interviewed_or_plain_missing,less_than_weekly,,,,0.0,,0.0,.,0
A,907283020,8,2006,10,2010,R8KCNT,R10KCNT,,1.0,not_interviewed_or_plain_missing,weekly,,,,1.0,,1.0,.,1
A,907380020,8,2006,10,2010,R8KCNT,R10KCNT,,1.0,not_interviewed_or_plain_missing,weekly,,,,1.0,,1.0,.,1
A,907690020,8,2006,10,2010,R8KCNT,R10KCNT,,1.0,not_interviewed_or_plain_missing,weekly,,,,1.0,,1.0,.,1
A,909404020,8,2006,10,2010,R8KCNT,R10KCNT,,0.0,not_interviewed_or_plain_missing,less_than_weekly,,,,0.0,,0.0,.,0
A,910113020,8,2006,10,2010,R8KCNT,R10KCNT,,1.0,not_interviewed_or_plain_missing,weekly,,,,0.0,,1.0,.,1
A,910518020,8,2006,10,2010,R8KCNT,R10KCNT,,1.0,not_interviewed_or_plain_missing,weekly,,,,1.0,,1.0,.,1
A,910584020,8,2006,10,2010,R8KCNT,R10KCNT,,0.0,not_interviewed_or_plain_missing,less_than_weekly,,,,0.0,,0.0,.,0
A,911123020,8,2006,10,2010,R8KCNT,R10KCNT,,,not_interviewed_or_plain_missing,missing_response,,,,,,,.,.m
A,911632020,8,2006,10,2010,R8KCNT,R10KCNT,,1.0,not_interviewed_or_plain_missing,weekly,,,,0.0,,1.0,.,1
A,913765020,8,2006,10,2010,R8KCNT,R10KCNT,,,not_interviewed_or_plain_missing,no_children,,,,,,,.,.k
A,914149020,8,2006,10,2010,R8KCNT,R10KCNT,,1.0,not_interviewed_or_plain_missing,weekly,,,,1.0,,0.0,.,1
A,916619020,8,2006,10,2010,R8KCNT,R10KCNT,,1.0,not_interviewed_or_plain_missing,weekly,,,,1.0,,1.0,.,1
A,917577020,8,2006,10,2010,R8KCNT,R10KCNT,,1.0,not_interviewed_or_plain_missing,weekly,,,,1.0,,1.0,.,1
A,918096020,8,2006,10,2010,R8KCNT,R10KCNT,,0.0,not_interviewed_or_plain_missing,less_than_weekly,,,,0.0,,0.0,.,0
A,919959020,8,2006,10,2010,R8KCNT,R10KCNT,,1.0,not_interviewed_or_plain_missing,weekly,,,,1.0,,1.0,.,1
A,920348020,8,2006,10,2010,R8KCNT,R10KCNT,,,not_interviewed_or_plain_missing,no_children,,,,,,,.,.k
B,10001010,9,2008,11,2012,R9KCNT,R11KCNT,,,no_children,no_children,,,,,,,.k,.k
B,10075020,9,2008,11,2012,R9KCNT,R11KCNT,1.0,1.0,weekly,weekly,0.0,maintained_weekly,1.0,1.0,1.0,1.0,1,1
B,10210020,9,2008,11,2012,R9KCNT,R11KCNT,1.0,1.0,weekly,weekly,0.0,maintained_weekly,1.0,1.0,1.0,1.0,1,1
B,10281020,9,2008,11,2012,R9KCNT,R11KCNT,,1.0,not_interviewed_or_plain_missing,weekly,,,,0.0,,1.0,.,1
B,10325020,9,2008,11,2012,R9KCNT,R11KCNT,,1.0,not_interviewed_or_plain_missing,weekly,,,,0.0,,1.0,.,1
B,10372010,9,2008,11,2012,R9KCNT,R11KCNT,1.0,0.0,weekly,less_than_weekly,-1.0,decreased_below_weekly,0.0,0.0,1.0,0.0,1,0
B,10394010,9,2008,11,2012,R9KCNT,R11KCNT,1.0,1.0,weekly,weekly,0.0,maintained_weekly,0.0,1.0,1.0,1.0,1,1
B,10395020,9,2008,11,2012,R9KCNT,R11KCNT,1.0,1.0,weekly,weekly,0.0,maintained_weekly,0.0,1.0,1.0,1.0,1,1
B,10397010,9,2008,11,2012,R9KCNT,R11KCNT,1.0,1.0,weekly,weekly,0.0,maintained_weekly,0.0,1.0,1.0,1.0,1,1
B,10433010,9,2008,11,2012,R9KCNT,R11KCNT,,,missing_response,missing_response,,,,,,,.m,.m
B,10475010,9,2008,11,2012,R9KCNT,R11KCNT,1.0,1.0,weekly,weekly,0.0,maintained_weekly,0.0,1.0,1.0,1.0,1,1
B,10475011,9,2008,11,2012,R9KCNT,R11KCNT,0.0,,less_than_weekly,no_children,,,0.0,,0.0,,0,.k
B,10477010,9,2008,11,2012,R9KCNT,R11KCNT,1.0,1.0,weekly,weekly,0.0,maintained_weekly,0.0,0.0,1.0,1.0,1,1
B,10477020,9,2008,11,2012,R9KCNT,R11KCNT,1.0,1.0,weekly,weekly,0.0,maintained_weekly,0.0,0.0,1.0,1.0,1,1
B,10565020,9,2008,11,2012,R9KCNT,R11KCNT,1.0,1.0,weekly,weekly,0.0,maintained_weekly,1.0,1.0,1.0,1.0,1,1
B,10577010,9,2008,11,2012,R9KCNT,R11KCNT,1.0,1.0,weekly,weekly,0.0,maintained_weekly,0.0,0.0,1.0,1.0,1,1
B,10592010,9,2008,11,2012,R9KCNT,R11KCNT,1.0,1.0,weekly,weekly,0.0,maintained_weekly,1.0,1.0,1.0,1.0,1,1
B,10645031,9,2008,11,2012,R9KCNT,R11KCNT,1.0,1.0,weekly,weekly,0.0,maintained_weekly,1.0,1.0,1.0,1.0,1,1
B,10756010,9,2008,11,2012,R9KCNT,R11KCNT,1.0,1.0,weekly,weekly,0.0,maintained_weekly,1.0,1.0,1.0,1.0,1,1
B,10756011,9,2008,11,2012,R9KCNT,R11KCNT,0.0,0.0,less_than_weekly,less_than_weekly,0.0,persistently_below_weekly,0.0,0.0,0.0,0.0,0,0
B,10773020,9,2008,11,2012,R9KCNT,R11KCNT,,1.0,no_children,weekly,,,,1.0,,1.0,.k,1
B,10773030,9,2008,11,2012,R9KCNT,R11KCNT,1.0,1.0,weekly,weekly,0.0,maintained_weekly,1.0,1.0,1.0,1.0,1,1
B,10962010,9,2008,11,2012,R9KCNT,R11KCNT,1.0,1.0,weekly,weekly,0.0,maintained_weekly,0.0,0.0,1.0,1.0,1,1
B,11253010,9,2008,11,2012,R9KCNT,R11KCNT,0.0,1.0,less_than_weekly,weekly,1.0,increased_to_weekly,0.0,0.0,0.0,1.0,0,1
B,11332010,9,2008,11,2012,R9KCNT,R11KCNT,1.0,1.0,weekly,weekly,0.0,maintained_weekly,0.0,0.0,1.0,1.0,1,1
B,11332020,9,2008,11,2012,R9KCNT,R11KCNT,1.0,1.0,weekly,weekly,0.0,maintained_weekly,0.0,1.0,1.0,1.0,1,1
B,11368010,9,2008,11,2012,R9KCNT,R11KCNT,,,no_children,no_children,,,,,,,.k,.k
B,11368020,9,2008,11,2012,R9KCNT,R11KCNT,0.0,1.0,less_than_weekly,weekly,1.0,increased_to_weekly,0.0,0.0,0.0,1.0,0,1
B,11377010,9,2008,11,2012,R9KCNT,R11KCNT,1.0,1.0,weekly,weekly,0.0,maintained_weekly,0.0,1.0,1.0,1.0,1,1
B,11377040,9,2008,11,2012,R9KCNT,R11KCNT,1.0,1.0,weekly,weekly,0.0,maintained_weekly,0.0,0.0,1.0,1.0,1,1
B,11423010,9,2008,11,2012,R9KCNT,R11KCNT,,,no_children,no_children,,,,,,,.k,.k
B,11506010,9,2008,11,2012,R9KCNT,R11KCNT,1.0,1.0,weekly,weekly,0.0,maintained_weekly,1.0,1.0,1.0,1.0,1,1
B,11563010,9,2008,11,2012,R9KCNT,R11KCNT,0.0,1.0,less_than_weekly,weekly,1.0,increased_to_weekly,0.0,1.0,0.0,1.0,0,1
B,11611010,9,2008,11,2012,R9KCNT,R11KCNT,1.0,1.0,weekly,weekly,0.0,maintained_weekly,0.0,1.0,1.0,1.0,1,1
B,11626010,9,2008,11,2012,R9KCNT,R11KCNT,1.0,1.0,weekly,weekly,0.0,maintained_weekly,1.0,1.0,1.0,1.0,1,1
B,11667030,9,2008,11,2012,R9KCNT,R11KCNT,1.0,1.0,weekly,weekly,0.0,maintained_weekly,1.0,1.0,1.0,1.0,1,1
B,11690010,9,2008,11,2012,R9KCNT,R11KCNT,1.0,1.0,weekly,weekly,0.0,maintained_weekly,1.0,1.0,1.0,1.0,1,1
B,11787010,9,2008,11,2012,R9KCNT,R11KCNT,1.0,1.0,weekly,weekly,0.0,maintained_weekly,1.0,0.0,1.0,1.0,1,1
B,11825010,9,2008,11,2012,R9KCNT,R11KCNT,1.0,1.0,weekly,weekly,0.0,maintained_weekly,1.0,1.0,1.0,1.0,1,1
B,11862030,9,2008,11,2012,R9KCNT,R11KCNT,1.0,1.0,weekly,weekly,0.0,maintained_weekly,0.0,0.0,1.0,1.0,1,1
B,11881010,9,2008,11,2012,R9KCNT,R11KCNT,1.0,,weekly,leave_behind_not_completed_or_ineligible,,,0.0,,1.0,,1,.l
B,11881011,9,2008,11,2012,R9KCNT,R11KCNT,1.0,1.0,weekly,weekly,0.0,maintained_weekly,0.0,0.0,1.0,1.0,1,1
B,11911010,9,2008,11,2012,R9KCNT,R11KCNT,1.0,1.0,weekly,weekly,0.0,maintained_weekly,1.0,1.0,1.0,1.0,1,1
B,11932020,9,2008,11,2012,R9KCNT,R11KCNT,1.0,1.0,weekly,weekly,0.0,maintained_weekly,0.0,1.0,1.0,1.0,1,1
B,11933010,9,2008,11,2012,R9KCNT,R11KCNT,1.0,1.0,weekly,weekly,0.0,maintained_weekly,1.0,1.0,1.0,1.0,1,1
B,11936010,9,2008,11,2012,R9KCNT,R11KCNT,1.0,1.0,weekly,weekly,0.0,maintained_weekly,0.0,0.0,1.0,1.0,1,1
B,11948020,9,2008,11,2012,R9KCNT,R11KCNT,1.0,1.0,weekly,weekly,0.0,maintained_weekly,0.0,0.0,1.0,1.0,1,1
B,11983040,9,2008,11,2012,R9KCNT,R11KCNT,1.0,1.0,weekly,weekly,0.0,maintained_weekly,0.0,0.0,1.0,1.0,1,1
B,11993010,9,2008,11,2012,R9KCNT,R11KCNT,1.0,1.0,weekly,weekly,0.0,maintained_weekly,1.0,1.0,1.0,1.0,1,1
B,11993020,9,2008,11,2012,R9KCNT,R11KCNT,1.0,1.0,weekly,weekly,0.0,maintained_weekly,1.0,1.0,1.0,1.0,1,1
B,12009010,9,2008,11,2012,R9KCNT,R11KCNT,,,missing_response,missing_response,,,,,,,.m,.m
B,12009040,9,2008,11,2012,R9KCNT,R11KCNT,,0.0,missing_response,less_than_weekly,,,,0.0,,0.0,.m,0
B,12033010,9,2008,11,2012,R9KCNT,R11KCNT,1.0,1.0,weekly,weekly,0.0,maintained_weekly,1.0,1.0,1.0,1.0,1,1
B,12033011,9,2008,11,2012,R9KCNT,R11KCNT,1.0,1.0,weekly,weekly,0.0,maintained_weekly,0.0,0.0,1.0,1.0,1,1
B,12104010,9,2008,11,2012,R9KCNT,R11KCNT,,,no_children,no_children,,,,,,,.k,.k
B,12104020,9,2008,11,2012,R9KCNT,R11KCNT,0.0,0.0,less_than_weekly,less_than_weekly,0.0,persistently_below_weekly,0.0,0.0,0.0,0.0,0,0
B,12135020,9,2008,11,2012,R9KCNT,R11KCNT,0.0,0.0,less_than_weekly,less_than_weekly,0.0,persistently_below_weekly,0.0,0.0,0.0,0.0,0,0
B,12135030,9,2008,11,2012,R9KCNT,R11KCNT,1.0,0.0,weekly,less_than_weekly,-1.0,decreased_below_weekly,0.0,0.0,1.0,0.0,1,0
B,12145020,9,2008,11,2012,R9KCNT,R11KCNT,1.0,1.0,weekly,weekly,0.0,maintained_weekly,0.0,0.0,1.0,1.0,1,1
B,12161010,9,2008,11,2012,R9KCNT,R11KCNT,1.0,1.0,weekly,weekly,0.0,maintained_weekly,1.0,1.0,1.0,1.0,1,1
B,12172010,9,2008,11,2012,R9KCNT,R11KCNT,1.0,1.0,weekly,weekly,0.0,maintained_weekly,0.0,0.0,1.0,1.0,1,1
B,12179010,9,2008,11,2012,R9KCNT,R11KCNT,1.0,1.0,weekly,weekly,0.0,maintained_weekly,0.0,0.0,1.0,1.0,1,1
B,12196010,9,2008,11,2012,R9KCNT,R11KCNT,,1.0,no_children,weekly,,,,0.0,,1.0,.k,1
B,12196020,9,2008,11,2012,R9KCNT,R11KCNT,1.0,1.0,weekly,weekly,0.0,maintained_weekly,1.0,0.0,1.0,1.0,1,1
B,12218010,9,2008,11,2012,R9KCNT,R11KCNT,1.0,0.0,weekly,less_than_weekly,-1.0,decreased_below_weekly,1.0,0.0,1.0,0.0,1,0
B,12218020,9,2008,11,2012,R9KCNT,R11KCNT,1.0,1.0,weekly,weekly,0.0,maintained_weekly,,0.0,1.0,1.0,1,1
B,12243020,9,2008,11,2012,R9KCNT,R11KCNT,1.0,1.0,weekly,weekly,0.0,maintained_weekly,0.0,0.0,1.0,1.0,1,1
B,12243030,9,2008,11,2012,R9KCNT,R11KCNT,1.0,1.0,weekly,weekly,0.0,maintained_weekly,1.0,1.0,1.0,1.0,1,1
B,12273010,9,2008,11,2012,R9KCNT,R11KCNT,1.0,1.0,weekly,weekly,0.0,maintained_weekly,1.0,1.0,1.0,1.0,1,1
B,12273040,9,2008,11,2012,R9KCNT,R11KCNT,0.0,0.0,less_than_weekly,less_than_weekly,0.0,persistently_below_weekly,0.0,0.0,0.0,0.0,0,0
B,12274010,9,2008,11,2012,R9KCNT,R11KCNT,1.0,1.0,weekly,weekly,0.0,maintained_weekly,1.0,0.0,1.0,1.0,1,1
B,12274020,9,2008,11,2012,R9KCNT,R11KCNT,1.0,1.0,weekly,weekly,0.0,maintained_weekly,1.0,0.0,0.0,1.0,1,1
B,12276020,9,2008,11,2012,R9KCNT,R11KCNT,1.0,1.0,weekly,weekly,0.0,maintained_weekly,0.0,0.0,1.0,1.0,1,1
B,12276030,9,2008,11,2012,R9KCNT,R11KCNT,0.0,,less_than_weekly,no_children,,,0.0,,0.0,,0,.k
B,12280020,9,2008,11,2012,R9KCNT,R11KCNT,0.0,0.0,less_than_weekly,less_than_weekly,0.0,persistently_below_weekly,0.0,0.0,0.0,0.0,0,0
B,12280030,9,2008,11,2012,R9KCNT,R11KCNT,1.0,1.0,weekly,weekly,0.0,maintained_weekly,0.0,0.0,1.0,1.0,1,1
B,12285010,9,2008,11,2012,R9KCNT,R11KCNT,1.0,0.0,weekly,less_than_weekly,-1.0,decreased_below_weekly,0.0,0.0,1.0,0.0,1,0
B,12318010,9,2008,11,2012,R9KCNT,R11KCNT,1.0,1.0,weekly,weekly,0.0,maintained_weekly,1.0,1.0,1.0,1.0,1,1
B,12344010,9,2008,11,2012,R9KCNT,R11KCNT,1.0,1.0,weekly,weekly,0.0,maintained_weekly,1.0,1.0,1.0,1.0,1,1
B,12344020,9,2008,11,2012,R9KCNT,R11KCNT,1.0,1.0,weekly,weekly,0.0,maintained_weekly,1.0,1.0,1.0,1.0,1,1
B,12394010,9,2008,11,2012,R9KCNT,R11KCNT,1.0,,weekly,not_interviewed_or_plain_missing,,,0.0,,1.0,,1,.
B,12401040,9,2008,11,2012,R9KCNT,R11KCNT,1.0,1.0,weekly,weekly,0.0,maintained_weekly,1.0,0.0,1.0,1.0,1,1
B,12474040,9,2008,11,2012,R9KCNT,R11KCNT,1.0,1.0,weekly,weekly,0.0,maintained_weekly,0.0,1.0,1.0,1.0,1,1
B,12481010,9,2008,11,2012,R9KCNT,R11KCNT,,,no_children,no_children,,,,,,,.k,.k
B,12481011,9,2008,11,2012,R9KCNT,R11KCNT,,,no_children,no_children,,,,,,,.k,.k
B,12510020,9,2008,11,2012,R9KCNT,R11KCNT,1.0,1.0,weekly,weekly,0.0,maintained_weekly,1.0,0.0,1.0,1.0,1,1
B,12512010,9,2008,11,2012,R9KCNT,R11KCNT,1.0,1.0,weekly,weekly,0.0,maintained_weekly,0.0,0.0,1.0,1.0,1,1
B,12512020,9,2008,11,2012,R9KCNT,R11KCNT,1.0,1.0,weekly,weekly,0.0,maintained_weekly,0.0,0.0,1.0,1.0,1,1
B,12516010,9,2008,11,2012,R9KCNT,R11KCNT,0.0,1.0,less_than_weekly,weekly,1.0,increased_to_weekly,0.0,0.0,0.0,1.0,0,1
B,12516040,9,2008,11,2012,R9KCNT,R11KCNT,1.0,1.0,weekly,weekly,0.0,maintained_weekly,0.0,0.0,1.0,1.0,1,1
B,12562011,9,2008,11,2012,R9KCNT,R11KCNT,1.0,1.0,weekly,weekly,0.0,maintained_weekly,0.0,0.0,1.0,1.0,1,1
B,12571020,9,2008,11,2012,R9KCNT,R11KCNT,1.0,0.0,weekly,less_than_weekly,-1.0,decreased_below_weekly,1.0,0.0,1.0,0.0,1,0
B,12573011,9,2008,11,2012,R9KCNT,R11KCNT,1.0,1.0,weekly,weekly,0.0,maintained_weekly,1.0,1.0,1.0,1.0,1,1
B,12596010,9,2008,11,2012,R9KCNT,R11KCNT,1.0,1.0,weekly,weekly,0.0,maintained_weekly,1.0,1.0,1.0,1.0,1,1
B,12671010,9,2008,11,2012,R9KCNT,R11KCNT,,1.0,leave_behind_not_completed_or_ineligible,weekly,,,,0.0,,1.0,.l,1
B,12756010,9,2008,11,2012,R9KCNT,R11KCNT,,,no_children,no_children,,,,,,,.k,.k
B,12756011,9,2008,11,2012,R9KCNT,R11KCNT,0.0,,less_than_weekly,not_interviewed_or_plain_missing,,,0.0,,0.0,,0,.
B,12762010,9,2008,11,2012,R9KCNT,R11KCNT,,1.0,not_interviewed_or_plain_missing,weekly,,,,1.0,,1.0,.,1
B,12762020,9,2008,11,2012,R9KCNT,R11KCNT,0.0,1.0,less_than_weekly,weekly,1.0,increased_to_weekly,0.0,0.0,0.0,1.0,0,1
B,12765010,9,2008,11,2012,R9KCNT,R11KCNT,1.0,0.0,weekly,less_than_weekly,-1.0,decreased_below_weekly,0.0,0.0,1.0,0.0,1,0
B,12786010,9,2008,11,2012,R9KCNT,R11KCNT,,,no_children,no_children,,,,,,,.k,.k
B,12821010,9,2008,11,2012,R9KCNT,R11KCNT,,,no_children,no_children,,,,,,,.k,.k
B,12967010,9,2008,11,2012,R9KCNT,R11KCNT,1.0,1.0,weekly,weekly,0.0,maintained_weekly,1.0,0.0,1.0,1.0,1,1
B,12974010,9,2008,11,2012,R9KCNT,R11KCNT,1.0,1.0,weekly,weekly,0.0,maintained_weekly,1.0,0.0,1.0,1.0,1,1
B,12981030,9,2008,11,2012,R9KCNT,R11KCNT,1.0,1.0,weekly,weekly,0.0,maintained_weekly,1.0,1.0,1.0,1.0,1,1
B,13062010,9,2008,11,2012,R9KCNT,R11KCNT,0.0,1.0,less_than_weekly,weekly,1.0,increased_to_weekly,0.0,1.0,0.0,1.0,0,1
B,13142010,9,2008,11,2012,R9KCNT,R11KCNT,0.0,1.0,less_than_weekly,weekly,1.0,increased_to_weekly,0.0,0.0,0.0,1.0,0,1
B,13142020,9,2008,11,2012,R9KCNT,R11KCNT,0.0,1.0,less_than_weekly,weekly,1.0,increased_to_weekly,0.0,0.0,0.0,1.0,0,1
B,13296010,9,2008,11,2012,R9KCNT,R11KCNT,,,no_children,no_children,,,,,,,.k,.k
B,13317010,9,2008,11,2012,R9KCNT,R11KCNT,1.0,1.0,weekly,weekly,0.0,maintained_weekly,0.0,1.0,1.0,1.0,1,1
B,13318020,9,2008,11,2012,R9KCNT,R11KCNT,,1.0,leave_behind_not_completed_or_ineligible,weekly,,,,0.0,,1.0,.l,1
B,13344010,9,2008,11,2012,R9KCNT,R11KCNT,,,no_children,no_children,,,,,,,.k,.k
B,13527010,9,2008,11,2012,R9KCNT,R11KCNT,1.0,1.0,weekly,weekly,0.0,maintained_weekly,0.0,0.0,1.0,1.0,1,1
B,13527020,9,2008,11,2012,R9KCNT,R11KCNT,1.0,,weekly,missing_response,,,1.0,,1.0,,1,.m
B,13547020,9,2008,11,2012,R9KCNT,R11KCNT,1.0,1.0,weekly,weekly,0.0,maintained_weekly,1.0,1.0,1.0,1.0,1,1
B,13561020,9,2008,11,2012,R9KCNT,R11KCNT,1.0,1.0,weekly,weekly,0.0,maintained_weekly,1.0,1.0,1.0,1.0,1,1
B,13583030,9,2008,11,2012,R9KCNT,R11KCNT,1.0,1.0,weekly,weekly,0.0,maintained_weekly,0.0,0.0,1.0,1.0,1,1
B,13595011,9,2008,11,2012,R9KCNT,R11KCNT,0.0,0.0,less_than_weekly,less_than_weekly,0.0,persistently_below_weekly,0.0,0.0,0.0,0.0,0,0
B,13600010,9,2008,11,2012,R9KCNT,R11KCNT,1.0,1.0,weekly,weekly,0.0,maintained_weekly,1.0,1.0,1.0,1.0,1,1
B,13600020,9,2008,11,2012,R9KCNT,R11KCNT,1.0,1.0,weekly,weekly,0.0,maintained_weekly,1.0,1.0,1.0,1.0,1,1
B,13612010,9,2008,11,2012,R9KCNT,R11KCNT,1.0,1.0,weekly,weekly,0.0,maintained_weekly,1.0,1.0,1.0,1.0,1,1
B,13678010,9,2008,11,2012,R9KCNT,R11KCNT,1.0,1.0,weekly,weekly,0.0,maintained_weekly,1.0,1.0,1.0,1.0,1,1
B,13753010,9,2008,11,2012,R9KCNT,R11KCNT,1.0,1.0,weekly,weekly,0.0,maintained_weekly,1.0,1.0,1.0,1.0,1,1
B,13753020,9,2008,11,2012,R9KCNT,R11KCNT,1.0,1.0,weekly,weekly,0.0,maintained_weekly,1.0,1.0,1.0,0.0,1,1
B,13784010,9,2008,11,2012,R9KCNT,R11KCNT,1.0,,weekly,leave_behind_not_completed_or_ineligible,,,0.0,,1.0,,1,.l
B,13784040,9,2008,11,2012,R9KCNT,R11KCNT,1.0,1.0,weekly,weekly,0.0,maintained_weekly,0.0,0.0,1.0,1.0,1,1
B,13802020,9,2008,11,2012,R9KCNT,R11KCNT,1.0,1.0,weekly,weekly,0.0,maintained_weekly,1.0,1.0,1.0,1.0,1,1
B,13813010,9,2008,11,2012,R9KCNT,R11KCNT,1.0,1.0,weekly,weekly,0.0,maintained_weekly,1.0,1.0,1.0,1.0,1,1
B,13814010,9,2008,11,2012,R9KCNT,R11KCNT,1.0,0.0,weekly,less_than_weekly,-1.0,decreased_below_weekly,0.0,0.0,1.0,0.0,1,0
B,13814040,9,2008,11,2012,R9KCNT,R11KCNT,0.0,0.0,less_than_weekly,less_than_weekly,0.0,persistently_below_weekly,0.0,0.0,0.0,0.0,0,0
B,13815010,9,2008,11,2012,R9KCNT,R11KCNT,1.0,,weekly,no_children,,,0.0,,1.0,,1,.k
B,13817010,9,2008,11,2012,R9KCNT,R11KCNT,,,no_children,no_children,,,,,,,.k,.k
B,13817011,9,2008,11,2012,R9KCNT,R11KCNT,1.0,1.0,weekly,weekly,0.0,maintained_weekly,0.0,0.0,1.0,1.0,1,1
B,13817041,9,2008,11,2012,R9KCNT,R11KCNT,1.0,1.0,weekly,weekly,0.0,maintained_weekly,0.0,0.0,1.0,1.0,1,1
B,13912010,9,2008,11,2012,R9KCNT,R11KCNT,1.0,1.0,weekly,weekly,0.0,maintained_weekly,1.0,1.0,1.0,1.0,1,1
B,13912020,9,2008,11,2012,R9KCNT,R11KCNT,1.0,1.0,weekly,weekly,0.0,maintained_weekly,1.0,1.0,1.0,1.0,1,1
B,13915011,9,2008,11,2012,R9KCNT,R11KCNT,0.0,1.0,less_than_weekly,weekly,1.0,increased_to_weekly,0.0,0.0,0.0,1.0,0,1
B,14033010,9,2008,11,2012,R9KCNT,R11KCNT,1.0,1.0,weekly,weekly,0.0,maintained_weekly,1.0,1.0,1.0,1.0,1,1
B,14043010,9,2008,11,2012,R9KCNT,R11KCNT,1.0,1.0,weekly,weekly,0.0,maintained_weekly,1.0,1.0,1.0,1.0,1,1
B,14043020,9,2008,11,2012,R9KCNT,R11KCNT,1.0,1.0,weekly,weekly,0.0,maintained_weekly,1.0,1.0,1.0,1.0,1,1
B,14080030,9,2008,11,2012,R9KCNT,R11KCNT,1.0,1.0,weekly,weekly,0.0,maintained_weekly,0.0,0.0,1.0,1.0,1,1
B,14104020,9,2008,11,2012,R9KCNT,R11KCNT,,,no_children,no_children,,,,,,,.k,.k
B,14149020,9,2008,11,2012,R9KCNT,R11KCNT,0.0,1.0,less_than_weekly,weekly,1.0,increased_to_weekly,0.0,0.0,0.0,1.0,0,1
B,14149030,9,2008,11,2012,R9KCNT,R11KCNT,0.0,1.0,less_than_weekly,weekly,1.0,increased_to_weekly,0.0,0.0,0.0,1.0,0,1
B,14167010,9,2008,11,2012,R9KCNT,R11KCNT,1.0,0.0,weekly,less_than_weekly,-1.0,decreased_below_weekly,0.0,0.0,1.0,0.0,1,0
B,14179010,9,2008,11,2012,R9KCNT,R11KCNT,1.0,1.0,weekly,weekly,0.0,maintained_weekly,1.0,0.0,1.0,1.0,1,1
B,14179040,9,2008,11,2012,R9KCNT,R11KCNT,1.0,1.0,weekly,weekly,0.0,maintained_weekly,1.0,1.0,1.0,1.0,1,1
B,14212010,9,2008,11,2012,R9KCNT,R11KCNT,1.0,0.0,weekly,less_than_weekly,-1.0,decreased_below_weekly,1.0,0.0,1.0,0.0,1,0
B,14214010,9,2008,11,2012,R9KCNT,R11KCNT,0.0,0.0,less_than_weekly,less_than_weekly,0.0,persistently_below_weekly,,0.0,0.0,0.0,0,0
B,14234010,9,2008,11,2012,R9KCNT,R11KCNT,1.0,1.0,weekly,weekly,0.0,maintained_weekly,1.0,1.0,1.0,1.0,1,1
B,14234011,9,2008,11,2012,R9KCNT,R11KCNT,1.0,1.0,weekly,weekly,0.0,maintained_weekly,0.0,1.0,1.0,1.0,1,1
B,14252010,9,2008,11,2012,R9KCNT,R11KCNT,1.0,1.0,weekly,weekly,0.0,maintained_weekly,0.0,0.0,1.0,1.0,1,1
B,14341010,9,2008,11,2012,R9KCNT,R11KCNT,1.0,0.0,weekly,less_than_weekly,-1.0,decreased_below_weekly,0.0,0.0,1.0,0.0,1,0
B,14359010,9,2008,11,2012,R9KCNT,R11KCNT,1.0,1.0,weekly,weekly,0.0,maintained_weekly,0.0,0.0,1.0,1.0,1,1
B,14359020,9,2008,11,2012,R9KCNT,R11KCNT,1.0,1.0,weekly,weekly,0.0,maintained_weekly,1.0,1.0,1.0,1.0,1,1
B,14397010,9,2008,11,2012,R9KCNT,R11KCNT,1.0,1.0,weekly,weekly,0.0,maintained_weekly,0.0,0.0,1.0,1.0,1,1
B,14397020,9,2008,11,2012,R9KCNT,R11KCNT,1.0,1.0,weekly,weekly,0.0,maintained_weekly,0.0,0.0,1.0,1.0,1,1
B,14427010,9,2008,11,2012,R9KCNT,R11KCNT,0.0,,less_than_weekly,no_children,,,0.0,,0.0,,0,.k
B,14430010,9,2008,11,2012,R9KCNT,R11KCNT,1.0,1.0,weekly,weekly,0.0,maintained_weekly,1.0,1.0,,1.0,1,1
B,14430020,9,2008,11,2012,R9KCNT,R11KCNT,1.0,1.0,weekly,weekly,0.0,maintained_weekly,0.0,0.0,1.0,1.0,1,1
B,14455011,9,2008,11,2012,R9KCNT,R11KCNT,1.0,1.0,weekly,weekly,0.0,maintained_weekly,0.0,0.0,1.0,1.0,1,1
B,14456010,9,2008,11,2012,R9KCNT,R11KCNT,1.0,1.0,weekly,weekly,0.0,maintained_weekly,0.0,0.0,1.0,1.0,1,1
B,14456020,9,2008,11,2012,R9KCNT,R11KCNT,1.0,1.0,weekly,weekly,0.0,maintained_weekly,0.0,0.0,1.0,1.0,1,1
B,14458030,9,2008,11,2012,R9KCNT,R11KCNT,0.0,1.0,less_than_weekly,weekly,1.0,increased_to_weekly,0.0,0.0,0.0,1.0,0,1
B,14458031,9,2008,11,2012,R9KCNT,R11KCNT,0.0,0.0,less_than_weekly,less_than_weekly,0.0,persistently_below_weekly,0.0,0.0,0.0,0.0,0,0
B,14640010,9,2008,11,2012,R9KCNT,R11KCNT,1.0,1.0,weekly,weekly,0.0,maintained_weekly,1.0,0.0,1.0,1.0,1,1
B,14674010,9,2008,11,2012,R9KCNT,R11KCNT,1.0,1.0,weekly,weekly,0.0,maintained_weekly,0.0,1.0,1.0,1.0,1,1
B,14681010,9,2008,11,2012,R9KCNT,R11KCNT,0.0,1.0,less_than_weekly,weekly,1.0,increased_to_weekly,0.0,0.0,0.0,1.0,0,1
B,14681040,9,2008,11,2012,R9KCNT,R11KCNT,0.0,,less_than_weekly,leave_behind_not_completed_or_ineligible,,,0.0,,0.0,,0,.l
B,14726010,9,2008,11,2012,R9KCNT,R11KCNT,1.0,1.0,weekly,weekly,0.0,maintained_weekly,1.0,0.0,1.0,1.0,1,1
B,14726040,9,2008,11,2012,R9KCNT,R11KCNT,1.0,1.0,weekly,weekly,0.0,maintained_weekly,1.0,1.0,1.0,1.0,1,1
B,14736020,9,2008,11,2012,R9KCNT,R11KCNT,,1.0,not_interviewed_or_plain_missing,weekly,,,,1.0,,1.0,.,1
B,14830020,9,2008,11,2012,R9KCNT,R11KCNT,1.0,0.0,weekly,less_than_weekly,-1.0,decreased_below_weekly,,0.0,1.0,0.0,1,0
B,14844010,9,2008,11,2012,R9KCNT,R11KCNT,,,no_children,no_children,,,,,,,.k,.k
B,14852020,9,2008,11,2012,R9KCNT,R11KCNT,1.0,1.0,weekly,weekly,0.0,maintained_weekly,1.0,0.0,1.0,1.0,1,1
B,14872010,9,2008,11,2012,R9KCNT,R11KCNT,0.0,0.0,less_than_weekly,less_than_weekly,0.0,persistently_below_weekly,0.0,0.0,0.0,0.0,0,0
B,14872020,9,2008,11,2012,R9KCNT,R11KCNT,1.0,0.0,weekly,less_than_weekly,-1.0,decreased_below_weekly,0.0,0.0,1.0,0.0,1,0
B,14992010,9,2008,11,2012,R9KCNT,R11KCNT,0.0,1.0,less_than_weekly,weekly,1.0,increased_to_weekly,0.0,0.0,0.0,1.0,0,1
B,15189010,9,2008,11,2012,R9KCNT,R11KCNT,1.0,1.0,weekly,weekly,0.0,maintained_weekly,0.0,1.0,1.0,1.0,1,1
B,15195010,9,2008,11,2012,R9KCNT,R11KCNT,1.0,1.0,weekly,weekly,0.0,maintained_weekly,0.0,1.0,1.0,1.0,1,1
B,15294010,9,2008,11,2012,R9KCNT,R11KCNT,1.0,1.0,weekly,weekly,0.0,maintained_weekly,1.0,0.0,1.0,1.0,1,1
B,15332040,9,2008,11,2012,R9KCNT,R11KCNT,0.0,,less_than_weekly,missing_response,,,0.0,,0.0,,0,.m
B,15339010,9,2008,11,2012,R9KCNT,R11KCNT,0.0,1.0,less_than_weekly,weekly,1.0,increased_to_weekly,0.0,1.0,0.0,1.0,0,1
B,15346030,9,2008,11,2012,R9KCNT,R11KCNT,,,no_children,no_children,,,,,,,.k,.k
B,15429010,9,2008,11,2012,R9KCNT,R11KCNT,1.0,1.0,weekly,weekly,0.0,maintained_weekly,1.0,1.0,1.0,1.0,1,1
B,15436010,9,2008,11,2012,R9KCNT,R11KCNT,1.0,1.0,weekly,weekly,0.0,maintained_weekly,1.0,1.0,1.0,1.0,1,1
B,15436020,9,2008,11,2012,R9KCNT,R11KCNT,1.0,1.0,weekly,weekly,0.0,maintained_weekly,,0.0,1.0,1.0,1,1
B,15440010,9,2008,11,2012,R9KCNT,R11KCNT,1.0,1.0,weekly,weekly,0.0,maintained_weekly,0.0,0.0,1.0,1.0,1,1
B,15445010,9,2008,11,2012,R9KCNT,R11KCNT,1.0,1.0,weekly,weekly,0.0,maintained_weekly,1.0,1.0,1.0,1.0,1,1
B,15445040,9,2008,11,2012,R9KCNT,R11KCNT,1.0,1.0,weekly,weekly,0.0,maintained_weekly,1.0,1.0,1.0,1.0,1,1
B,15497010,9,2008,11,2012,R9KCNT,R11KCNT,1.0,1.0,weekly,weekly,0.0,maintained_weekly,0.0,0.0,1.0,1.0,1,1
B,15514020,9,2008,11,2012,R9KCNT,R11KCNT,1.0,,weekly,leave_behind_not_completed_or_ineligible,,,1.0,,1.0,,1,.l
B,15537010,9,2008,11,2012,R9KCNT,R11KCNT,1.0,1.0,weekly,weekly,0.0,maintained_weekly,1.0,1.0,1.0,1.0,1,1
B,15543010,9,2008,11,2012,R9KCNT,R11KCNT,1.0,1.0,weekly,weekly,0.0,maintained_weekly,1.0,1.0,1.0,1.0,1,1
B,15543020,9,2008,11,2012,R9KCNT,R11KCNT,1.0,1.0,weekly,weekly,0.0,maintained_weekly,1.0,1.0,1.0,1.0,1,1
B,15570040,9,2008,11,2012,R9KCNT,R11KCNT,1.0,1.0,weekly,weekly,0.0,maintained_weekly,1.0,0.0,1.0,1.0,1,1
B,15588040,9,2008,11,2012,R9KCNT,R11KCNT,1.0,1.0,weekly,weekly,0.0,maintained_weekly,1.0,1.0,1.0,1.0,1,1
B,15591010,9,2008,11,2012,R9KCNT,R11KCNT,1.0,1.0,weekly,weekly,0.0,maintained_weekly,1.0,1.0,1.0,1.0,1,1
B,15593020,9,2008,11,2012,R9KCNT,R11KCNT,1.0,1.0,weekly,weekly,0.0,maintained_weekly,0.0,1.0,1.0,1.0,1,1
B,15657010,9,2008,11,2012,R9KCNT,R11KCNT,1.0,1.0,weekly,weekly,0.0,maintained_weekly,1.0,1.0,1.0,1.0,1,1
B,15658010,9,2008,11,2012,R9KCNT,R11KCNT,1.0,1.0,weekly,weekly,0.0,maintained_weekly,,1.0,1.0,1.0,1,1
B,15676010,9,2008,11,2012,R9KCNT,R11KCNT,1.0,0.0,weekly,less_than_weekly,-1.0,decreased_below_weekly,0.0,,1.0,0.0,1,0
B,15676040,9,2008,11,2012,R9KCNT,R11KCNT,1.0,1.0,weekly,weekly,0.0,maintained_weekly,,0.0,1.0,1.0,1,1
B,15698010,9,2008,11,2012,R9KCNT,R11KCNT,1.0,1.0,weekly,weekly,0.0,maintained_weekly,0.0,0.0,1.0,1.0,1,1
B,15709020,9,2008,11,2012,R9KCNT,R11KCNT,1.0,,weekly,leave_behind_not_completed_or_ineligible,,,0.0,,1.0,,1,.l
B,15730030,9,2008,11,2012,R9KCNT,R11KCNT,0.0,0.0,less_than_weekly,less_than_weekly,0.0,persistently_below_weekly,0.0,0.0,0.0,0.0,0,0
B,15752020,9,2008,11,2012,R9KCNT,R11KCNT,1.0,1.0,weekly,weekly,0.0,maintained_weekly,1.0,1.0,1.0,1.0,1,1
B,15779010,9,2008,11,2012,R9KCNT,R11KCNT,1.0,0.0,weekly,less_than_weekly,-1.0,decreased_below_weekly,1.0,0.0,1.0,0.0,1,0
B,15801040,9,2008,11,2012,R9KCNT,R11KCNT,1.0,1.0,weekly,weekly,0.0,maintained_weekly,,,1.0,1.0,1,1
B,15883010,9,2008,11,2012,R9KCNT,R11KCNT,1.0,1.0,weekly,weekly,0.0,maintained_weekly,0.0,0.0,1.0,1.0,1,1
B,15883011,9,2008,11,2012,R9KCNT,R11KCNT,1.0,1.0,weekly,weekly,0.0,maintained_weekly,0.0,0.0,1.0,1.0,1,1
B,15893010,9,2008,11,2012,R9KCNT,R11KCNT,1.0,1.0,weekly,weekly,0.0,maintained_weekly,1.0,1.0,1.0,1.0,1,1
B,15893020,9,2008,11,2012,R9KCNT,R11KCNT,1.0,1.0,weekly,weekly,0.0,maintained_weekly,1.0,0.0,1.0,1.0,1,1
B,15935011,9,2008,11,2012,R9KCNT,R11KCNT,0.0,1.0,less_than_weekly,weekly,1.0,increased_to_weekly,0.0,0.0,,1.0,0,1
B,15972010,9,2008,11,2012,R9KCNT,R11KCNT,,,no_children,no_children,,,,,,,.k,.k
B,15986010,9,2008,11,2012,R9KCNT,R11KCNT,1.0,1.0,weekly,weekly,0.0,maintained_weekly,0.0,0.0,1.0,1.0,1,1
B,16022010,9,2008,11,2012,R9KCNT,R11KCNT,1.0,1.0,weekly,weekly,0.0,maintained_weekly,1.0,1.0,1.0,1.0,1,1
B,16022040,9,2008,11,2012,R9KCNT,R11KCNT,1.0,1.0,weekly,weekly,0.0,maintained_weekly,1.0,1.0,1.0,0.0,1,1
B,16035010,9,2008,11,2012,R9KCNT,R11KCNT,1.0,1.0,weekly,weekly,0.0,maintained_weekly,1.0,1.0,1.0,1.0,1,1
B,16035040,9,2008,11,2012,R9KCNT,R11KCNT,1.0,1.0,weekly,weekly,0.0,maintained_weekly,1.0,1.0,1.0,1.0,1,1
B,16036010,9,2008,11,2012,R9KCNT,R11KCNT,1.0,1.0,weekly,weekly,0.0,maintained_weekly,0.0,0.0,1.0,1.0,1,1
B,16036040,9,2008,11,2012,R9KCNT,R11KCNT,1.0,0.0,weekly,less_than_weekly,-1.0,decreased_below_weekly,0.0,0.0,1.0,0.0,1,0
B,16042010,9,2008,11,2012,R9KCNT,R11KCNT,0.0,1.0,less_than_weekly,weekly,1.0,increased_to_weekly,0.0,1.0,0.0,1.0,0,1
B,16042011,9,2008,11,2012,R9KCNT,R11KCNT,0.0,0.0,less_than_weekly,less_than_weekly,0.0,persistently_below_weekly,0.0,0.0,0.0,0.0,0,0
B,16119020,9,2008,11,2012,R9KCNT,R11KCNT,1.0,1.0,weekly,weekly,0.0,maintained_weekly,1.0,0.0,1.0,1.0,1,1
B,16161020,9,2008,11,2012,R9KCNT,R11KCNT,0.0,0.0,less_than_weekly,less_than_weekly,0.0,persistently_below_weekly,0.0,0.0,0.0,0.0,0,0
B,16162010,9,2008,11,2012,R9KCNT,R11KCNT,1.0,1.0,weekly,weekly,0.0,maintained_weekly,1.0,1.0,1.0,1.0,1,1
B,16162040,9,2008,11,2012,R9KCNT,R11KCNT,1.0,1.0,weekly,weekly,0.0,maintained_weekly,1.0,1.0,1.0,1.0,1,1
B,16221010,9,2008,11,2012,R9KCNT,R11KCNT,0.0,0.0,less_than_weekly,less_than_weekly,0.0,persistently_below_weekly,0.0,0.0,0.0,0.0,0,0
B,16237030,9,2008,11,2012,R9KCNT,R11KCNT,,1.0,leave_behind_not_completed_or_ineligible,weekly,,,,0.0,,1.0,.l,1
B,16246020,9,2008,11,2012,R9KCNT,R11KCNT,0.0,0.0,less_than_weekly,less_than_weekly,0.0,persistently_below_weekly,0.0,0.0,0.0,0.0,0,0
B,16246030,9,2008,11,2012,R9KCNT,R11KCNT,0.0,0.0,less_than_weekly,less_than_weekly,0.0,persistently_below_weekly,0.0,0.0,0.0,0.0,0,0
B,16250010,9,2008,11,2012,R9KCNT,R11KCNT,1.0,1.0,weekly,weekly,0.0,maintained_weekly,1.0,1.0,1.0,1.0,1,1
B,16250020,9,2008,11,2012,R9KCNT,R11KCNT,1.0,1.0,weekly,weekly,0.0,maintained_weekly,0.0,1.0,1.0,1.0,1,1
B,16306010,9,2008,11,2012,R9KCNT,R11KCNT,1.0,1.0,weekly,weekly,0.0,maintained_weekly,1.0,1.0,1.0,1.0,1,1
B,16331011,9,2008,11,2012,R9KCNT,R11KCNT,1.0,1.0,weekly,weekly,0.0,maintained_weekly,0.0,0.0,1.0,1.0,1,1
B,16381010,9,2008,11,2012,R9KCNT,R11KCNT,1.0,1.0,weekly,weekly,0.0,maintained_weekly,1.0,1.0,0.0,1.0,1,1
B,16381040,9,2008,11,2012,R9KCNT,R11KCNT,1.0,1.0,weekly,weekly,0.0,maintained_weekly,1.0,1.0,0.0,0.0,1,1
B,16400010,9,2008,11,2012,R9KCNT,R11KCNT,1.0,,weekly,leave_behind_not_completed_or_ineligible,,,1.0,,1.0,,1,.l
B,16415010,9,2008,11,2012,R9KCNT,R11KCNT,1.0,1.0,weekly,weekly,0.0,maintained_weekly,1.0,1.0,1.0,1.0,1,1
B,16415040,9,2008,11,2012,R9KCNT,R11KCNT,0.0,1.0,less_than_weekly,weekly,1.0,increased_to_weekly,0.0,1.0,0.0,1.0,0,1
B,16437020,9,2008,11,2012,R9KCNT,R11KCNT,1.0,,weekly,missing_response,,,,,1.0,,1,.m
B,16439020,9,2008,11,2012,R9KCNT,R11KCNT,1.0,1.0,weekly,weekly,0.0,maintained_weekly,0.0,1.0,1.0,1.0,1,1
B,16454020,9,2008,11,2012,R9KCNT,R11KCNT,1.0,1.0,weekly,weekly,0.0,maintained_weekly,1.0,1.0,1.0,1.0,1,1
B,16500010,9,2008,11,2012,R9KCNT,R11KCNT,1.0,1.0,weekly,weekly,0.0,maintained_weekly,1.0,1.0,1.0,1.0,1,1
B,16500020,9,2008,11,2012,R9KCNT,R11KCNT,1.0,1.0,weekly,weekly,0.0,maintained_weekly,1.0,1.0,1.0,1.0,1,1
B,16517010,9,2008,11,2012,R9KCNT,R11KCNT,1.0,1.0,weekly,weekly,0.0,maintained_weekly,1.0,0.0,1.0,1.0,1,1
B,16541010,9,2008,11,2012,R9KCNT,R11KCNT,1.0,1.0,weekly,weekly,0.0,maintained_weekly,0.0,1.0,1.0,1.0,1,1
B,16566010,9,2008,11,2012,R9KCNT,R11KCNT,0.0,0.0,less_than_weekly,less_than_weekly,0.0,persistently_below_weekly,0.0,0.0,0.0,0.0,0,0
B,16566020,9,2008,11,2012,R9KCNT,R11KCNT,,,no_children,no_children,,,,,,,.k,.k
B,16602020,9,2008,11,2012,R9KCNT,R11KCNT,1.0,1.0,weekly,weekly,0.0,maintained_weekly,1.0,1.0,1.0,1.0,1,1
B,16619020,9,2008,11,2012,R9KCNT,R11KCNT,,,no_children,no_children,,,,,,,.k,.k
B,16650020,9,2008,11,2012,R9KCNT,R11KCNT,1.0,1.0,weekly,weekly,0.0,maintained_weekly,0.0,0.0,1.0,1.0,1,1
B,16650030,9,2008,11,2012,R9KCNT,R11KCNT,1.0,1.0,weekly,weekly,0.0,maintained_weekly,1.0,0.0,1.0,1.0,1,1
B,16659010,9,2008,11,2012,R9KCNT,R11KCNT,1.0,1.0,weekly,weekly,0.0,maintained_weekly,1.0,0.0,1.0,1.0,1,1
B,16706010,9,2008,11,2012,R9KCNT,R11KCNT,0.0,1.0,less_than_weekly,weekly,1.0,increased_to_weekly,0.0,0.0,0.0,1.0,0,1
B,16706020,9,2008,11,2012,R9KCNT,R11KCNT,1.0,1.0,weekly,weekly,0.0,maintained_weekly,1.0,0.0,1.0,1.0,1,1
B,16710010,9,2008,11,2012,R9KCNT,R11KCNT,1.0,1.0,weekly,weekly,0.0,maintained_weekly,1.0,1.0,1.0,1.0,1,1
B,16761010,9,2008,11,2012,R9KCNT,R11KCNT,,,no_children,no_children,,,,,,,.k,.k
B,16789010,9,2008,11,2012,R9KCNT,R11KCNT,1.0,1.0,weekly,weekly,0.0,maintained_weekly,1.0,0.0,1.0,1.0,1,1
B,16789020,9,2008,11,2012,R9KCNT,R11KCNT,1.0,1.0,weekly,weekly,0.0,maintained_weekly,0.0,0.0,1.0,1.0,1,1
B,16822010,9,2008,11,2012,R9KCNT,R11KCNT,1.0,0.0,weekly,less_than_weekly,-1.0,decreased_below_weekly,1.0,0.0,1.0,0.0,1,0
B,16822020,9,2008,11,2012,R9KCNT,R11KCNT,1.0,1.0,weekly,weekly,0.0,maintained_weekly,1.0,0.0,1.0,1.0,1,1
B,16827010,9,2008,11,2012,R9KCNT,R11KCNT,1.0,1.0,weekly,weekly,0.0,maintained_weekly,1.0,1.0,1.0,1.0,1,1
B,16827040,9,2008,11,2012,R9KCNT,R11KCNT,1.0,1.0,weekly,weekly,0.0,maintained_weekly,1.0,1.0,1.0,1.0,1,1
B,16848010,9,2008,11,2012,R9KCNT,R11KCNT,1.0,1.0,weekly,weekly,0.0,maintained_weekly,0.0,0.0,1.0,1.0,1,1
B,16851010,9,2008,11,2012,R9KCNT,R11KCNT,1.0,1.0,weekly,weekly,0.0,maintained_weekly,1.0,1.0,1.0,1.0,1,1
B,16855020,9,2008,11,2012,R9KCNT,R11KCNT,1.0,1.0,weekly,weekly,0.0,maintained_weekly,1.0,1.0,1.0,1.0,1,1
B,16904010,9,2008,11,2012,R9KCNT,R11KCNT,1.0,1.0,weekly,weekly,0.0,maintained_weekly,1.0,1.0,0.0,0.0,1,1
B,16904011,9,2008,11,2012,R9KCNT,R11KCNT,1.0,1.0,weekly,weekly,0.0,maintained_weekly,1.0,1.0,1.0,1.0,1,1
B,16925010,9,2008,11,2012,R9KCNT,R11KCNT,1.0,1.0,weekly,weekly,0.0,maintained_weekly,1.0,1.0,1.0,1.0,1,1
B,16925040,9,2008,11,2012,R9KCNT,R11KCNT,1.0,1.0,weekly,weekly,0.0,maintained_weekly,1.0,0.0,1.0,1.0,1,1
B,16935010,9,2008,11,2012,R9KCNT,R11KCNT,1.0,1.0,weekly,weekly,0.0,maintained_weekly,0.0,0.0,1.0,1.0,1,1
B,16975010,9,2008,11,2012,R9KCNT,R11KCNT,1.0,,weekly,not_interviewed_or_plain_missing,,,0.0,,1.0,,1,.
B,16989010,9,2008,11,2012,R9KCNT,R11KCNT,1.0,,weekly,leave_behind_not_completed_or_ineligible,,,1.0,,1.0,,1,.l
B,16989020,9,2008,11,2012,R9KCNT,R11KCNT,1.0,1.0,weekly,weekly,0.0,maintained_weekly,1.0,1.0,1.0,1.0,1,1
B,17041010,9,2008,11,2012,R9KCNT,R11KCNT,1.0,,weekly,leave_behind_not_completed_or_ineligible,,,0.0,,1.0,,1,.l
B,17050020,9,2008,11,2012,R9KCNT,R11KCNT,1.0,,weekly,leave_behind_not_completed_or_ineligible,,,1.0,,1.0,,1,.l
B,17050030,9,2008,11,2012,R9KCNT,R11KCNT,1.0,1.0,weekly,weekly,0.0,maintained_weekly,1.0,1.0,1.0,1.0,1,1
B,17077040,9,2008,11,2012,R9KCNT,R11KCNT,,1.0,leave_behind_not_completed_or_ineligible,weekly,,,,1.0,,1.0,.l,1
B,17093040,9,2008,11,2012,R9KCNT,R11KCNT,,,no_children,no_children,,,,,,,.k,.k
B,17107010,9,2008,11,2012,R9KCNT,R11KCNT,1.0,1.0,weekly,weekly,0.0,maintained_weekly,0.0,0.0,1.0,1.0,1,1
B,17136010,9,2008,11,2012,R9KCNT,R11KCNT,1.0,1.0,weekly,weekly,0.0,maintained_weekly,1.0,1.0,1.0,1.0,1,1
B,17237010,9,2008,11,2012,R9KCNT,R11KCNT,1.0,1.0,weekly,weekly,0.0,maintained_weekly,1.0,1.0,1.0,1.0,1,1
B,17237020,9,2008,11,2012,R9KCNT,R11KCNT,1.0,1.0,weekly,weekly,0.0,maintained_weekly,1.0,1.0,1.0,1.0,1,1
B,17239010,9,2008,11,2012,R9KCNT,R11KCNT,,0.0,no_children,less_than_weekly,,,,0.0,,0.0,.k,0
B,17241010,9,2008,11,2012,R9KCNT,R11KCNT,1.0,1.0,weekly,weekly,0.0,maintained_weekly,1.0,1.0,1.0,1.0,1,1
B,17241011,9,2008,11,2012,R9KCNT,R11KCNT,1.0,1.0,weekly,weekly,0.0,maintained_weekly,1.0,1.0,1.0,1.0,1,1
B,17279010,9,2008,11,2012,R9KCNT,R11KCNT,0.0,0.0,less_than_weekly,less_than_weekly,0.0,persistently_below_weekly,0.0,0.0,0.0,0.0,0,0
B,17279040,9,2008,11,2012,R9KCNT,R11KCNT,0.0,1.0,less_than_weekly,weekly,1.0,increased_to_weekly,0.0,0.0,0.0,1.0,0,1
B,17303010,9,2008,11,2012,R9KCNT,R11KCNT,,1.0,leave_behind_not_completed_or_ineligible,weekly,,,,1.0,,1.0,.l,1
B,17328010,9,2008,11,2012,R9KCNT,R11KCNT,0.0,0.0,less_than_weekly,less_than_weekly,0.0,persistently_below_weekly,0.0,0.0,0.0,0.0,0,0
B,17356010,9,2008,11,2012,R9KCNT,R11KCNT,1.0,1.0,weekly,weekly,0.0,maintained_weekly,0.0,0.0,1.0,1.0,1,1
B,17356020,9,2008,11,2012,R9KCNT,R11KCNT,1.0,1.0,weekly,weekly,0.0,maintained_weekly,0.0,0.0,1.0,1.0,1,1
B,17363010,9,2008,11,2012,R9KCNT,R11KCNT,0.0,0.0,less_than_weekly,less_than_weekly,0.0,persistently_below_weekly,0.0,0.0,0.0,0.0,0,0
B,17366010,9,2008,11,2012,R9KCNT,R11KCNT,1.0,,weekly,leave_behind_not_completed_or_ineligible,,,1.0,,1.0,,1,.l
B,17371010,9,2008,11,2012,R9KCNT,R11KCNT,0.0,0.0,less_than_weekly,less_than_weekly,0.0,persistently_below_weekly,0.0,0.0,0.0,0.0,0,0
B,17383010,9,2008,11,2012,R9KCNT,R11KCNT,1.0,1.0,weekly,weekly,0.0,maintained_weekly,0.0,0.0,1.0,1.0,1,1
B,17388010,9,2008,11,2012,R9KCNT,R11KCNT,0.0,0.0,less_than_weekly,less_than_weekly,0.0,persistently_below_weekly,0.0,0.0,0.0,0.0,0,0
B,17389010,9,2008,11,2012,R9KCNT,R11KCNT,,1.0,not_interviewed_or_plain_missing,weekly,,,,0.0,,1.0,.,1
B,17428010,9,2008,11,2012,R9KCNT,R11KCNT,1.0,1.0,weekly,weekly,0.0,maintained_weekly,1.0,0.0,1.0,1.0,1,1
B,17473010,9,2008,11,2012,R9KCNT,R11KCNT,1.0,,weekly,leave_behind_not_completed_or_ineligible,,,0.0,,1.0,,1,.l
B,17491010,9,2008,11,2012,R9KCNT,R11KCNT,1.0,1.0,weekly,weekly,0.0,maintained_weekly,0.0,1.0,1.0,1.0,1,1
B,17491020,9,2008,11,2012,R9KCNT,R11KCNT,1.0,1.0,weekly,weekly,0.0,maintained_weekly,1.0,0.0,1.0,1.0,1,1
B,17547010,9,2008,11,2012,R9KCNT,R11KCNT,1.0,1.0,weekly,weekly,0.0,maintained_weekly,1.0,1.0,1.0,1.0,1,1
B,17653010,9,2008,11,2012,R9KCNT,R11KCNT,1.0,,weekly,leave_behind_not_completed_or_ineligible,,,0.0,,1.0,,1,.l
B,17674030,9,2008,11,2012,R9KCNT,R11KCNT,1.0,1.0,weekly,weekly,0.0,maintained_weekly,0.0,0.0,1.0,1.0,1,1
B,17715010,9,2008,11,2012,R9KCNT,R11KCNT,0.0,0.0,less_than_weekly,less_than_weekly,0.0,persistently_below_weekly,0.0,0.0,0.0,0.0,0,0
B,17715020,9,2008,11,2012,R9KCNT,R11KCNT,1.0,1.0,weekly,weekly,0.0,maintained_weekly,1.0,0.0,1.0,1.0,1,1
B,17750010,9,2008,11,2012,R9KCNT,R11KCNT,1.0,0.0,weekly,less_than_weekly,-1.0,decreased_below_weekly,0.0,0.0,1.0,0.0,1,0
B,17750020,9,2008,11,2012,R9KCNT,R11KCNT,0.0,,less_than_weekly,missing_response,,,0.0,,0.0,,0,.m
B,17862010,9,2008,11,2012,R9KCNT,R11KCNT,1.0,1.0,weekly,weekly,0.0,maintained_weekly,0.0,0.0,1.0,1.0,1,1
B,17862040,9,2008,11,2012,R9KCNT,R11KCNT,1.0,1.0,weekly,weekly,0.0,maintained_weekly,1.0,1.0,1.0,1.0,1,1
B,17924010,9,2008,11,2012,R9KCNT,R11KCNT,1.0,1.0,weekly,weekly,0.0,maintained_weekly,0.0,1.0,1.0,1.0,1,1
B,17978010,9,2008,11,2012,R9KCNT,R11KCNT,1.0,1.0,weekly,weekly,0.0,maintained_weekly,1.0,0.0,1.0,1.0,1,1
B,17978020,9,2008,11,2012,R9KCNT,R11KCNT,1.0,1.0,weekly,weekly,0.0,maintained_weekly,1.0,0.0,1.0,1.0,1,1
B,18034010,9,2008,11,2012,R9KCNT,R11KCNT,1.0,,weekly,leave_behind_not_completed_or_ineligible,,,1.0,,1.0,,1,.l
B,18075010,9,2008,11,2012,R9KCNT,R11KCNT,1.0,1.0,weekly,weekly,0.0,maintained_weekly,0.0,0.0,1.0,1.0,1,1
B,18097010,9,2008,11,2012,R9KCNT,R11KCNT,1.0,1.0,weekly,weekly,0.0,maintained_weekly,1.0,1.0,1.0,1.0,1,1
B,18098010,9,2008,11,2012,R9KCNT,R11KCNT,1.0,1.0,weekly,weekly,0.0,maintained_weekly,1.0,0.0,1.0,1.0,1,1
B,18155020,9,2008,11,2012,R9KCNT,R11KCNT,1.0,1.0,weekly,weekly,0.0,maintained_weekly,1.0,0.0,1.0,1.0,1,1
B,18163030,9,2008,11,2012,R9KCNT,R11KCNT,1.0,1.0,weekly,weekly,0.0,maintained_weekly,0.0,0.0,1.0,1.0,1,1
B,18199010,9,2008,11,2012,R9KCNT,R11KCNT,1.0,1.0,weekly,weekly,0.0,maintained_weekly,0.0,0.0,1.0,1.0,1,1
B,18199020,9,2008,11,2012,R9KCNT,R11KCNT,1.0,1.0,weekly,weekly,0.0,maintained_weekly,0.0,,1.0,1.0,1,1
B,18204020,9,2008,11,2012,R9KCNT,R11KCNT,1.0,1.0,weekly,weekly,0.0,maintained_weekly,1.0,1.0,0.0,1.0,1,1
B,18210010,9,2008,11,2012,R9KCNT,R11KCNT,,1.0,leave_behind_not_completed_or_ineligible,weekly,,,,0.0,,1.0,.l,1
B,18212010,9,2008,11,2012,R9KCNT,R11KCNT,1.0,1.0,weekly,weekly,0.0,maintained_weekly,1.0,,1.0,1.0,1,1
B,18212011,9,2008,11,2012,R9KCNT,R11KCNT,1.0,1.0,weekly,weekly,0.0,maintained_weekly,1.0,1.0,1.0,1.0,1,1
B,18229010,9,2008,11,2012,R9KCNT,R11KCNT,1.0,,weekly,missing_response,,,,,1.0,,1,.m
B,18259010,9,2008,11,2012,R9KCNT,R11KCNT,1.0,1.0,weekly,weekly,0.0,maintained_weekly,1.0,0.0,1.0,1.0,1,1
B,18264010,9,2008,11,2012,R9KCNT,R11KCNT,,,no_children,no_children,,,,,,,.k,.k
B,18276010,9,2008,11,2012,R9KCNT,R11KCNT,1.0,1.0,weekly,weekly,0.0,maintained_weekly,0.0,1.0,1.0,1.0,1,1
B,18276020,9,2008,11,2012,R9KCNT,R11KCNT,1.0,1.0,weekly,weekly,0.0,maintained_weekly,0.0,1.0,1.0,1.0,1,1
B,18298010,9,2008,11,2012,R9KCNT,R11KCNT,,0.0,no_children,less_than_weekly,,,,0.0,,0.0,.k,0
B,18304010,9,2008,11,2012,R9KCNT,R11KCNT,,,missing_response,missing_response,,,,,,,.m,.m
B,18304020,9,2008,11,2012,R9KCNT,R11KCNT,,1.0,missing_response,weekly,,,,1.0,,,.m,1
B,18417010,9,2008,11,2012,R9KCNT,R11KCNT,1.0,1.0,weekly,weekly,0.0,maintained_weekly,1.0,1.0,1.0,1.0,1,1
B,18439040,9,2008,11,2012,R9KCNT,R11KCNT,1.0,0.0,weekly,less_than_weekly,-1.0,decreased_below_weekly,1.0,0.0,1.0,0.0,1,0
B,18451010,9,2008,11,2012,R9KCNT,R11KCNT,1.0,1.0,weekly,weekly,0.0,maintained_weekly,0.0,0.0,1.0,1.0,1,1
B,18451040,9,2008,11,2012,R9KCNT,R11KCNT,1.0,1.0,weekly,weekly,0.0,maintained_weekly,0.0,0.0,1.0,1.0,1,1
B,18483010,9,2008,11,2012,R9KCNT,R11KCNT,1.0,1.0,weekly,weekly,0.0,maintained_weekly,1.0,0.0,1.0,1.0,1,1
B,18525020,9,2008,11,2012,R9KCNT,R11KCNT,1.0,1.0,weekly,weekly,0.0,maintained_weekly,0.0,0.0,1.0,1.0,1,1
B,18525030,9,2008,11,2012,R9KCNT,R11KCNT,0.0,0.0,less_than_weekly,less_than_weekly,0.0,persistently_below_weekly,0.0,0.0,0.0,0.0,0,0
B,18646020,9,2008,11,2012,R9KCNT,R11KCNT,1.0,1.0,weekly,weekly,0.0,maintained_weekly,0.0,1.0,1.0,1.0,1,1
B,18679010,9,2008,11,2012,R9KCNT,R11KCNT,1.0,1.0,weekly,weekly,0.0,maintained_weekly,0.0,0.0,1.0,1.0,1,1
B,18733020,9,2008,11,2012,R9KCNT,R11KCNT,,,no_children,no_children,,,,,,,.k,.k
B,18742010,9,2008,11,2012,R9KCNT,R11KCNT,0.0,0.0,less_than_weekly,less_than_weekly,0.0,persistently_below_weekly,0.0,0.0,0.0,0.0,0,0
B,18759010,9,2008,11,2012,R9KCNT,R11KCNT,0.0,0.0,less_than_weekly,less_than_weekly,0.0,persistently_below_weekly,0.0,0.0,0.0,0.0,0,0
B,18774010,9,2008,11,2012,R9KCNT,R11KCNT,1.0,1.0,weekly,weekly,0.0,maintained_weekly,1.0,1.0,1.0,1.0,1,1
B,18774020,9,2008,11,2012,R9KCNT,R11KCNT,,,no_children,no_children,,,,,,,.k,.k
B,18779010,9,2008,11,2012,R9KCNT,R11KCNT,1.0,0.0,weekly,less_than_weekly,-1.0,decreased_below_weekly,1.0,0.0,1.0,0.0,1,0
B,18779011,9,2008,11,2012,R9KCNT,R11KCNT,1.0,0.0,weekly,less_than_weekly,-1.0,decreased_below_weekly,0.0,0.0,1.0,0.0,1,0
B,18808010,9,2008,11,2012,R9KCNT,R11KCNT,1.0,1.0,weekly,weekly,0.0,maintained_weekly,0.0,0.0,1.0,1.0,1,1
B,18808020,9,2008,11,2012,R9KCNT,R11KCNT,1.0,1.0,weekly,weekly,0.0,maintained_weekly,1.0,0.0,1.0,1.0,1,1
B,18877010,9,2008,11,2012,R9KCNT,R11KCNT,,,missing_response,missing_response,,,,,,,.m,.m
B,18964030,9,2008,11,2012,R9KCNT,R11KCNT,1.0,1.0,weekly,weekly,0.0,maintained_weekly,0.0,0.0,1.0,1.0,1,1
B,18990010,9,2008,11,2012,R9KCNT,R11KCNT,1.0,1.0,weekly,weekly,0.0,maintained_weekly,0.0,1.0,1.0,1.0,1,1
B,18990040,9,2008,11,2012,R9KCNT,R11KCNT,1.0,0.0,weekly,less_than_weekly,-1.0,decreased_below_weekly,0.0,0.0,1.0,0.0,1,0
B,18992010,9,2008,11,2012,R9KCNT,R11KCNT,1.0,1.0,weekly,weekly,0.0,maintained_weekly,1.0,1.0,1.0,1.0,1,1
B,19047020,9,2008,11,2012,R9KCNT,R11KCNT,1.0,1.0,weekly,weekly,0.0,maintained_weekly,1.0,1.0,1.0,1.0,1,1
B,19047030,9,2008,11,2012,R9KCNT,R11KCNT,1.0,1.0,weekly,weekly,0.0,maintained_weekly,1.0,1.0,1.0,1.0,1,1
B,19049010,9,2008,11,2012,R9KCNT,R11KCNT,1.0,0.0,weekly,less_than_weekly,-1.0,decreased_below_weekly,1.0,0.0,0.0,0.0,1,0
B,19052010,9,2008,11,2012,R9KCNT,R11KCNT,1.0,0.0,weekly,less_than_weekly,-1.0,decreased_below_weekly,0.0,0.0,1.0,0.0,1,0
B,19052040,9,2008,11,2012,R9KCNT,R11KCNT,1.0,1.0,weekly,weekly,0.0,maintained_weekly,1.0,1.0,1.0,1.0,1,1
B,19053010,9,2008,11,2012,R9KCNT,R11KCNT,1.0,1.0,weekly,weekly,0.0,maintained_weekly,1.0,1.0,1.0,1.0,1,1
B,19110010,9,2008,11,2012,R9KCNT,R11KCNT,1.0,1.0,weekly,weekly,0.0,maintained_weekly,0.0,0.0,1.0,1.0,1,1
B,19110020,9,2008,11,2012,R9KCNT,R11KCNT,1.0,1.0,weekly,weekly,0.0,maintained_weekly,0.0,0.0,1.0,1.0,1,1
B,19133010,9,2008,11,2012,R9KCNT,R11KCNT,0.0,0.0,less_than_weekly,less_than_weekly,0.0,persistently_below_weekly,0.0,0.0,0.0,0.0,0,0
B,19187020,9,2008,11,2012,R9KCNT,R11KCNT,,1.0,leave_behind_not_completed_or_ineligible,weekly,,,,1.0,,1.0,.l,1
B,19212020,9,2008,11,2012,R9KCNT,R11KCNT,1.0,1.0,weekly,weekly,0.0,maintained_weekly,1.0,1.0,1.0,1.0,1,1
B,19216010,9,2008,11,2012,R9KCNT,R11KCNT,1.0,1.0,weekly,weekly,0.0,maintained_weekly,0.0,0.0,1.0,1.0,1,1
B,19280010,9,2008,11,2012,R9KCNT,R11KCNT,1.0,1.0,weekly,weekly,0.0,maintained_weekly,0.0,0.0,1.0,1.0,1,1
B,19280020,9,2008,11,2012,R9KCNT,R11KCNT,1.0,1.0,weekly,weekly,0.0,maintained_weekly,0.0,0.0,1.0,1.0,1,1
B,19338010,9,2008,11,2012,R9KCNT,R11KCNT,1.0,1.0,weekly,weekly,0.0,maintained_weekly,1.0,1.0,1.0,1.0,1,1
B,19338020,9,2008,11,2012,R9KCNT,R11KCNT,1.0,1.0,weekly,weekly,0.0,maintained_weekly,1.0,1.0,1.0,1.0,1,1
B,19403010,9,2008,11,2012,R9KCNT,R11KCNT,1.0,1.0,weekly,weekly,0.0,maintained_weekly,1.0,1.0,1.0,1.0,1,1
B,19425020,9,2008,11,2012,R9KCNT,R11KCNT,,1.0,not_interviewed_or_plain_missing,weekly,,,,0.0,,1.0,.,1
B,19425021,9,2008,11,2012,R9KCNT,R11KCNT,,1.0,not_interviewed_or_plain_missing,weekly,,,,0.0,,1.0,.,1
B,19442040,9,2008,11,2012,R9KCNT,R11KCNT,1.0,,weekly,leave_behind_not_completed_or_ineligible,,,1.0,,1.0,,1,.l
B,19458010,9,2008,11,2012,R9KCNT,R11KCNT,1.0,1.0,weekly,weekly,0.0,maintained_weekly,1.0,1.0,1.0,1.0,1,1
B,19458040,9,2008,11,2012,R9KCNT,R11KCNT,1.0,1.0,weekly,weekly,0.0,maintained_weekly,0.0,0.0,1.0,1.0,1,1
B,19496010,9,2008,11,2012,R9KCNT,R11KCNT,1.0,1.0,weekly,weekly,0.0,maintained_weekly,1.0,0.0,1.0,1.0,1,1
B,19535020,9,2008,11,2012,R9KCNT,R11KCNT,1.0,1.0,weekly,weekly,0.0,maintained_weekly,1.0,1.0,1.0,1.0,1,1
B,19535030,9,2008,11,2012,R9KCNT,R11KCNT,0.0,0.0,less_than_weekly,less_than_weekly,0.0,persistently_below_weekly,0.0,0.0,0.0,0.0,0,0
B,19621010,9,2008,11,2012,R9KCNT,R11KCNT,1.0,1.0,weekly,weekly,0.0,maintained_weekly,0.0,0.0,1.0,1.0,1,1
B,19625020,9,2008,11,2012,R9KCNT,R11KCNT,1.0,1.0,weekly,weekly,0.0,maintained_weekly,1.0,0.0,1.0,1.0,1,1
B,19626010,9,2008,11,2012,R9KCNT,R11KCNT,,,no_children,no_children,,,,,,,.k,.k
B,19626020,9,2008,11,2012,R9KCNT,R11KCNT,,,no_children,no_children,,,,,,,.k,.k
B,19629020,9,2008,11,2012,R9KCNT,R11KCNT,1.0,1.0,weekly,weekly,0.0,maintained_weekly,0.0,0.0,1.0,1.0,1,1
B,19629030,9,2008,11,2012,R9KCNT,R11KCNT,1.0,0.0,weekly,less_than_weekly,-1.0,decreased_below_weekly,0.0,0.0,1.0,0.0,1,0
B,19704010,9,2008,11,2012,R9KCNT,R11KCNT,1.0,,weekly,leave_behind_not_completed_or_ineligible,,,0.0,,1.0,,1,.l
B,19705010,9,2008,11,2012,R9KCNT,R11KCNT,1.0,1.0,weekly,weekly,0.0,maintained_weekly,0.0,0.0,1.0,1.0,1,1
B,19746010,9,2008,11,2012,R9KCNT,R11KCNT,0.0,1.0,less_than_weekly,weekly,1.0,increased_to_weekly,0.0,1.0,0.0,1.0,0,1
B,19746020,9,2008,11,2012,R9KCNT,R11KCNT,1.0,,weekly,missing_response,,,0.0,,1.0,,1,.m
B,19754010,9,2008,11,2012,R9KCNT,R11KCNT,1.0,1.0,weekly,weekly,0.0,maintained_weekly,1.0,1.0,1.0,1.0,1,1
B,19759020,9,2008,11,2012,R9KCNT,R11KCNT,,0.0,missing_response,less_than_weekly,,,,0.0,,0.0,.m,0
B,19857010,9,2008,11,2012,R9KCNT,R11KCNT,1.0,1.0,weekly,weekly,0.0,maintained_weekly,1.0,1.0,0.0,0.0,1,1
B,19857020,9,2008,11,2012,R9KCNT,R11KCNT,1.0,1.0,weekly,weekly,0.0,maintained_weekly,1.0,1.0,1.0,1.0,1,1
B,19877010,9,2008,11,2012,R9KCNT,R11KCNT,0.0,0.0,less_than_weekly,less_than_weekly,0.0,persistently_below_weekly,0.0,0.0,0.0,0.0,0,0
B,19935010,9,2008,11,2012,R9KCNT,R11KCNT,1.0,1.0,weekly,weekly,0.0,maintained_weekly,1.0,1.0,1.0,1.0,1,1
B,19950010,9,2008,11,2012,R9KCNT,R11KCNT,1.0,1.0,weekly,weekly,0.0,maintained_weekly,0.0,1.0,1.0,1.0,1,1
B,20042010,9,2008,11,2012,R9KCNT,R11KCNT,1.0,1.0,weekly,weekly,0.0,maintained_weekly,1.0,1.0,1.0,1.0,1,1
B,20079010,9,2008,11,2012,R9KCNT,R11KCNT,1.0,1.0,weekly,weekly,0.0,maintained_weekly,1.0,1.0,1.0,1.0,1,1
B,20079020,9,2008,11,2012,R9KCNT,R11KCNT,1.0,1.0,weekly,weekly,0.0,maintained_weekly,1.0,1.0,1.0,1.0,1,1
B,20081020,9,2008,11,2012,R9KCNT,R11KCNT,,,not_interviewed_or_plain_missing,missing_response,,,,,,,.,.m
B,20161020,9,2008,11,2012,R9KCNT,R11KCNT,1.0,0.0,weekly,less_than_weekly,-1.0,decreased_below_weekly,1.0,0.0,1.0,0.0,1,0
B,20162010,9,2008,11,2012,R9KCNT,R11KCNT,1.0,1.0,weekly,weekly,0.0,maintained_weekly,0.0,1.0,1.0,1.0,1,1
B,20162020,9,2008,11,2012,R9KCNT,R11KCNT,1.0,0.0,weekly,less_than_weekly,-1.0,decreased_below_weekly,0.0,0.0,1.0,0.0,1,0
B,20176010,9,2008,11,2012,R9KCNT,R11KCNT,,,no_children,no_children,,,,,,,.k,.k
B,20221010,9,2008,11,2012,R9KCNT,R11KCNT,0.0,1.0,less_than_weekly,weekly,1.0,increased_to_weekly,0.0,0.0,0.0,1.0,0,1
B,20238010,9,2008,11,2012,R9KCNT,R11KCNT,1.0,1.0,weekly,weekly,0.0,maintained_weekly,1.0,1.0,1.0,1.0,1,1
B,20256040,9,2008,11,2012,R9KCNT,R11KCNT,1.0,1.0,weekly,weekly,0.0,maintained_weekly,0.0,0.0,1.0,1.0,1,1
B,20259010,9,2008,11,2012,R9KCNT,R11KCNT,1.0,1.0,weekly,weekly,0.0,maintained_weekly,0.0,0.0,1.0,1.0,1,1
B,20259020,9,2008,11,2012,R9KCNT,R11KCNT,1.0,0.0,weekly,less_than_weekly,-1.0,decreased_below_weekly,0.0,0.0,1.0,0.0,1,0
B,20369010,9,2008,11,2012,R9KCNT,R11KCNT,0.0,1.0,less_than_weekly,weekly,1.0,increased_to_weekly,0.0,0.0,0.0,1.0,0,1
B,20369020,9,2008,11,2012,R9KCNT,R11KCNT,1.0,1.0,weekly,weekly,0.0,maintained_weekly,0.0,0.0,1.0,1.0,1,1
B,20374010,9,2008,11,2012,R9KCNT,R11KCNT,1.0,1.0,weekly,weekly,0.0,maintained_weekly,1.0,0.0,0.0,1.0,1,1
B,20383010,9,2008,11,2012,R9KCNT,R11KCNT,1.0,1.0,weekly,weekly,0.0,maintained_weekly,0.0,0.0,1.0,1.0,1,1
B,20383040,9,2008,11,2012,R9KCNT,R11KCNT,1.0,0.0,weekly,less_than_weekly,-1.0,decreased_below_weekly,0.0,0.0,1.0,0.0,1,0
B,20557011,9,2008,11,2012,R9KCNT,R11KCNT,1.0,1.0,weekly,weekly,0.0,maintained_weekly,0.0,1.0,1.0,1.0,1,1
B,20559020,9,2008,11,2012,R9KCNT,R11KCNT,1.0,1.0,weekly,weekly,0.0,maintained_weekly,1.0,0.0,1.0,1.0,1,1
B,20559030,9,2008,11,2012,R9KCNT,R11KCNT,1.0,1.0,weekly,weekly,0.0,maintained_weekly,0.0,0.0,1.0,1.0,1,1
B,20560010,9,2008,11,2012,R9KCNT,R11KCNT,1.0,1.0,weekly,weekly,0.0,maintained_weekly,0.0,0.0,1.0,1.0,1,1
B,20560020,9,2008,11,2012,R9KCNT,R11KCNT,1.0,1.0,weekly,weekly,0.0,maintained_weekly,1.0,1.0,1.0,1.0,1,1
B,20588020,9,2008,11,2012,R9KCNT,R11KCNT,1.0,1.0,weekly,weekly,0.0,maintained_weekly,1.0,1.0,1.0,1.0,1,1
B,20588030,9,2008,11,2012,R9KCNT,R11KCNT,,1.0,no_children,weekly,,,,0.0,,1.0,.k,1
B,20634010,9,2008,11,2012,R9KCNT,R11KCNT,1.0,,weekly,leave_behind_not_completed_or_ineligible,,,0.0,,1.0,,1,.l
B,20634040,9,2008,11,2012,R9KCNT,R11KCNT,1.0,1.0,weekly,weekly,0.0,maintained_weekly,0.0,0.0,1.0,1.0,1,1
B,20674010,9,2008,11,2012,R9KCNT,R11KCNT,1.0,1.0,weekly,weekly,0.0,maintained_weekly,1.0,1.0,1.0,1.0,1,1
B,20676010,9,2008,11,2012,R9KCNT,R11KCNT,1.0,1.0,weekly,weekly,0.0,maintained_weekly,0.0,0.0,1.0,1.0,1,1
B,20676011,9,2008,11,2012,R9KCNT,R11KCNT,1.0,0.0,weekly,less_than_weekly,-1.0,decreased_below_weekly,0.0,0.0,1.0,0.0,1,0
B,20692010,9,2008,11,2012,R9KCNT,R11KCNT,1.0,0.0,weekly,less_than_weekly,-1.0,decreased_below_weekly,0.0,0.0,1.0,0.0,1,0
B,20692020,9,2008,11,2012,R9KCNT,R11KCNT,0.0,1.0,less_than_weekly,weekly,1.0,increased_to_weekly,0.0,1.0,0.0,1.0,0,1
B,20712020,9,2008,11,2012,R9KCNT,R11KCNT,1.0,1.0,weekly,weekly,0.0,maintained_weekly,1.0,1.0,1.0,1.0,1,1
B,20712030,9,2008,11,2012,R9KCNT,R11KCNT,1.0,1.0,weekly,weekly,0.0,maintained_weekly,1.0,1.0,1.0,1.0,1,1
B,20777010,9,2008,11,2012,R9KCNT,R11KCNT,0.0,1.0,less_than_weekly,weekly,1.0,increased_to_weekly,0.0,1.0,0.0,1.0,0,1
B,20806010,9,2008,11,2012,R9KCNT,R11KCNT,0.0,0.0,less_than_weekly,less_than_weekly,0.0,persistently_below_weekly,0.0,0.0,0.0,0.0,0,0
B,20806040,9,2008,11,2012,R9KCNT,R11KCNT,0.0,0.0,less_than_weekly,less_than_weekly,0.0,persistently_below_weekly,0.0,0.0,0.0,0.0,0,0
B,20862010,9,2008,11,2012,R9KCNT,R11KCNT,1.0,1.0,weekly,weekly,0.0,maintained_weekly,0.0,0.0,1.0,1.0,1,1
B,20876010,9,2008,11,2012,R9KCNT,R11KCNT,1.0,1.0,weekly,weekly,0.0,maintained_weekly,0.0,0.0,1.0,1.0,1,1
B,20876011,9,2008,11,2012,R9KCNT,R11KCNT,0.0,1.0,less_than_weekly,weekly,1.0,increased_to_weekly,0.0,0.0,0.0,1.0,0,1
B,20887010,9,2008,11,2012,R9KCNT,R11KCNT,1.0,1.0,weekly,weekly,0.0,maintained_weekly,0.0,0.0,1.0,1.0,1,1
B,20899010,9,2008,11,2012,R9KCNT,R11KCNT,1.0,1.0,weekly,weekly,0.0,maintained_weekly,1.0,1.0,1.0,1.0,1,1
B,21003010,9,2008,11,2012,R9KCNT,R11KCNT,0.0,1.0,less_than_weekly,weekly,1.0,increased_to_weekly,0.0,0.0,0.0,1.0,0,1
B,21003020,9,2008,11,2012,R9KCNT,R11KCNT,1.0,0.0,weekly,less_than_weekly,-1.0,decreased_below_weekly,0.0,0.0,1.0,0.0,1,0
B,21012020,9,2008,11,2012,R9KCNT,R11KCNT,1.0,1.0,weekly,weekly,0.0,maintained_weekly,1.0,1.0,1.0,1.0,1,1
B,21012030,9,2008,11,2012,R9KCNT,R11KCNT,0.0,1.0,less_than_weekly,weekly,1.0,increased_to_weekly,0.0,1.0,0.0,1.0,0,1
B,21019010,9,2008,11,2012,R9KCNT,R11KCNT,1.0,1.0,weekly,weekly,0.0,maintained_weekly,1.0,1.0,1.0,0.0,1,1
B,21019020,9,2008,11,2012,R9KCNT,R11KCNT,1.0,1.0,weekly,weekly,0.0,maintained_weekly,0.0,1.0,1.0,1.0,1,1
B,21058010,9,2008,11,2012,R9KCNT,R11KCNT,1.0,1.0,weekly,weekly,0.0,maintained_weekly,0.0,0.0,1.0,1.0,1,1
B,21058020,9,2008,11,2012,R9KCNT,R11KCNT,1.0,1.0,weekly,weekly,0.0,maintained_weekly,1.0,1.0,1.0,1.0,1,1
B,21072010,9,2008,11,2012,R9KCNT,R11KCNT,1.0,1.0,weekly,weekly,0.0,maintained_weekly,0.0,0.0,1.0,1.0,1,1
B,21073010,9,2008,11,2012,R9KCNT,R11KCNT,1.0,1.0,weekly,weekly,0.0,maintained_weekly,1.0,0.0,1.0,1.0,1,1
B,21073020,9,2008,11,2012,R9KCNT,R11KCNT,1.0,1.0,weekly,weekly,0.0,maintained_weekly,1.0,0.0,1.0,1.0,1,1
B,21078010,9,2008,11,2012,R9KCNT,R11KCNT,1.0,,weekly,leave_behind_not_completed_or_ineligible,,,0.0,,1.0,,1,.l
B,21078040,9,2008,11,2012,R9KCNT,R11KCNT,1.0,,weekly,leave_behind_not_completed_or_ineligible,,,1.0,,1.0,,1,.l
B,21099010,9,2008,11,2012,R9KCNT,R11KCNT,0.0,1.0,less_than_weekly,weekly,1.0,increased_to_weekly,0.0,0.0,0.0,1.0,0,1
B,21120010,9,2008,11,2012,R9KCNT,R11KCNT,1.0,0.0,weekly,less_than_weekly,-1.0,decreased_below_weekly,1.0,0.0,0.0,0.0,1,0
B,21163010,9,2008,11,2012,R9KCNT,R11KCNT,1.0,1.0,weekly,weekly,0.0,maintained_weekly,1.0,0.0,1.0,1.0,1,1
B,21163020,9,2008,11,2012,R9KCNT,R11KCNT,1.0,1.0,weekly,weekly,0.0,maintained_weekly,1.0,1.0,1.0,1.0,1,1
B,21166010,9,2008,11,2012,R9KCNT,R11KCNT,1.0,1.0,weekly,weekly,0.0,maintained_weekly,1.0,1.0,1.0,1.0,1,1
B,21166020,9,2008,11,2012,R9KCNT,R11KCNT,1.0,0.0,weekly,less_than_weekly,-1.0,decreased_below_weekly,1.0,0.0,1.0,0.0,1,0
B,21169010,9,2008,11,2012,R9KCNT,R11KCNT,,,no_children,no_children,,,,,,,.k,.k
B,21169040,9,2008,11,2012,R9KCNT,R11KCNT,0.0,1.0,less_than_weekly,weekly,1.0,increased_to_weekly,0.0,0.0,0.0,1.0,0,1
B,21190010,9,2008,11,2012,R9KCNT,R11KCNT,1.0,0.0,weekly,less_than_weekly,-1.0,decreased_below_weekly,0.0,0.0,1.0,0.0,1,0
B,21190040,9,2008,11,2012,R9KCNT,R11KCNT,0.0,0.0,less_than_weekly,less_than_weekly,0.0,persistently_below_weekly,0.0,0.0,0.0,0.0,0,0
B,21195010,9,2008,11,2012,R9KCNT,R11KCNT,1.0,1.0,weekly,weekly,0.0,maintained_weekly,0.0,1.0,1.0,1.0,1,1
B,21201010,9,2008,11,2012,R9KCNT,R11KCNT,1.0,1.0,weekly,weekly,0.0,maintained_weekly,1.0,1.0,1.0,1.0,1,1
B,21201020,9,2008,11,2012,R9KCNT,R11KCNT,1.0,1.0,weekly,weekly,0.0,maintained_weekly,1.0,0.0,1.0,1.0,1,1
B,21210010,9,2008,11,2012,R9KCNT,R11KCNT,1.0,1.0,weekly,weekly,0.0,maintained_weekly,0.0,0.0,1.0,1.0,1,1
B,21302010,9,2008,11,2012,R9KCNT,R11KCNT,0.0,0.0,less_than_weekly,less_than_weekly,0.0,persistently_below_weekly,0.0,0.0,0.0,0.0,0,0
B,21329010,9,2008,11,2012,R9KCNT,R11KCNT,1.0,1.0,weekly,weekly,0.0,maintained_weekly,0.0,0.0,1.0,1.0,1,1
B,21349010,9,2008,11,2012,R9KCNT,R11KCNT,1.0,1.0,weekly,weekly,0.0,maintained_weekly,0.0,0.0,1.0,1.0,1,1
B,21349020,9,2008,11,2012,R9KCNT,R11KCNT,1.0,1.0,weekly,weekly,0.0,maintained_weekly,0.0,0.0,1.0,1.0,1,1
B,21350010,9,2008,11,2012,R9KCNT,R11KCNT,0.0,1.0,less_than_weekly,weekly,1.0,increased_to_weekly,0.0,1.0,0.0,1.0,0,1
B,21359010,9,2008,11,2012,R9KCNT,R11KCNT,1.0,1.0,weekly,weekly,0.0,maintained_weekly,1.0,0.0,1.0,1.0,1,1
B,21359020,9,2008,11,2012,R9KCNT,R11KCNT,1.0,1.0,weekly,weekly,0.0,maintained_weekly,1.0,0.0,1.0,1.0,1,1
B,21368010,9,2008,11,2012,R9KCNT,R11KCNT,,,missing_response,no_children,,,,,,,.m,.k
B,21402030,9,2008,11,2012,R9KCNT,R11KCNT,0.0,0.0,less_than_weekly,less_than_weekly,0.0,persistently_below_weekly,0.0,0.0,0.0,0.0,0,0
B,21410010,9,2008,11,2012,R9KCNT,R11KCNT,1.0,1.0,weekly,weekly,0.0,maintained_weekly,1.0,1.0,1.0,1.0,1,1
B,21423020,9,2008,11,2012,R9KCNT,R11KCNT,1.0,1.0,weekly,weekly,0.0,maintained_weekly,0.0,0.0,1.0,1.0,1,1
B,21479010,9,2008,11,2012,R9KCNT,R11KCNT,1.0,1.0,weekly,weekly,0.0,maintained_weekly,0.0,1.0,1.0,1.0,1,1
B,21485020,9,2008,11,2012,R9KCNT,R11KCNT,1.0,,weekly,leave_behind_not_completed_or_ineligible,,,1.0,,0.0,,1,.l
B,21485030,9,2008,11,2012,R9KCNT,R11KCNT,1.0,,weekly,leave_behind_not_completed_or_ineligible,,,0.0,,1.0,,1,.l
B,21507010,9,2008,11,2012,R9KCNT,R11KCNT,1.0,0.0,weekly,less_than_weekly,-1.0,decreased_below_weekly,0.0,0.0,1.0,0.0,1,0
B,21578010,9,2008,11,2012,R9KCNT,R11KCNT,0.0,0.0,less_than_weekly,less_than_weekly,0.0,persistently_below_weekly,0.0,0.0,0.0,0.0,0,0
B,21578011,9,2008,11,2012,R9KCNT,R11KCNT,,,no_children,no_children,,,,,,,.k,.k
B,21582020,9,2008,11,2012,R9KCNT,R11KCNT,0.0,1.0,less_than_weekly,weekly,1.0,increased_to_weekly,0.0,1.0,0.0,1.0,0,1
B,21668020,9,2008,11,2012,R9KCNT,R11KCNT,1.0,,weekly,leave_behind_not_completed_or_ineligible,,,0.0,,1.0,,1,.l
B,21671010,9,2008,11,2012,R9KCNT,R11KCNT,1.0,1.0,weekly,weekly,0.0,maintained_weekly,0.0,0.0,1.0,1.0,1,1
B,21671020,9,2008,11,2012,R9KCNT,R11KCNT,1.0,1.0,weekly,weekly,0.0,maintained_weekly,0.0,0.0,1.0,1.0,1,1
B,21675020,9,2008,11,2012,R9KCNT,R11KCNT,1.0,1.0,weekly,weekly,0.0,maintained_weekly,1.0,1.0,1.0,1.0,1,1
B,21675030,9,2008,11,2012,R9KCNT,R11KCNT,1.0,1.0,weekly,weekly,0.0,maintained_weekly,1.0,1.0,1.0,1.0,1,1
B,21693010,9,2008,11,2012,R9KCNT,R11KCNT,1.0,1.0,weekly,weekly,0.0,maintained_weekly,0.0,0.0,1.0,1.0,1,1
B,21693011,9,2008,11,2012,R9KCNT,R11KCNT,1.0,1.0,weekly,weekly,0.0,maintained_weekly,0.0,0.0,1.0,1.0,1,1
B,21717010,9,2008,11,2012,R9KCNT,R11KCNT,,1.0,missing_response,weekly,,,,1.0,,1.0,.m,1
B,21743010,9,2008,11,2012,R9KCNT,R11KCNT,1.0,0.0,weekly,less_than_weekly,-1.0,decreased_below_weekly,0.0,0.0,1.0,0.0,1,0
B,21749010,9,2008,11,2012,R9KCNT,R11KCNT,1.0,1.0,weekly,weekly,0.0,maintained_weekly,0.0,1.0,1.0,1.0,1,1
B,21755020,9,2008,11,2012,R9KCNT,R11KCNT,1.0,1.0,weekly,weekly,0.0,maintained_weekly,1.0,1.0,1.0,1.0,1,1
B,21755030,9,2008,11,2012,R9KCNT,R11KCNT,1.0,1.0,weekly,weekly,0.0,maintained_weekly,1.0,1.0,1.0,1.0,1,1
B,21873010,9,2008,11,2012,R9KCNT,R11KCNT,1.0,1.0,weekly,weekly,0.0,maintained_weekly,0.0,0.0,1.0,1.0,1,1
B,21904010,9,2008,11,2012,R9KCNT,R11KCNT,,,no_children,no_children,,,,,,,.k,.k
B,21922020,9,2008,11,2012,R9KCNT,R11KCNT,1.0,1.0,weekly,weekly,0.0,maintained_weekly,1.0,1.0,1.0,0.0,1,1
B,21922030,9,2008,11,2012,R9KCNT,R11KCNT,1.0,1.0,weekly,weekly,0.0,maintained_weekly,1.0,0.0,1.0,1.0,1,1
B,21924010,9,2008,11,2012,R9KCNT,R11KCNT,0.0,0.0,less_than_weekly,less_than_weekly,0.0,persistently_below_weekly,0.0,0.0,0.0,0.0,0,0
B,21997010,9,2008,11,2012,R9KCNT,R11KCNT,1.0,1.0,weekly,weekly,0.0,maintained_weekly,0.0,0.0,1.0,1.0,1,1
B,21997040,9,2008,11,2012,R9KCNT,R11KCNT,1.0,1.0,weekly,weekly,0.0,maintained_weekly,0.0,0.0,1.0,1.0,1,1
B,22035010,9,2008,11,2012,R9KCNT,R11KCNT,0.0,1.0,less_than_weekly,weekly,1.0,increased_to_weekly,0.0,1.0,0.0,1.0,0,1
B,22035040,9,2008,11,2012,R9KCNT,R11KCNT,1.0,0.0,weekly,less_than_weekly,-1.0,decreased_below_weekly,0.0,0.0,1.0,0.0,1,0
B,22042010,9,2008,11,2012,R9KCNT,R11KCNT,0.0,0.0,less_than_weekly,less_than_weekly,0.0,persistently_below_weekly,0.0,0.0,0.0,0.0,0,0
B,22052010,9,2008,11,2012,R9KCNT,R11KCNT,1.0,1.0,weekly,weekly,0.0,maintained_weekly,0.0,0.0,1.0,1.0,1,1
B,22052011,9,2008,11,2012,R9KCNT,R11KCNT,0.0,0.0,less_than_weekly,less_than_weekly,0.0,persistently_below_weekly,0.0,0.0,0.0,0.0,0,0
B,22060010,9,2008,11,2012,R9KCNT,R11KCNT,1.0,1.0,weekly,weekly,0.0,maintained_weekly,1.0,0.0,1.0,1.0,1,1
B,22067010,9,2008,11,2012,R9KCNT,R11KCNT,1.0,1.0,weekly,weekly,0.0,maintained_weekly,0.0,0.0,1.0,1.0,1,1
B,22113010,9,2008,11,2012,R9KCNT,R11KCNT,1.0,1.0,weekly,weekly,0.0,maintained_weekly,0.0,0.0,1.0,1.0,1,1
B,22113040,9,2008,11,2012,R9KCNT,R11KCNT,1.0,1.0,weekly,weekly,0.0,maintained_weekly,0.0,0.0,1.0,1.0,1,1
B,22122010,9,2008,11,2012,R9KCNT,R11KCNT,1.0,1.0,weekly,weekly,0.0,maintained_weekly,1.0,0.0,1.0,1.0,1,1
B,22132010,9,2008,11,2012,R9KCNT,R11KCNT,1.0,1.0,weekly,weekly,0.0,maintained_weekly,1.0,0.0,1.0,1.0,1,1
B,22132020,9,2008,11,2012,R9KCNT,R11KCNT,1.0,1.0,weekly,weekly,0.0,maintained_weekly,0.0,1.0,1.0,1.0,1,1
B,22136010,9,2008,11,2012,R9KCNT,R11KCNT,1.0,1.0,weekly,weekly,0.0,maintained_weekly,1.0,0.0,1.0,1.0,1,1
B,22136020,9,2008,11,2012,R9KCNT,R11KCNT,1.0,1.0,weekly,weekly,0.0,maintained_weekly,0.0,1.0,1.0,1.0,1,1
B,22168010,9,2008,11,2012,R9KCNT,R11KCNT,0.0,0.0,less_than_weekly,less_than_weekly,0.0,persistently_below_weekly,0.0,0.0,0.0,0.0,0,0
B,22168020,9,2008,11,2012,R9KCNT,R11KCNT,0.0,1.0,less_than_weekly,weekly,1.0,increased_to_weekly,0.0,0.0,0.0,1.0,0,1
B,22182010,9,2008,11,2012,R9KCNT,R11KCNT,1.0,0.0,weekly,less_than_weekly,-1.0,decreased_below_weekly,0.0,0.0,1.0,0.0,1,0
B,22182011,9,2008,11,2012,R9KCNT,R11KCNT,1.0,,weekly,no_children,,,0.0,,1.0,,1,.k
B,22233010,9,2008,11,2012,R9KCNT,R11KCNT,,,no_children,no_children,,,,,,,.k,.k
B,22241010,9,2008,11,2012,R9KCNT,R11KCNT,,,no_children,no_children,,,,,,,.k,.k
B,22245010,9,2008,11,2012,R9KCNT,R11KCNT,1.0,1.0,weekly,weekly,0.0,maintained_weekly,1.0,1.0,1.0,1.0,1,1
B,22245020,9,2008,11,2012,R9KCNT,R11KCNT,1.0,1.0,weekly,weekly,0.0,maintained_weekly,0.0,1.0,1.0,1.0,1,1
B,22262010,9,2008,11,2012,R9KCNT,R11KCNT,1.0,0.0,weekly,less_than_weekly,-1.0,decreased_below_weekly,0.0,0.0,1.0,0.0,1,0
B,22262020,9,2008,11,2012,R9KCNT,R11KCNT,0.0,0.0,less_than_weekly,less_than_weekly,0.0,persistently_below_weekly,0.0,0.0,0.0,0.0,0,0
B,22314020,9,2008,11,2012,R9KCNT,R11KCNT,1.0,1.0,weekly,weekly,0.0,maintained_weekly,1.0,0.0,1.0,1.0,1,1
B,22333010,9,2008,11,2012,R9KCNT,R11KCNT,1.0,1.0,weekly,weekly,0.0,maintained_weekly,0.0,0.0,1.0,1.0,1,1
B,22370010,9,2008,11,2012,R9KCNT,R11KCNT,1.0,1.0,weekly,weekly,0.0,maintained_weekly,1.0,1.0,1.0,1.0,1,1
B,22370020,9,2008,11,2012,R9KCNT,R11KCNT,0.0,1.0,less_than_weekly,weekly,1.0,increased_to_weekly,0.0,0.0,0.0,1.0,0,1
B,22383010,9,2008,11,2012,R9KCNT,R11KCNT,1.0,1.0,weekly,weekly,0.0,maintained_weekly,0.0,0.0,1.0,1.0,1,1
B,22454010,9,2008,11,2012,R9KCNT,R11KCNT,1.0,0.0,weekly,less_than_weekly,-1.0,decreased_below_weekly,1.0,0.0,1.0,0.0,1,0
B,22516010,9,2008,11,2012,R9KCNT,R11KCNT,1.0,1.0,weekly,weekly,0.0,maintained_weekly,0.0,0.0,1.0,1.0,1,1
B,22544010,9,2008,11,2012,R9KCNT,R11KCNT,1.0,1.0,weekly,weekly,0.0,maintained_weekly,1.0,1.0,1.0,1.0,1,1
B,22544020,9,2008,11,2012,R9KCNT,R11KCNT,1.0,1.0,weekly,weekly,0.0,maintained_weekly,1.0,1.0,1.0,1.0,1,1
B,22565010,9,2008,11,2012,R9KCNT,R11KCNT,1.0,1.0,weekly,weekly,0.0,maintained_weekly,1.0,0.0,1.0,1.0,1,1
B,22568010,9,2008,11,2012,R9KCNT,R11KCNT,1.0,1.0,weekly,weekly,0.0,maintained_weekly,0.0,1.0,1.0,1.0,1,1
B,22572010,9,2008,11,2012,R9KCNT,R11KCNT,,,no_children,no_children,,,,,,,.k,.k
B,22579010,9,2008,11,2012,R9KCNT,R11KCNT,1.0,1.0,weekly,weekly,0.0,maintained_weekly,0.0,0.0,1.0,1.0,1,1
B,22589010,9,2008,11,2012,R9KCNT,R11KCNT,0.0,1.0,less_than_weekly,weekly,1.0,increased_to_weekly,0.0,0.0,0.0,1.0,0,1
B,22589040,9,2008,11,2012,R9KCNT,R11KCNT,1.0,1.0,weekly,weekly,0.0,maintained_weekly,0.0,0.0,1.0,1.0,1,1
B,22599020,9,2008,11,2012,R9KCNT,R11KCNT,0.0,0.0,less_than_weekly,less_than_weekly,0.0,persistently_below_weekly,0.0,0.0,0.0,0.0,0,0
B,22602040,9,2008,11,2012,R9KCNT,R11KCNT,1.0,1.0,weekly,weekly,0.0,maintained_weekly,0.0,0.0,1.0,1.0,1,1
B,22659011,9,2008,11,2012,R9KCNT,R11KCNT,1.0,1.0,weekly,weekly,0.0,maintained_weekly,0.0,0.0,1.0,1.0,1,1
B,22665010,9,2008,11,2012,R9KCNT,R11KCNT,1.0,1.0,weekly,weekly,0.0,maintained_weekly,0.0,0.0,1.0,1.0,1,1
B,22726010,9,2008,11,2012,R9KCNT,R11KCNT,,,no_children,no_children,,,,,,,.k,.k
B,22731010,9,2008,11,2012,R9KCNT,R11KCNT,1.0,1.0,weekly,weekly,0.0,maintained_weekly,0.0,1.0,1.0,1.0,1,1
B,22741010,9,2008,11,2012,R9KCNT,R11KCNT,,,no_children,no_children,,,,,,,.k,.k
B,22764020,9,2008,11,2012,R9KCNT,R11KCNT,1.0,,weekly,missing_response,,,0.0,,1.0,,1,.m
B,22795010,9,2008,11,2012,R9KCNT,R11KCNT,0.0,,less_than_weekly,leave_behind_not_completed_or_ineligible,,,,,0.0,,0,.l
B,22811020,9,2008,11,2012,R9KCNT,R11KCNT,1.0,1.0,weekly,weekly,0.0,maintained_weekly,1.0,0.0,1.0,1.0,1,1
B,22879030,9,2008,11,2012,R9KCNT,R11KCNT,1.0,,weekly,leave_behind_not_completed_or_ineligible,,,,,1.0,,1,.l
B,22912030,9,2008,11,2012,R9KCNT,R11KCNT,1.0,1.0,weekly,weekly,0.0,maintained_weekly,1.0,0.0,1.0,1.0,1,1
B,22936010,9,2008,11,2012,R9KCNT,R11KCNT,1.0,1.0,weekly,weekly,0.0,maintained_weekly,1.0,1.0,1.0,1.0,1,1
B,23034010,9,2008,11,2012,R9KCNT,R11KCNT,1.0,1.0,weekly,weekly,0.0,maintained_weekly,1.0,0.0,0.0,1.0,1,1
B,23105010,9,2008,11,2012,R9KCNT,R11KCNT,0.0,0.0,less_than_weekly,less_than_weekly,0.0,persistently_below_weekly,0.0,0.0,0.0,0.0,0,0
B,23105020,9,2008,11,2012,R9KCNT,R11KCNT,0.0,0.0,less_than_weekly,less_than_weekly,0.0,persistently_below_weekly,0.0,0.0,0.0,0.0,0,0
B,23107030,9,2008,11,2012,R9KCNT,R11KCNT,,,no_children,no_children,,,,,,,.k,.k
B,23212010,9,2008,11,2012,R9KCNT,R11KCNT,1.0,1.0,weekly,weekly,0.0,maintained_weekly,1.0,1.0,1.0,1.0,1,1
B,23212020,9,2008,11,2012,R9KCNT,R11KCNT,1.0,1.0,weekly,weekly,0.0,maintained_weekly,1.0,0.0,1.0,1.0,1,1
B,23291020,9,2008,11,2012,R9KCNT,R11KCNT,1.0,1.0,weekly,weekly,0.0,maintained_weekly,1.0,1.0,1.0,1.0,1,1
B,23294030,9,2008,11,2012,R9KCNT,R11KCNT,1.0,1.0,weekly,weekly,0.0,maintained_weekly,1.0,1.0,1.0,1.0,1,1
B,23366010,9,2008,11,2012,R9KCNT,R11KCNT,1.0,1.0,weekly,weekly,0.0,maintained_weekly,1.0,1.0,1.0,1.0,1,1
B,23366020,9,2008,11,2012,R9KCNT,R11KCNT,1.0,1.0,weekly,weekly,0.0,maintained_weekly,1.0,1.0,1.0,1.0,1,1
B,23381010,9,2008,11,2012,R9KCNT,R11KCNT,,,no_children,no_children,,,,,,,.k,.k
B,23401010,9,2008,11,2012,R9KCNT,R11KCNT,1.0,1.0,weekly,weekly,0.0,maintained_weekly,0.0,0.0,1.0,1.0,1,1
B,23401040,9,2008,11,2012,R9KCNT,R11KCNT,1.0,1.0,weekly,weekly,0.0,maintained_weekly,0.0,1.0,1.0,1.0,1,1
B,23425010,9,2008,11,2012,R9KCNT,R11KCNT,1.0,1.0,weekly,weekly,0.0,maintained_weekly,1.0,1.0,1.0,1.0,1,1
B,23425020,9,2008,11,2012,R9KCNT,R11KCNT,1.0,1.0,weekly,weekly,0.0,maintained_weekly,1.0,1.0,1.0,1.0,1,1
B,23488010,9,2008,11,2012,R9KCNT,R11KCNT,0.0,1.0,less_than_weekly,weekly,1.0,increased_to_weekly,0.0,1.0,0.0,1.0,0,1
B,23516010,9,2008,11,2012,R9KCNT,R11KCNT,1.0,1.0,weekly,weekly,0.0,maintained_weekly,1.0,1.0,1.0,1.0,1,1
B,23524020,9,2008,11,2012,R9KCNT,R11KCNT,0.0,,less_than_weekly,leave_behind_not_completed_or_ineligible,,,0.0,,0.0,,0,.l
B,23524030,9,2008,11,2012,R9KCNT,R11KCNT,1.0,0.0,weekly,less_than_weekly,-1.0,decreased_below_weekly,0.0,0.0,1.0,0.0,1,0
B,23640010,9,2008,11,2012,R9KCNT,R11KCNT,,,no_children,no_children,,,,,,,.k,.k
B,23677010,9,2008,11,2012,R9KCNT,R11KCNT,1.0,0.0,weekly,less_than_weekly,-1.0,decreased_below_weekly,0.0,0.0,1.0,0.0,1,0
B,23677011,9,2008,11,2012,R9KCNT,R11KCNT,0.0,0.0,less_than_weekly,less_than_weekly,0.0,persistently_below_weekly,0.0,0.0,0.0,0.0,0,0
B,23748010,9,2008,11,2012,R9KCNT,R11KCNT,1.0,1.0,weekly,weekly,0.0,maintained_weekly,1.0,1.0,1.0,1.0,1,1
B,23748020,9,2008,11,2012,R9KCNT,R11KCNT,1.0,1.0,weekly,weekly,0.0,maintained_weekly,1.0,1.0,1.0,1.0,1,1
B,23756010,9,2008,11,2012,R9KCNT,R11KCNT,1.0,0.0,weekly,less_than_weekly,-1.0,decreased_below_weekly,0.0,0.0,1.0,0.0,1,0
B,23756040,9,2008,11,2012,R9KCNT,R11KCNT,1.0,1.0,weekly,weekly,0.0,maintained_weekly,0.0,0.0,1.0,1.0,1,1
B,23801010,9,2008,11,2012,R9KCNT,R11KCNT,1.0,1.0,weekly,weekly,0.0,maintained_weekly,0.0,0.0,1.0,1.0,1,1
B,23807020,9,2008,11,2012,R9KCNT,R11KCNT,1.0,1.0,weekly,weekly,0.0,maintained_weekly,0.0,0.0,1.0,1.0,1,1
B,23807030,9,2008,11,2012,R9KCNT,R11KCNT,0.0,1.0,less_than_weekly,weekly,1.0,increased_to_weekly,0.0,0.0,0.0,1.0,0,1
B,23830010,9,2008,11,2012,R9KCNT,R11KCNT,1.0,1.0,weekly,weekly,0.0,maintained_weekly,,1.0,1.0,1.0,1,1
B,23831010,9,2008,11,2012,R9KCNT,R11KCNT,0.0,0.0,less_than_weekly,less_than_weekly,0.0,persistently_below_weekly,0.0,0.0,0.0,0.0,0,0
B,23967010,9,2008,11,2012,R9KCNT,R11KCNT,1.0,1.0,weekly,weekly,0.0,maintained_weekly,0.0,0.0,1.0,1.0,1,1
B,24024010,9,2008,11,2012,R9KCNT,R11KCNT,,,missing_response,leave_behind_not_completed_or_ineligible,,,,,,,.m,.l
B,24039020,9,2008,11,2012,R9KCNT,R11KCNT,1.0,1.0,weekly,weekly,0.0,maintained_weekly,0.0,0.0,1.0,1.0,1,1
B,24040011,9,2008,11,2012,R9KCNT,R11KCNT,1.0,1.0,weekly,weekly,0.0,maintained_weekly,1.0,1.0,1.0,1.0,1,1
B,24050030,9,2008,11,2012,R9KCNT,R11KCNT,1.0,1.0,weekly,weekly,0.0,maintained_weekly,0.0,0.0,1.0,1.0,1,1
B,24055010,9,2008,11,2012,R9KCNT,R11KCNT,0.0,1.0,less_than_weekly,weekly,1.0,increased_to_weekly,0.0,0.0,0.0,1.0,0,1
B,24055040,9,2008,11,2012,R9KCNT,R11KCNT,0.0,1.0,less_than_weekly,weekly,1.0,increased_to_weekly,0.0,0.0,0.0,1.0,0,1
B,24058011,9,2008,11,2012,R9KCNT,R11KCNT,0.0,1.0,less_than_weekly,weekly,1.0,increased_to_weekly,0.0,0.0,0.0,1.0,0,1
B,24065010,9,2008,11,2012,R9KCNT,R11KCNT,1.0,1.0,weekly,weekly,0.0,maintained_weekly,1.0,1.0,1.0,1.0,1,1
B,24065040,9,2008,11,2012,R9KCNT,R11KCNT,1.0,1.0,weekly,weekly,0.0,maintained_weekly,1.0,1.0,1.0,1.0,1,1
B,24078010,9,2008,11,2012,R9KCNT,R11KCNT,0.0,1.0,less_than_weekly,weekly,1.0,increased_to_weekly,0.0,0.0,0.0,1.0,0,1
B,24109010,9,2008,11,2012,R9KCNT,R11KCNT,0.0,0.0,less_than_weekly,less_than_weekly,0.0,persistently_below_weekly,0.0,0.0,0.0,0.0,0,0
B,24109040,9,2008,11,2012,R9KCNT,R11KCNT,1.0,1.0,weekly,weekly,0.0,maintained_weekly,0.0,0.0,1.0,1.0,1,1
B,24187010,9,2008,11,2012,R9KCNT,R11KCNT,1.0,1.0,weekly,weekly,0.0,maintained_weekly,1.0,1.0,1.0,1.0,1,1
B,24187020,9,2008,11,2012,R9KCNT,R11KCNT,1.0,,weekly,missing_response,,,0.0,,1.0,,1,.m
B,24231010,9,2008,11,2012,R9KCNT,R11KCNT,0.0,1.0,less_than_weekly,weekly,1.0,increased_to_weekly,0.0,0.0,0.0,1.0,0,1
B,24231020,9,2008,11,2012,R9KCNT,R11KCNT,1.0,1.0,weekly,weekly,0.0,maintained_weekly,0.0,0.0,1.0,1.0,1,1
B,24249020,9,2008,11,2012,R9KCNT,R11KCNT,1.0,,weekly,leave_behind_not_completed_or_ineligible,,,0.0,,1.0,,1,.l
B,24274010,9,2008,11,2012,R9KCNT,R11KCNT,1.0,1.0,weekly,weekly,0.0,maintained_weekly,1.0,1.0,1.0,1.0,1,1
B,24280030,9,2008,11,2012,R9KCNT,R11KCNT,1.0,1.0,weekly,weekly,0.0,maintained_weekly,0.0,0.0,1.0,1.0,1,1
B,24341010,9,2008,11,2012,R9KCNT,R11KCNT,1.0,1.0,weekly,weekly,0.0,maintained_weekly,0.0,0.0,1.0,1.0,1,1
B,24366010,9,2008,11,2012,R9KCNT,R11KCNT,0.0,0.0,less_than_weekly,less_than_weekly,0.0,persistently_below_weekly,0.0,0.0,0.0,0.0,0,0
B,24440010,9,2008,11,2012,R9KCNT,R11KCNT,1.0,1.0,weekly,weekly,0.0,maintained_weekly,1.0,1.0,1.0,1.0,1,1
B,24443010,9,2008,11,2012,R9KCNT,R11KCNT,,,missing_response,missing_response,,,,,,,.m,.m
B,24539010,9,2008,11,2012,R9KCNT,R11KCNT,,,no_children,no_children,,,,,,,.k,.k
B,24539011,9,2008,11,2012,R9KCNT,R11KCNT,,,no_children,no_children,,,,,,,.k,.k
B,24577010,9,2008,11,2012,R9KCNT,R11KCNT,1.0,1.0,weekly,weekly,0.0,maintained_weekly,0.0,0.0,1.0,1.0,1,1
B,24577020,9,2008,11,2012,R9KCNT,R11KCNT,1.0,1.0,weekly,weekly,0.0,maintained_weekly,0.0,1.0,1.0,1.0,1,1
B,24697020,9,2008,11,2012,R9KCNT,R11KCNT,1.0,1.0,weekly,weekly,0.0,maintained_weekly,0.0,0.0,1.0,1.0,1,1
B,24734010,9,2008,11,2012,R9KCNT,R11KCNT,1.0,1.0,weekly,weekly,0.0,maintained_weekly,1.0,0.0,1.0,1.0,1,1
B,24769010,9,2008,11,2012,R9KCNT,R11KCNT,0.0,1.0,less_than_weekly,weekly,1.0,increased_to_weekly,0.0,0.0,0.0,1.0,0,1
B,24769020,9,2008,11,2012,R9KCNT,R11KCNT,0.0,1.0,less_than_weekly,weekly,1.0,increased_to_weekly,0.0,1.0,0.0,1.0,0,1
B,24838010,9,2008,11,2012,R9KCNT,R11KCNT,0.0,,less_than_weekly,no_children,,,0.0,,0.0,,0,.k
B,24843010,9,2008,11,2012,R9KCNT,R11KCNT,0.0,0.0,less_than_weekly,less_than_weekly,0.0,persistently_below_weekly,0.0,0.0,0.0,0.0,0,0
B,24843040,9,2008,11,2012,R9KCNT,R11KCNT,,,no_children,no_children,,,,,,,.k,.k
B,24948010,9,2008,11,2012,R9KCNT,R11KCNT,1.0,1.0,weekly,weekly,0.0,maintained_weekly,0.0,,1.0,1.0,1,1
B,24968010,9,2008,11,2012,R9KCNT,R11KCNT,1.0,0.0,weekly,less_than_weekly,-1.0,decreased_below_weekly,0.0,0.0,1.0,0.0,1,0
B,25029010,9,2008,11,2012,R9KCNT,R11KCNT,,1.0,not_interviewed_or_plain_missing,weekly,,,,1.0,,1.0,.,1
B,25043010,9,2008,11,2012,R9KCNT,R11KCNT,1.0,1.0,weekly,weekly,0.0,maintained_weekly,0.0,1.0,1.0,1.0,1,1
B,25087010,9,2008,11,2012,R9KCNT,R11KCNT,1.0,0.0,weekly,less_than_weekly,-1.0,decreased_below_weekly,0.0,0.0,1.0,0.0,1,0
B,25087011,9,2008,11,2012,R9KCNT,R11KCNT,1.0,1.0,weekly,weekly,0.0,maintained_weekly,1.0,1.0,1.0,1.0,1,1
B,25102010,9,2008,11,2012,R9KCNT,R11KCNT,1.0,1.0,weekly,weekly,0.0,maintained_weekly,0.0,0.0,1.0,1.0,1,1
B,25102040,9,2008,11,2012,R9KCNT,R11KCNT,1.0,1.0,weekly,weekly,0.0,maintained_weekly,1.0,0.0,1.0,1.0,1,1
B,25181020,9,2008,11,2012,R9KCNT,R11KCNT,,,no_children,no_children,,,,,,,.k,.k
B,25343010,9,2008,11,2012,R9KCNT,R11KCNT,1.0,1.0,weekly,weekly,0.0,maintained_weekly,1.0,1.0,1.0,1.0,1,1
B,25344020,9,2008,11,2012,R9KCNT,R11KCNT,1.0,1.0,weekly,weekly,0.0,maintained_weekly,0.0,0.0,1.0,1.0,1,1
B,25344030,9,2008,11,2012,R9KCNT,R11KCNT,0.0,0.0,less_than_weekly,less_than_weekly,0.0,persistently_below_weekly,0.0,0.0,0.0,0.0,0,0
B,25513010,9,2008,11,2012,R9KCNT,R11KCNT,1.0,0.0,weekly,less_than_weekly,-1.0,decreased_below_weekly,,0.0,1.0,0.0,1,0
B,25556010,9,2008,11,2012,R9KCNT,R11KCNT,1.0,0.0,weekly,less_than_weekly,-1.0,decreased_below_weekly,1.0,0.0,1.0,0.0,1,0
B,25565010,9,2008,11,2012,R9KCNT,R11KCNT,1.0,,weekly,leave_behind_not_completed_or_ineligible,,,1.0,,1.0,,1,.l
B,25575040,9,2008,11,2012,R9KCNT,R11KCNT,1.0,0.0,weekly,less_than_weekly,-1.0,decreased_below_weekly,0.0,0.0,1.0,0.0,1,0
B,25581010,9,2008,11,2012,R9KCNT,R11KCNT,1.0,1.0,weekly,weekly,0.0,maintained_weekly,1.0,0.0,1.0,1.0,1,1
B,25581020,9,2008,11,2012,R9KCNT,R11KCNT,1.0,1.0,weekly,weekly,0.0,maintained_weekly,1.0,1.0,1.0,1.0,1,1
B,30113010,9,2008,11,2012,R9KCNT,R11KCNT,1.0,,weekly,no_children,,,0.0,,1.0,,1,.k
B,30219020,9,2008,11,2012,R9KCNT,R11KCNT,1.0,1.0,weekly,weekly,0.0,maintained_weekly,1.0,1.0,1.0,1.0,1,1
B,30233010,9,2008,11,2012,R9KCNT,R11KCNT,1.0,1.0,weekly,weekly,0.0,maintained_weekly,1.0,1.0,1.0,1.0,1,1
B,30254010,9,2008,11,2012,R9KCNT,R11KCNT,0.0,,less_than_weekly,not_interviewed_or_plain_missing,,,0.0,,0.0,,0,.
B,30331010,9,2008,11,2012,R9KCNT,R11KCNT,1.0,0.0,weekly,less_than_weekly,-1.0,decreased_below_weekly,1.0,,1.0,0.0,1,0
B,30423010,9,2008,11,2012,R9KCNT,R11KCNT,0.0,0.0,less_than_weekly,less_than_weekly,0.0,persistently_below_weekly,0.0,0.0,0.0,0.0,0,0
B,30423020,9,2008,11,2012,R9KCNT,R11KCNT,1.0,1.0,weekly,weekly,0.0,maintained_weekly,0.0,0.0,1.0,1.0,1,1
B,30580010,9,2008,11,2012,R9KCNT,R11KCNT,,,no_children,no_children,,,,,,,.k,.k
B,30644010,9,2008,11,2012,R9KCNT,R11KCNT,1.0,1.0,weekly,weekly,0.0,maintained_weekly,1.0,0.0,1.0,1.0,1,1
B,30644020,9,2008,11,2012,R9KCNT,R11KCNT,1.0,1.0,weekly,weekly,0.0,maintained_weekly,1.0,1.0,1.0,1.0,1,1
B,30645010,9,2008,11,2012,R9KCNT,R11KCNT,1.0,0.0,weekly,less_than_weekly,-1.0,decreased_below_weekly,0.0,0.0,1.0,0.0,1,0
B,30652010,9,2008,11,2012,R9KCNT,R11KCNT,1.0,1.0,weekly,weekly,0.0,maintained_weekly,0.0,0.0,1.0,1.0,1,1
B,30652020,9,2008,11,2012,R9KCNT,R11KCNT,1.0,1.0,weekly,weekly,0.0,maintained_weekly,0.0,0.0,1.0,1.0,1,1
B,30693020,9,2008,11,2012,R9KCNT,R11KCNT,1.0,1.0,weekly,weekly,0.0,maintained_weekly,0.0,0.0,1.0,1.0,1,1
B,30760010,9,2008,11,2012,R9KCNT,R11KCNT,1.0,1.0,weekly,weekly,0.0,maintained_weekly,,1.0,1.0,1.0,1,1
B,30760020,9,2008,11,2012,R9KCNT,R11KCNT,1.0,,weekly,leave_behind_not_completed_or_ineligible,,,1.0,,1.0,,1,.l
B,30769010,9,2008,11,2012,R9KCNT,R11KCNT,1.0,1.0,weekly,weekly,0.0,maintained_weekly,1.0,1.0,1.0,1.0,1,1
B,30769020,9,2008,11,2012,R9KCNT,R11KCNT,0.0,1.0,less_than_weekly,weekly,1.0,increased_to_weekly,0.0,1.0,0.0,1.0,0,1
B,30781010,9,2008,11,2012,R9KCNT,R11KCNT,0.0,1.0,less_than_weekly,weekly,1.0,increased_to_weekly,0.0,0.0,0.0,1.0,0,1
B,30804030,9,2008,11,2012,R9KCNT,R11KCNT,1.0,0.0,weekly,less_than_weekly,-1.0,decreased_below_weekly,0.0,0.0,1.0,0.0,1,0
B,30904010,9,2008,11,2012,R9KCNT,R11KCNT,1.0,1.0,weekly,weekly,0.0,maintained_weekly,0.0,0.0,1.0,1.0,1,1
B,30904020,9,2008,11,2012,R9KCNT,R11KCNT,1.0,1.0,weekly,weekly,0.0,maintained_weekly,0.0,0.0,1.0,1.0,1,1
B,30915040,9,2008,11,2012,R9KCNT,R11KCNT,1.0,,weekly,leave_behind_not_completed_or_ineligible,,,0.0,,1.0,,1,.l
B,30971010,9,2008,11,2012,R9KCNT,R11KCNT,1.0,1.0,weekly,weekly,0.0,maintained_weekly,0.0,0.0,1.0,1.0,1,1
B,31135010,9,2008,11,2012,R9KCNT,R11KCNT,0.0,1.0,less_than_weekly,weekly,1.0,increased_to_weekly,0.0,0.0,0.0,1.0,0,1
B,31208010,9,2008,11,2012,R9KCNT,R11KCNT,1.0,1.0,weekly,weekly,0.0,maintained_weekly,0.0,0.0,1.0,1.0,1,1
B,31326010,9,2008,11,2012,R9KCNT,R11KCNT,0.0,0.0,less_than_weekly,less_than_weekly,0.0,persistently_below_weekly,0.0,0.0,0.0,0.0,0,0
B,31355020,9,2008,11,2012,R9KCNT,R11KCNT,1.0,1.0,weekly,weekly,0.0,maintained_weekly,0.0,0.0,1.0,1.0,1,1
B,31355021,9,2008,11,2012,R9KCNT,R11KCNT,1.0,0.0,weekly,less_than_weekly,-1.0,decreased_below_weekly,0.0,0.0,1.0,0.0,1,0
B,31552010,9,2008,11,2012,R9KCNT,R11KCNT,0.0,0.0,less_than_weekly,less_than_weekly,0.0,persistently_below_weekly,0.0,0.0,0.0,0.0,0,0
B,31605010,9,2008,11,2012,R9KCNT,R11KCNT,1.0,0.0,weekly,less_than_weekly,-1.0,decreased_below_weekly,1.0,0.0,1.0,0.0,1,0
B,31608010,9,2008,11,2012,R9KCNT,R11KCNT,1.0,,weekly,missing_response,,,0.0,,1.0,,1,.m
B,31608020,9,2008,11,2012,R9KCNT,R11KCNT,1.0,1.0,weekly,weekly,0.0,maintained_weekly,0.0,0.0,1.0,1.0,1,1
B,31628010,9,2008,11,2012,R9KCNT,R11KCNT,1.0,0.0,weekly,less_than_weekly,-1.0,decreased_below_weekly,0.0,0.0,1.0,0.0,1,0
B,31632010,9,2008,11,2012,R9KCNT,R11KCNT,1.0,1.0,weekly,weekly,0.0,maintained_weekly,1.0,1.0,1.0,1.0,1,1
B,31646010,9,2008,11,2012,R9KCNT,R11KCNT,1.0,,weekly,missing_response,,,1.0,,1.0,,1,.m
B,31766030,9,2008,11,2012,R9KCNT,R11KCNT,1.0,1.0,weekly,weekly,0.0,maintained_weekly,0.0,1.0,1.0,1.0,1,1
B,31770020,9,2008,11,2012,R9KCNT,R11KCNT,1.0,1.0,weekly,weekly,0.0,maintained_weekly,1.0,1.0,1.0,1.0,1,1
B,31770030,9,2008,11,2012,R9KCNT,R11KCNT,1.0,1.0,weekly,weekly,0.0,maintained_weekly,1.0,1.0,1.0,1.0,1,1
B,31815030,9,2008,11,2012,R9KCNT,R11KCNT,1.0,1.0,weekly,weekly,0.0,maintained_weekly,0.0,0.0,1.0,1.0,1,1
B,31883030,9,2008,11,2012,R9KCNT,R11KCNT,1.0,1.0,weekly,weekly,0.0,maintained_weekly,0.0,1.0,1.0,1.0,1,1
B,31891010,9,2008,11,2012,R9KCNT,R11KCNT,1.0,1.0,weekly,weekly,0.0,maintained_weekly,1.0,,1.0,1.0,1,1
B,31918030,9,2008,11,2012,R9KCNT,R11KCNT,,,no_children,no_children,,,,,,,.k,.k
B,31923010,9,2008,11,2012,R9KCNT,R11KCNT,1.0,1.0,weekly,weekly,0.0,maintained_weekly,1.0,1.0,1.0,1.0,1,1
B,31923020,9,2008,11,2012,R9KCNT,R11KCNT,,1.0,missing_response,weekly,,,,0.0,,1.0,.m,1
B,32085010,9,2008,11,2012,R9KCNT,R11KCNT,1.0,,weekly,missing_response,,,1.0,,1.0,,1,.m
B,32209020,9,2008,11,2012,R9KCNT,R11KCNT,0.0,1.0,less_than_weekly,weekly,1.0,increased_to_weekly,0.0,0.0,0.0,1.0,0,1
B,32214020,9,2008,11,2012,R9KCNT,R11KCNT,1.0,1.0,weekly,weekly,0.0,maintained_weekly,0.0,1.0,1.0,1.0,1,1
B,32255010,9,2008,11,2012,R9KCNT,R11KCNT,1.0,1.0,weekly,weekly,0.0,maintained_weekly,1.0,1.0,1.0,1.0,1,1
B,32255020,9,2008,11,2012,R9KCNT,R11KCNT,1.0,1.0,weekly,weekly,0.0,maintained_weekly,0.0,0.0,1.0,1.0,1,1
B,32265010,9,2008,11,2012,R9KCNT,R11KCNT,1.0,1.0,weekly,weekly,0.0,maintained_weekly,1.0,1.0,1.0,1.0,1,1
B,32282010,9,2008,11,2012,R9KCNT,R11KCNT,1.0,0.0,weekly,less_than_weekly,-1.0,decreased_below_weekly,0.0,0.0,1.0,0.0,1,0
B,32361010,9,2008,11,2012,R9KCNT,R11KCNT,0.0,1.0,less_than_weekly,weekly,1.0,increased_to_weekly,0.0,1.0,0.0,0.0,0,1
B,32378010,9,2008,11,2012,R9KCNT,R11KCNT,1.0,1.0,weekly,weekly,0.0,maintained_weekly,1.0,1.0,1.0,1.0,1,1
B,32379010,9,2008,11,2012,R9KCNT,R11KCNT,1.0,1.0,weekly,weekly,0.0,maintained_weekly,0.0,0.0,1.0,1.0,1,1
B,32398020,9,2008,11,2012,R9KCNT,R11KCNT,1.0,1.0,weekly,weekly,0.0,maintained_weekly,1.0,1.0,1.0,1.0,1,1
B,32414010,9,2008,11,2012,R9KCNT,R11KCNT,1.0,1.0,weekly,weekly,0.0,maintained_weekly,1.0,0.0,1.0,1.0,1,1
B,32420020,9,2008,11,2012,R9KCNT,R11KCNT,1.0,1.0,weekly,weekly,0.0,maintained_weekly,0.0,0.0,1.0,1.0,1,1
B,32441020,9,2008,11,2012,R9KCNT,R11KCNT,1.0,1.0,weekly,weekly,0.0,maintained_weekly,1.0,0.0,1.0,1.0,1,1
B,32480010,9,2008,11,2012,R9KCNT,R11KCNT,1.0,,weekly,missing_response,,,0.0,,1.0,,1,.m
B,32480040,9,2008,11,2012,R9KCNT,R11KCNT,1.0,1.0,weekly,weekly,0.0,maintained_weekly,1.0,1.0,1.0,1.0,1,1
B,32529010,9,2008,11,2012,R9KCNT,R11KCNT,,,no_children,leave_behind_not_completed_or_ineligible,,,,,,,.k,.l
B,32542010,9,2008,11,2012,R9KCNT,R11KCNT,1.0,1.0,weekly,weekly,0.0,maintained_weekly,1.0,1.0,1.0,1.0,1,1
B,32634020,9,2008,11,2012,R9KCNT,R11KCNT,1.0,1.0,weekly,weekly,0.0,maintained_weekly,0.0,0.0,1.0,1.0,1,1
B,32634021,9,2008,11,2012,R9KCNT,R11KCNT,,0.0,not_interviewed_or_plain_missing,less_than_weekly,,,,0.0,,0.0,.,0
B,32678010,9,2008,11,2012,R9KCNT,R11KCNT,1.0,1.0,weekly,weekly,0.0,maintained_weekly,1.0,1.0,1.0,1.0,1,1
B,32687010,9,2008,11,2012,R9KCNT,R11KCNT,1.0,1.0,weekly,weekly,0.0,maintained_weekly,1.0,1.0,1.0,1.0,1,1
B,32700010,9,2008,11,2012,R9KCNT,R11KCNT,1.0,1.0,weekly,weekly,0.0,maintained_weekly,0.0,0.0,1.0,1.0,1,1
B,32700011,9,2008,11,2012,R9KCNT,R11KCNT,1.0,1.0,weekly,weekly,0.0,maintained_weekly,0.0,0.0,1.0,1.0,1,1
B,32727010,9,2008,11,2012,R9KCNT,R11KCNT,1.0,1.0,weekly,weekly,0.0,maintained_weekly,0.0,0.0,1.0,1.0,1,1
B,32742020,9,2008,11,2012,R9KCNT,R11KCNT,1.0,1.0,weekly,weekly,0.0,maintained_weekly,1.0,1.0,1.0,1.0,1,1
B,32800010,9,2008,11,2012,R9KCNT,R11KCNT,1.0,1.0,weekly,weekly,0.0,maintained_weekly,1.0,1.0,1.0,1.0,1,1
B,32846020,9,2008,11,2012,R9KCNT,R11KCNT,1.0,1.0,weekly,weekly,0.0,maintained_weekly,1.0,0.0,1.0,1.0,1,1
B,32846030,9,2008,11,2012,R9KCNT,R11KCNT,0.0,0.0,less_than_weekly,less_than_weekly,0.0,persistently_below_weekly,0.0,0.0,0.0,0.0,0,0
B,32852010,9,2008,11,2012,R9KCNT,R11KCNT,1.0,1.0,weekly,weekly,0.0,maintained_weekly,1.0,1.0,0.0,1.0,1,1
B,32895010,9,2008,11,2012,R9KCNT,R11KCNT,1.0,1.0,weekly,weekly,0.0,maintained_weekly,1.0,1.0,1.0,1.0,1,1
B,32904010,9,2008,11,2012,R9KCNT,R11KCNT,1.0,1.0,weekly,weekly,0.0,maintained_weekly,1.0,1.0,1.0,1.0,1,1
B,32915010,9,2008,11,2012,R9KCNT,R11KCNT,1.0,1.0,weekly,weekly,0.0,maintained_weekly,1.0,1.0,1.0,1.0,1,1
B,32916040,9,2008,11,2012,R9KCNT,R11KCNT,1.0,1.0,weekly,weekly,0.0,maintained_weekly,0.0,0.0,1.0,1.0,1,1
B,32979020,9,2008,11,2012,R9KCNT,R11KCNT,,0.0,missing_response,less_than_weekly,,,,0.0,,0.0,.m,0
B,33030020,9,2008,11,2012,R9KCNT,R11KCNT,1.0,1.0,weekly,weekly,0.0,maintained_weekly,1.0,0.0,1.0,1.0,1,1
B,33230010,9,2008,11,2012,R9KCNT,R11KCNT,1.0,1.0,weekly,weekly,0.0,maintained_weekly,1.0,1.0,1.0,1.0,1,1
B,33230020,9,2008,11,2012,R9KCNT,R11KCNT,0.0,1.0,less_than_weekly,weekly,1.0,increased_to_weekly,0.0,1.0,0.0,1.0,0,1
B,33237010,9,2008,11,2012,R9KCNT,R11KCNT,,1.0,leave_behind_not_completed_or_ineligible,weekly,,,,0.0,,1.0,.l,1
B,33237040,9,2008,11,2012,R9KCNT,R11KCNT,,1.0,not_interviewed_or_plain_missing,weekly,,,,0.0,,1.0,.,1
B,33276020,9,2008,11,2012,R9KCNT,R11KCNT,1.0,1.0,weekly,weekly,0.0,maintained_weekly,1.0,0.0,1.0,1.0,1,1
B,33276030,9,2008,11,2012,R9KCNT,R11KCNT,,,no_children,no_children,,,,,,,.k,.k
B,33288010,9,2008,11,2012,R9KCNT,R11KCNT,1.0,1.0,weekly,weekly,0.0,maintained_weekly,1.0,0.0,1.0,1.0,1,1
B,33302020,9,2008,11,2012,R9KCNT,R11KCNT,1.0,1.0,weekly,weekly,0.0,maintained_weekly,0.0,0.0,1.0,1.0,1,1
B,33302030,9,2008,11,2012,R9KCNT,R11KCNT,1.0,1.0,weekly,weekly,0.0,maintained_weekly,0.0,0.0,1.0,1.0,1,1
B,33316020,9,2008,11,2012,R9KCNT,R11KCNT,1.0,1.0,weekly,weekly,0.0,maintained_weekly,0.0,0.0,1.0,1.0,1,1
B,33320020,9,2008,11,2012,R9KCNT,R11KCNT,1.0,1.0,weekly,weekly,0.0,maintained_weekly,0.0,0.0,1.0,1.0,1,1
B,33387010,9,2008,11,2012,R9KCNT,R11KCNT,1.0,1.0,weekly,weekly,0.0,maintained_weekly,0.0,1.0,1.0,1.0,1,1
B,33387020,9,2008,11,2012,R9KCNT,R11KCNT,1.0,0.0,weekly,less_than_weekly,-1.0,decreased_below_weekly,1.0,0.0,1.0,0.0,1,0
B,33404020,9,2008,11,2012,R9KCNT,R11KCNT,1.0,1.0,weekly,weekly,0.0,maintained_weekly,0.0,0.0,1.0,1.0,1,1
B,33404030,9,2008,11,2012,R9KCNT,R11KCNT,0.0,0.0,less_than_weekly,less_than_weekly,0.0,persistently_below_weekly,0.0,0.0,0.0,0.0,0,0
B,33500010,9,2008,11,2012,R9KCNT,R11KCNT,1.0,0.0,weekly,less_than_weekly,-1.0,decreased_below_weekly,1.0,0.0,1.0,0.0,1,0
B,33518020,9,2008,11,2012,R9KCNT,R11KCNT,0.0,0.0,less_than_weekly,less_than_weekly,0.0,persistently_below_weekly,0.0,0.0,0.0,0.0,0,0
B,33518030,9,2008,11,2012,R9KCNT,R11KCNT,1.0,1.0,weekly,weekly,0.0,maintained_weekly,1.0,1.0,1.0,1.0,1,1
B,33527020,9,2008,11,2012,R9KCNT,R11KCNT,1.0,0.0,weekly,less_than_weekly,-1.0,decreased_below_weekly,0.0,0.0,1.0,0.0,1,0
B,33527030,9,2008,11,2012,R9KCNT,R11KCNT,0.0,1.0,less_than_weekly,weekly,1.0,increased_to_weekly,0.0,0.0,0.0,1.0,0,1
B,33542010,9,2008,11,2012,R9KCNT,R11KCNT,0.0,1.0,less_than_weekly,weekly,1.0,increased_to_weekly,0.0,0.0,0.0,1.0,0,1
B,33553010,9,2008,11,2012,R9KCNT,R11KCNT,,,missing_response,leave_behind_not_completed_or_ineligible,,,,,,,.m,.l
B,33562010,9,2008,11,2012,R9KCNT,R11KCNT,1.0,1.0,weekly,weekly,0.0,maintained_weekly,0.0,0.0,1.0,1.0,1,1
B,33566020,9,2008,11,2012,R9KCNT,R11KCNT,,,no_children,no_children,,,,,,,.k,.k
B,33583040,9,2008,11,2012,R9KCNT,R11KCNT,1.0,1.0,weekly,weekly,0.0,maintained_weekly,1.0,1.0,1.0,1.0,1,1
B,33600010,9,2008,11,2012,R9KCNT,R11KCNT,0.0,1.0,less_than_weekly,weekly,1.0,increased_to_weekly,0.0,0.0,0.0,1.0,0,1
B,33604010,9,2008,11,2012,R9KCNT,R11KCNT,1.0,1.0,weekly,weekly,0.0,maintained_weekly,0.0,0.0,1.0,1.0,1,1
B,33700010,9,2008,11,2012,R9KCNT,R11KCNT,1.0,,weekly,leave_behind_not_completed_or_ineligible,,,0.0,,1.0,,1,.l
B,33827020,9,2008,11,2012,R9KCNT,R11KCNT,1.0,1.0,weekly,weekly,0.0,maintained_weekly,1.0,1.0,1.0,1.0,1,1
B,33832010,9,2008,11,2012,R9KCNT,R11KCNT,1.0,1.0,weekly,weekly,0.0,maintained_weekly,0.0,0.0,1.0,1.0,1,1
B,33833010,9,2008,11,2012,R9KCNT,R11KCNT,1.0,1.0,weekly,weekly,0.0,maintained_weekly,1.0,1.0,1.0,1.0,1,1
B,33867010,9,2008,11,2012,R9KCNT,R11KCNT,1.0,1.0,weekly,weekly,0.0,maintained_weekly,1.0,1.0,1.0,1.0,1,1
B,33867020,9,2008,11,2012,R9KCNT,R11KCNT,1.0,1.0,weekly,weekly,0.0,maintained_weekly,1.0,1.0,1.0,1.0,1,1
B,33879010,9,2008,11,2012,R9KCNT,R11KCNT,1.0,1.0,weekly,weekly,0.0,maintained_weekly,1.0,0.0,1.0,1.0,1,1
B,33941010,9,2008,11,2012,R9KCNT,R11KCNT,1.0,1.0,weekly,weekly,0.0,maintained_weekly,0.0,0.0,1.0,1.0,1,1
B,33944040,9,2008,11,2012,R9KCNT,R11KCNT,1.0,1.0,weekly,weekly,0.0,maintained_weekly,0.0,0.0,1.0,1.0,1,1
B,34034010,9,2008,11,2012,R9KCNT,R11KCNT,,,no_children,no_children,,,,,,,.k,.k
B,34050040,9,2008,11,2012,R9KCNT,R11KCNT,1.0,0.0,weekly,less_than_weekly,-1.0,decreased_below_weekly,0.0,0.0,1.0,0.0,1,0
B,34089020,9,2008,11,2012,R9KCNT,R11KCNT,0.0,1.0,less_than_weekly,weekly,1.0,increased_to_weekly,0.0,0.0,0.0,1.0,0,1
B,34126010,9,2008,11,2012,R9KCNT,R11KCNT,1.0,1.0,weekly,weekly,0.0,maintained_weekly,0.0,0.0,1.0,1.0,1,1
B,34126040,9,2008,11,2012,R9KCNT,R11KCNT,1.0,1.0,weekly,weekly,0.0,maintained_weekly,0.0,0.0,1.0,1.0,1,1
B,34135010,9,2008,11,2012,R9KCNT,R11KCNT,,,no_children,no_children,,,,,,,.k,.k
B,34222020,9,2008,11,2012,R9KCNT,R11KCNT,1.0,1.0,weekly,weekly,0.0,maintained_weekly,1.0,1.0,1.0,1.0,1,1
B,34223010,9,2008,11,2012,R9KCNT,R11KCNT,1.0,1.0,weekly,weekly,0.0,maintained_weekly,1.0,1.0,1.0,1.0,1,1
B,34231010,9,2008,11,2012,R9KCNT,R11KCNT,,,missing_response,missing_response,,,,,,,.m,.m
B,34237010,9,2008,11,2012,R9KCNT,R11KCNT,1.0,1.0,weekly,weekly,0.0,maintained_weekly,0.0,0.0,1.0,1.0,1,1
B,34285010,9,2008,11,2012,R9KCNT,R11KCNT,1.0,0.0,weekly,less_than_weekly,-1.0,decreased_below_weekly,1.0,0.0,1.0,0.0,1,0
B,34285040,9,2008,11,2012,R9KCNT,R11KCNT,1.0,1.0,weekly,weekly,0.0,maintained_weekly,1.0,0.0,1.0,1.0,1,1
B,34338010,9,2008,11,2012,R9KCNT,R11KCNT,1.0,1.0,weekly,weekly,0.0,maintained_weekly,0.0,0.0,1.0,1.0,1,1
B,34338020,9,2008,11,2012,R9KCNT,R11KCNT,1.0,1.0,weekly,weekly,0.0,maintained_weekly,0.0,0.0,1.0,1.0,1,1
B,34350010,9,2008,11,2012,R9KCNT,R11KCNT,0.0,0.0,less_than_weekly,less_than_weekly,0.0,persistently_below_weekly,0.0,0.0,0.0,0.0,0,0
B,34350020,9,2008,11,2012,R9KCNT,R11KCNT,1.0,1.0,weekly,weekly,0.0,maintained_weekly,0.0,0.0,1.0,1.0,1,1
B,34371010,9,2008,11,2012,R9KCNT,R11KCNT,1.0,1.0,weekly,weekly,0.0,maintained_weekly,1.0,0.0,1.0,1.0,1,1
B,34497010,9,2008,11,2012,R9KCNT,R11KCNT,,0.0,leave_behind_not_completed_or_ineligible,less_than_weekly,,,,0.0,,0.0,.l,0
B,34497020,9,2008,11,2012,R9KCNT,R11KCNT,,1.0,leave_behind_not_completed_or_ineligible,weekly,,,,1.0,,1.0,.l,1
B,34624020,9,2008,11,2012,R9KCNT,R11KCNT,1.0,1.0,weekly,weekly,0.0,maintained_weekly,0.0,0.0,1.0,1.0,1,1
B,34624030,9,2008,11,2012,R9KCNT,R11KCNT,1.0,1.0,weekly,weekly,0.0,maintained_weekly,0.0,0.0,1.0,1.0,1,1
B,34678010,9,2008,11,2012,R9KCNT,R11KCNT,1.0,1.0,weekly,weekly,0.0,maintained_weekly,1.0,1.0,1.0,1.0,1,1
B,34678040,9,2008,11,2012,R9KCNT,R11KCNT,1.0,1.0,weekly,weekly,0.0,maintained_weekly,1.0,1.0,1.0,1.0,1,1
B,34738010,9,2008,11,2012,R9KCNT,R11KCNT,1.0,1.0,weekly,weekly,0.0,maintained_weekly,0.0,1.0,1.0,1.0,1,1
B,34756030,9,2008,11,2012,R9KCNT,R11KCNT,1.0,1.0,weekly,weekly,0.0,maintained_weekly,1.0,0.0,1.0,1.0,1,1
B,34756031,9,2008,11,2012,R9KCNT,R11KCNT,,1.0,not_interviewed_or_plain_missing,weekly,,,,0.0,,1.0,.,1
B,34763010,9,2008,11,2012,R9KCNT,R11KCNT,0.0,0.0,less_than_weekly,less_than_weekly,0.0,persistently_below_weekly,0.0,0.0,0.0,0.0,0,0
B,34763041,9,2008,11,2012,R9KCNT,R11KCNT,0.0,,less_than_weekly,leave_behind_not_completed_or_ineligible,,,0.0,,0.0,,0,.l
B,34795010,9,2008,11,2012,R9KCNT,R11KCNT,1.0,1.0,weekly,weekly,0.0,maintained_weekly,1.0,1.0,1.0,1.0,1,1
B,34823010,9,2008,11,2012,R9KCNT,R11KCNT,,1.0,leave_behind_not_completed_or_ineligible,weekly,,,,1.0,,1.0,.l,1
B,34863010,9,2008,11,2012,R9KCNT,R11KCNT,,,no_children,no_children,,,,,,,.k,.k
B,34955010,9,2008,11,2012,R9KCNT,R11KCNT,1.0,1.0,weekly,weekly,0.0,maintained_weekly,1.0,1.0,1.0,1.0,1,1
B,35009010,9,2008,11,2012,R9KCNT,R11KCNT,1.0,1.0,weekly,weekly,0.0,maintained_weekly,1.0,1.0,1.0,1.0,1,1
B,35009020,9,2008,11,2012,R9KCNT,R11KCNT,1.0,,weekly,missing_response,,,1.0,,1.0,,1,.m
B,35164020,9,2008,11,2012,R9KCNT,R11KCNT,1.0,1.0,weekly,weekly,0.0,maintained_weekly,0.0,0.0,1.0,1.0,1,1
B,35164030,9,2008,11,2012,R9KCNT,R11KCNT,1.0,1.0,weekly,weekly,0.0,maintained_weekly,0.0,0.0,1.0,1.0,1,1
B,35167010,9,2008,11,2012,R9KCNT,R11KCNT,0.0,0.0,less_than_weekly,less_than_weekly,0.0,persistently_below_weekly,0.0,0.0,0.0,0.0,0,0
B,35167020,9,2008,11,2012,R9KCNT,R11KCNT,1.0,0.0,weekly,less_than_weekly,-1.0,decreased_below_weekly,0.0,0.0,1.0,0.0,1,0
B,35169010,9,2008,11,2012,R9KCNT,R11KCNT,1.0,1.0,weekly,weekly,0.0,maintained_weekly,0.0,1.0,1.0,1.0,1,1
B,35364020,9,2008,11,2012,R9KCNT,R11KCNT,1.0,1.0,weekly,weekly,0.0,maintained_weekly,0.0,1.0,1.0,1.0,1,1
B,35364030,9,2008,11,2012,R9KCNT,R11KCNT,1.0,1.0,weekly,weekly,0.0,maintained_weekly,0.0,0.0,1.0,1.0,1,1
B,35380010,9,2008,11,2012,R9KCNT,R11KCNT,1.0,1.0,weekly,weekly,0.0,maintained_weekly,1.0,1.0,1.0,1.0,1,1
B,35421010,9,2008,11,2012,R9KCNT,R11KCNT,1.0,1.0,weekly,weekly,0.0,maintained_weekly,0.0,0.0,1.0,1.0,1,1
B,35425010,9,2008,11,2012,R9KCNT,R11KCNT,0.0,1.0,less_than_weekly,weekly,1.0,increased_to_weekly,0.0,1.0,0.0,1.0,0,1
B,35425040,9,2008,11,2012,R9KCNT,R11KCNT,1.0,1.0,weekly,weekly,0.0,maintained_weekly,0.0,1.0,1.0,1.0,1,1
B,35428011,9,2008,11,2012,R9KCNT,R11KCNT,1.0,1.0,weekly,weekly,0.0,maintained_weekly,0.0,0.0,1.0,1.0,1,1
B,35505040,9,2008,11,2012,R9KCNT,R11KCNT,1.0,1.0,weekly,weekly,0.0,maintained_weekly,0.0,1.0,1.0,1.0,1,1
B,35507010,9,2008,11,2012,R9KCNT,R11KCNT,1.0,0.0,weekly,less_than_weekly,-1.0,decreased_below_weekly,0.0,0.0,1.0,0.0,1,0
B,35525040,9,2008,11,2012,R9KCNT,R11KCNT,0.0,0.0,less_than_weekly,less_than_weekly,0.0,persistently_below_weekly,0.0,0.0,0.0,0.0,0,0
B,35601020,9,2008,11,2012,R9KCNT,R11KCNT,1.0,,weekly,leave_behind_not_completed_or_ineligible,,,1.0,,1.0,,1,.l
B,35605010,9,2008,11,2012,R9KCNT,R11KCNT,,1.0,missing_response,weekly,,,,1.0,,1.0,.m,1
B,35607020,9,2008,11,2012,R9KCNT,R11KCNT,0.0,0.0,less_than_weekly,less_than_weekly,0.0,persistently_below_weekly,0.0,0.0,0.0,0.0,0,0
B,35607030,9,2008,11,2012,R9KCNT,R11KCNT,1.0,1.0,weekly,weekly,0.0,maintained_weekly,0.0,1.0,1.0,1.0,1,1
B,35613020,9,2008,11,2012,R9KCNT,R11KCNT,1.0,1.0,weekly,weekly,0.0,maintained_weekly,0.0,0.0,1.0,1.0,1,1
B,35624020,9,2008,11,2012,R9KCNT,R11KCNT,1.0,1.0,weekly,weekly,0.0,maintained_weekly,,0.0,1.0,1.0,1,1
B,35624030,9,2008,11,2012,R9KCNT,R11KCNT,1.0,1.0,weekly,weekly,0.0,maintained_weekly,0.0,0.0,1.0,1.0,1,1
B,35644010,9,2008,11,2012,R9KCNT,R11KCNT,1.0,1.0,weekly,weekly,0.0,maintained_weekly,0.0,0.0,1.0,1.0,1,1
B,35672030,9,2008,11,2012,R9KCNT,R11KCNT,,,missing_response,missing_response,,,,,,,.m,.m
B,35685020,9,2008,11,2012,R9KCNT,R11KCNT,1.0,1.0,weekly,weekly,0.0,maintained_weekly,1.0,1.0,1.0,0.0,1,1
B,35704020,9,2008,11,2012,R9KCNT,R11KCNT,1.0,1.0,weekly,weekly,0.0,maintained_weekly,1.0,1.0,1.0,1.0,1,1
B,35728010,9,2008,11,2012,R9KCNT,R11KCNT,,1.0,missing_response,weekly,,,,1.0,,1.0,.m,1
B,35753010,9,2008,11,2012,R9KCNT,R11KCNT,1.0,1.0,weekly,weekly,0.0,maintained_weekly,0.0,1.0,1.0,1.0,1,1
B,35753020,9,2008,11,2012,R9KCNT,R11KCNT,0.0,1.0,less_than_weekly,weekly,1.0,increased_to_weekly,0.0,0.0,0.0,1.0,0,1
B,35786010,9,2008,11,2012,R9KCNT,R11KCNT,,,no_children,no_children,,,,,,,.k,.k
B,35786040,9,2008,11,2012,R9KCNT,R11KCNT,,,no_children,no_children,,,,,,,.k,.k
B,35813010,9,2008,11,2012,R9KCNT,R11KCNT,,0.0,leave_behind_not_completed_or_ineligible,less_than_weekly,,,,0.0,,0.0,.l,0
B,35838020,9,2008,11,2012,R9KCNT,R11KCNT,1.0,1.0,weekly,weekly,0.0,maintained_weekly,0.0,0.0,1.0,1.0,1,1
B,35840010,9,2008,11,2012,R9KCNT,R11KCNT,1.0,1.0,weekly,weekly,0.0,maintained_weekly,0.0,1.0,1.0,1.0,1,1
B,35849010,9,2008,11,2012,R9KCNT,R11KCNT,1.0,1.0,weekly,weekly,0.0,maintained_weekly,0.0,1.0,1.0,1.0,1,1
B,35849020,9,2008,11,2012,R9KCNT,R11KCNT,1.0,0.0,weekly,less_than_weekly,-1.0,decreased_below_weekly,1.0,0.0,1.0,0.0,1,0
B,35858010,9,2008,11,2012,R9KCNT,R11KCNT,0.0,0.0,less_than_weekly,less_than_weekly,0.0,persistently_below_weekly,0.0,0.0,0.0,0.0,0,0
B,35878010,9,2008,11,2012,R9KCNT,R11KCNT,1.0,0.0,weekly,less_than_weekly,-1.0,decreased_below_weekly,0.0,0.0,1.0,0.0,1,0
B,35892010,9,2008,11,2012,R9KCNT,R11KCNT,1.0,1.0,weekly,weekly,0.0,maintained_weekly,1.0,1.0,1.0,1.0,1,1
B,35901020,9,2008,11,2012,R9KCNT,R11KCNT,,,no_children,no_children,,,,,,,.k,.k
B,35901030,9,2008,11,2012,R9KCNT,R11KCNT,,,no_children,no_children,,,,,,,.k,.k
B,35903020,9,2008,11,2012,R9KCNT,R11KCNT,1.0,1.0,weekly,weekly,0.0,maintained_weekly,1.0,0.0,1.0,1.0,1,1
B,35903030,9,2008,11,2012,R9KCNT,R11KCNT,1.0,1.0,weekly,weekly,0.0,maintained_weekly,1.0,1.0,1.0,1.0,1,1
B,35982040,9,2008,11,2012,R9KCNT,R11KCNT,,1.0,leave_behind_not_completed_or_ineligible,weekly,,,,1.0,,1.0,.l,1
B,35992020,9,2008,11,2012,R9KCNT,R11KCNT,1.0,1.0,weekly,weekly,0.0,maintained_weekly,0.0,0.0,1.0,1.0,1,1
B,36040010,9,2008,11,2012,R9KCNT,R11KCNT,1.0,1.0,weekly,weekly,0.0,maintained_weekly,1.0,,0.0,1.0,1,1
B,36040020,9,2008,11,2012,R9KCNT,R11KCNT,1.0,1.0,weekly,weekly,0.0,maintained_weekly,1.0,,1.0,1.0,1,1
B,36068010,9,2008,11,2012,R9KCNT,R11KCNT,,,no_children,no_children,,,,,,,.k,.k
B,36126010,9,2008,11,2012,R9KCNT,R11KCNT,1.0,1.0,weekly,weekly,0.0,maintained_weekly,1.0,0.0,1.0,1.0,1,1
B,36126040,9,2008,11,2012,R9KCNT,R11KCNT,1.0,1.0,weekly,weekly,0.0,maintained_weekly,1.0,1.0,1.0,1.0,1,1
B,36151010,9,2008,11,2012,R9KCNT,R11KCNT,1.0,1.0,weekly,weekly,0.0,maintained_weekly,1.0,0.0,1.0,1.0,1,1
B,36179010,9,2008,11,2012,R9KCNT,R11KCNT,1.0,1.0,weekly,weekly,0.0,maintained_weekly,0.0,0.0,1.0,1.0,1,1
B,36179020,9,2008,11,2012,R9KCNT,R11KCNT,1.0,1.0,weekly,weekly,0.0,maintained_weekly,0.0,0.0,1.0,1.0,1,1
B,36203010,9,2008,11,2012,R9KCNT,R11KCNT,1.0,1.0,weekly,weekly,0.0,maintained_weekly,1.0,0.0,1.0,1.0,1,1
B,36206010,9,2008,11,2012,R9KCNT,R11KCNT,,,no_children,no_children,,,,,,,.k,.k
B,36218020,9,2008,11,2012,R9KCNT,R11KCNT,1.0,1.0,weekly,weekly,0.0,maintained_weekly,0.0,0.0,1.0,1.0,1,1
B,36218030,9,2008,11,2012,R9KCNT,R11KCNT,0.0,0.0,less_than_weekly,less_than_weekly,0.0,persistently_below_weekly,0.0,0.0,0.0,0.0,0,0
B,36236010,9,2008,11,2012,R9KCNT,R11KCNT,1.0,1.0,weekly,weekly,0.0,maintained_weekly,1.0,1.0,1.0,1.0,1,1
B,36257010,9,2008,11,2012,R9KCNT,R11KCNT,1.0,1.0,weekly,weekly,0.0,maintained_weekly,0.0,0.0,1.0,1.0,1,1
B,36413040,9,2008,11,2012,R9KCNT,R11KCNT,0.0,0.0,less_than_weekly,less_than_weekly,0.0,persistently_below_weekly,0.0,0.0,0.0,0.0,0,0
B,36491020,9,2008,11,2012,R9KCNT,R11KCNT,0.0,0.0,less_than_weekly,less_than_weekly,0.0,persistently_below_weekly,0.0,0.0,0.0,0.0,0,0
B,36503020,9,2008,11,2012,R9KCNT,R11KCNT,1.0,0.0,weekly,less_than_weekly,-1.0,decreased_below_weekly,1.0,0.0,1.0,0.0,1,0
B,36675010,9,2008,11,2012,R9KCNT,R11KCNT,0.0,0.0,less_than_weekly,less_than_weekly,0.0,persistently_below_weekly,0.0,0.0,0.0,0.0,0,0
B,36675040,9,2008,11,2012,R9KCNT,R11KCNT,0.0,0.0,less_than_weekly,less_than_weekly,0.0,persistently_below_weekly,0.0,0.0,0.0,0.0,0,0
B,36676010,9,2008,11,2012,R9KCNT,R11KCNT,1.0,1.0,weekly,weekly,0.0,maintained_weekly,0.0,0.0,1.0,1.0,1,1
B,36676040,9,2008,11,2012,R9KCNT,R11KCNT,1.0,1.0,weekly,weekly,0.0,maintained_weekly,0.0,0.0,1.0,1.0,1,1
B,36677020,9,2008,11,2012,R9KCNT,R11KCNT,1.0,1.0,weekly,weekly,0.0,maintained_weekly,0.0,0.0,1.0,1.0,1,1
B,36677030,9,2008,11,2012,R9KCNT,R11KCNT,1.0,1.0,weekly,weekly,0.0,maintained_weekly,0.0,0.0,1.0,1.0,1,1
B,36726010,9,2008,11,2012,R9KCNT,R11KCNT,1.0,1.0,weekly,weekly,0.0,maintained_weekly,1.0,1.0,1.0,1.0,1,1
B,36734020,9,2008,11,2012,R9KCNT,R11KCNT,,1.0,leave_behind_not_completed_or_ineligible,weekly,,,,1.0,,1.0,.l,1
B,36757020,9,2008,11,2012,R9KCNT,R11KCNT,,0.0,leave_behind_not_completed_or_ineligible,less_than_weekly,,,,0.0,,0.0,.l,0
B,36770010,9,2008,11,2012,R9KCNT,R11KCNT,1.0,0.0,weekly,less_than_weekly,-1.0,decreased_below_weekly,0.0,0.0,1.0,0.0,1,0
B,36770020,9,2008,11,2012,R9KCNT,R11KCNT,1.0,1.0,weekly,weekly,0.0,maintained_weekly,0.0,0.0,1.0,1.0,1,1
B,36787010,9,2008,11,2012,R9KCNT,R11KCNT,1.0,1.0,weekly,weekly,0.0,maintained_weekly,1.0,0.0,1.0,1.0,1,1
B,36787020,9,2008,11,2012,R9KCNT,R11KCNT,1.0,1.0,weekly,weekly,0.0,maintained_weekly,1.0,0.0,1.0,1.0,1,1
B,36808010,9,2008,11,2012,R9KCNT,R11KCNT,1.0,1.0,weekly,weekly,0.0,maintained_weekly,0.0,0.0,1.0,1.0,1,1
B,36822020,9,2008,11,2012,R9KCNT,R11KCNT,1.0,1.0,weekly,weekly,0.0,maintained_weekly,0.0,0.0,1.0,1.0,1,1
B,36868010,9,2008,11,2012,R9KCNT,R11KCNT,0.0,0.0,less_than_weekly,less_than_weekly,0.0,persistently_below_weekly,0.0,0.0,0.0,0.0,0,0
B,36868040,9,2008,11,2012,R9KCNT,R11KCNT,1.0,1.0,weekly,weekly,0.0,maintained_weekly,1.0,1.0,1.0,1.0,1,1
B,36915010,9,2008,11,2012,R9KCNT,R11KCNT,,,no_children,missing_response,,,,,,,.k,.m
B,36926020,9,2008,11,2012,R9KCNT,R11KCNT,1.0,1.0,weekly,weekly,0.0,maintained_weekly,1.0,0.0,1.0,1.0,1,1
B,36967040,9,2008,11,2012,R9KCNT,R11KCNT,,1.0,leave_behind_not_completed_or_ineligible,weekly,,,,1.0,,1.0,.l,1
B,36993010,9,2008,11,2012,R9KCNT,R11KCNT,0.0,,less_than_weekly,not_interviewed_or_plain_missing,,,0.0,,0.0,,0,.
B,37053010,9,2008,11,2012,R9KCNT,R11KCNT,1.0,1.0,weekly,weekly,0.0,maintained_weekly,0.0,1.0,1.0,1.0,1,1
B,37053020,9,2008,11,2012,R9KCNT,R11KCNT,1.0,1.0,weekly,weekly,0.0,maintained_weekly,1.0,1.0,1.0,1.0,1,1
B,37055010,9,2008,11,2012,R9KCNT,R11KCNT,0.0,0.0,less_than_weekly,less_than_weekly,0.0,persistently_below_weekly,0.0,0.0,0.0,0.0,0,0
B,37106010,9,2008,11,2012,R9KCNT,R11KCNT,1.0,1.0,weekly,weekly,0.0,maintained_weekly,0.0,1.0,1.0,1.0,1,1
B,37132010,9,2008,11,2012,R9KCNT,R11KCNT,1.0,0.0,weekly,less_than_weekly,-1.0,decreased_below_weekly,0.0,0.0,1.0,0.0,1,0
B,37184030,9,2008,11,2012,R9KCNT,R11KCNT,1.0,1.0,weekly,weekly,0.0,maintained_weekly,1.0,1.0,1.0,1.0,1,1
B,37203010,9,2008,11,2012,R9KCNT,R11KCNT,1.0,0.0,weekly,less_than_weekly,-1.0,decreased_below_weekly,1.0,0.0,1.0,0.0,1,0
B,37208010,9,2008,11,2012,R9KCNT,R11KCNT,1.0,1.0,weekly,weekly,0.0,maintained_weekly,1.0,0.0,1.0,1.0,1,1
B,37208011,9,2008,11,2012,R9KCNT,R11KCNT,0.0,0.0,less_than_weekly,less_than_weekly,0.0,persistently_below_weekly,0.0,0.0,0.0,0.0,0,0
B,37209020,9,2008,11,2012,R9KCNT,R11KCNT,1.0,,weekly,missing_response,,,1.0,,1.0,,1,.m
B,37253010,9,2008,11,2012,R9KCNT,R11KCNT,1.0,1.0,weekly,weekly,0.0,maintained_weekly,0.0,0.0,1.0,1.0,1,1
B,37253020,9,2008,11,2012,R9KCNT,R11KCNT,1.0,1.0,weekly,weekly,0.0,maintained_weekly,0.0,0.0,1.0,1.0,1,1
B,37257010,9,2008,11,2012,R9KCNT,R11KCNT,1.0,1.0,weekly,weekly,0.0,maintained_weekly,1.0,1.0,1.0,1.0,1,1
B,37352020,9,2008,11,2012,R9KCNT,R11KCNT,1.0,1.0,weekly,weekly,0.0,maintained_weekly,1.0,0.0,1.0,1.0,1,1
B,37359010,9,2008,11,2012,R9KCNT,R11KCNT,1.0,1.0,weekly,weekly,0.0,maintained_weekly,0.0,1.0,1.0,1.0,1,1
B,37382010,9,2008,11,2012,R9KCNT,R11KCNT,0.0,1.0,less_than_weekly,weekly,1.0,increased_to_weekly,0.0,1.0,0.0,1.0,0,1
B,37404010,9,2008,11,2012,R9KCNT,R11KCNT,,,no_children,no_children,,,,,,,.k,.k
B,37417010,9,2008,11,2012,R9KCNT,R11KCNT,1.0,1.0,weekly,weekly,0.0,maintained_weekly,0.0,0.0,1.0,1.0,1,1
B,37431020,9,2008,11,2012,R9KCNT,R11KCNT,,1.0,missing_response,weekly,,,,0.0,,1.0,.m,1
B,37515010,9,2008,11,2012,R9KCNT,R11KCNT,1.0,1.0,weekly,weekly,0.0,maintained_weekly,1.0,0.0,1.0,1.0,1,1
B,37515020,9,2008,11,2012,R9KCNT,R11KCNT,1.0,1.0,weekly,weekly,0.0,maintained_weekly,1.0,0.0,1.0,1.0,1,1
B,37541010,9,2008,11,2012,R9KCNT,R11KCNT,,0.0,missing_response,less_than_weekly,,,,,,0.0,.m,0
B,37546010,9,2008,11,2012,R9KCNT,R11KCNT,1.0,1.0,weekly,weekly,0.0,maintained_weekly,1.0,1.0,1.0,1.0,1,1
B,37546020,9,2008,11,2012,R9KCNT,R11KCNT,1.0,1.0,weekly,weekly,0.0,maintained_weekly,0.0,1.0,1.0,1.0,1,1
B,37594010,9,2008,11,2012,R9KCNT,R11KCNT,1.0,1.0,weekly,weekly,0.0,maintained_weekly,0.0,1.0,1.0,1.0,1,1
B,37597021,9,2008,11,2012,R9KCNT,R11KCNT,0.0,0.0,less_than_weekly,less_than_weekly,0.0,persistently_below_weekly,0.0,0.0,0.0,0.0,0,0
B,37602020,9,2008,11,2012,R9KCNT,R11KCNT,0.0,,less_than_weekly,not_interviewed_or_plain_missing,,,0.0,,0.0,,0,.
B,37606010,9,2008,11,2012,R9KCNT,R11KCNT,0.0,0.0,less_than_weekly,less_than_weekly,0.0,persistently_below_weekly,0.0,0.0,0.0,0.0,0,0
B,37607020,9,2008,11,2012,R9KCNT,R11KCNT,1.0,,weekly,missing_response,,,0.0,,1.0,,1,.m
B,37618010,9,2008,11,2012,R9KCNT,R11KCNT,1.0,1.0,weekly,weekly,0.0,maintained_weekly,1.0,1.0,1.0,1.0,1,1
B,37618020,9,2008,11,2012,R9KCNT,R11KCNT,1.0,1.0,weekly,weekly,0.0,maintained_weekly,1.0,1.0,1.0,1.0,1,1
B,37636010,9,2008,11,2012,R9KCNT,R11KCNT,1.0,1.0,weekly,weekly,0.0,maintained_weekly,1.0,1.0,1.0,1.0,1,1
B,37709020,9,2008,11,2012,R9KCNT,R11KCNT,1.0,1.0,weekly,weekly,0.0,maintained_weekly,1.0,1.0,1.0,1.0,1,1
B,37732010,9,2008,11,2012,R9KCNT,R11KCNT,1.0,1.0,weekly,weekly,0.0,maintained_weekly,1.0,0.0,1.0,1.0,1,1
B,37735010,9,2008,11,2012,R9KCNT,R11KCNT,,1.0,no_children,weekly,,,,1.0,,1.0,.k,1
B,37761010,9,2008,11,2012,R9KCNT,R11KCNT,1.0,1.0,weekly,weekly,0.0,maintained_weekly,0.0,0.0,1.0,1.0,1,1
B,37761040,9,2008,11,2012,R9KCNT,R11KCNT,1.0,1.0,weekly,weekly,0.0,maintained_weekly,0.0,0.0,1.0,1.0,1,1
B,37836010,9,2008,11,2012,R9KCNT,R11KCNT,0.0,,less_than_weekly,leave_behind_not_completed_or_ineligible,,,0.0,,0.0,,0,.l
B,37842010,9,2008,11,2012,R9KCNT,R11KCNT,1.0,1.0,weekly,weekly,0.0,maintained_weekly,1.0,0.0,1.0,1.0,1,1
B,37907010,9,2008,11,2012,R9KCNT,R11KCNT,0.0,0.0,less_than_weekly,less_than_weekly,0.0,persistently_below_weekly,0.0,0.0,0.0,0.0,0,0
B,37942010,9,2008,11,2012,R9KCNT,R11KCNT,1.0,1.0,weekly,weekly,0.0,maintained_weekly,0.0,0.0,1.0,1.0,1,1
B,37942020,9,2008,11,2012,R9KCNT,R11KCNT,1.0,1.0,weekly,weekly,0.0,maintained_weekly,0.0,0.0,1.0,1.0,1,1
B,38269020,9,2008,11,2012,R9KCNT,R11KCNT,1.0,1.0,weekly,weekly,0.0,maintained_weekly,1.0,,1.0,1.0,1,1
B,38269030,9,2008,11,2012,R9KCNT,R11KCNT,0.0,0.0,less_than_weekly,less_than_weekly,0.0,persistently_below_weekly,0.0,,0.0,0.0,0,0
B,38405010,9,2008,11,2012,R9KCNT,R11KCNT,1.0,1.0,weekly,weekly,0.0,maintained_weekly,1.0,1.0,1.0,1.0,1,1
B,38406010,9,2008,11,2012,R9KCNT,R11KCNT,,1.0,no_children,weekly,,,,1.0,,1.0,.k,1
B,38406020,9,2008,11,2012,R9KCNT,R11KCNT,1.0,1.0,weekly,weekly,0.0,maintained_weekly,1.0,1.0,1.0,1.0,1,1
B,38475010,9,2008,11,2012,R9KCNT,R11KCNT,1.0,1.0,weekly,weekly,0.0,maintained_weekly,1.0,1.0,1.0,1.0,1,1
B,38496010,9,2008,11,2012,R9KCNT,R11KCNT,1.0,1.0,weekly,weekly,0.0,maintained_weekly,0.0,1.0,1.0,1.0,1,1
B,38496020,9,2008,11,2012,R9KCNT,R11KCNT,1.0,1.0,weekly,weekly,0.0,maintained_weekly,0.0,1.0,1.0,1.0,1,1
B,38520010,9,2008,11,2012,R9KCNT,R11KCNT,1.0,1.0,weekly,weekly,0.0,maintained_weekly,0.0,1.0,1.0,1.0,1,1
B,38520011,9,2008,11,2012,R9KCNT,R11KCNT,0.0,0.0,less_than_weekly,less_than_weekly,0.0,persistently_below_weekly,0.0,0.0,0.0,0.0,0,0
B,38524010,9,2008,11,2012,R9KCNT,R11KCNT,1.0,1.0,weekly,weekly,0.0,maintained_weekly,0.0,0.0,1.0,1.0,1,1
B,38524020,9,2008,11,2012,R9KCNT,R11KCNT,1.0,0.0,weekly,less_than_weekly,-1.0,decreased_below_weekly,0.0,0.0,1.0,0.0,1,0
B,38538010,9,2008,11,2012,R9KCNT,R11KCNT,1.0,1.0,weekly,weekly,0.0,maintained_weekly,1.0,1.0,0.0,0.0,1,1
B,38538020,9,2008,11,2012,R9KCNT,R11KCNT,1.0,1.0,weekly,weekly,0.0,maintained_weekly,1.0,1.0,1.0,1.0,1,1
B,38547010,9,2008,11,2012,R9KCNT,R11KCNT,1.0,0.0,weekly,less_than_weekly,-1.0,decreased_below_weekly,1.0,0.0,1.0,0.0,1,0
B,38547020,9,2008,11,2012,R9KCNT,R11KCNT,1.0,1.0,weekly,weekly,0.0,maintained_weekly,1.0,1.0,1.0,1.0,1,1
B,38548010,9,2008,11,2012,R9KCNT,R11KCNT,0.0,0.0,less_than_weekly,less_than_weekly,0.0,persistently_below_weekly,0.0,0.0,0.0,0.0,0,0
B,38548040,9,2008,11,2012,R9KCNT,R11KCNT,0.0,0.0,less_than_weekly,less_than_weekly,0.0,persistently_below_weekly,0.0,0.0,0.0,0.0,0,0
B,38616040,9,2008,11,2012,R9KCNT,R11KCNT,1.0,1.0,weekly,weekly,0.0,maintained_weekly,0.0,0.0,1.0,1.0,1,1
B,38622010,9,2008,11,2012,R9KCNT,R11KCNT,0.0,0.0,less_than_weekly,less_than_weekly,0.0,persistently_below_weekly,0.0,0.0,0.0,0.0,0,0
B,38641020,9,2008,11,2012,R9KCNT,R11KCNT,,1.0,leave_behind_not_completed_or_ineligible,weekly,,,,0.0,,1.0,.l,1
B,38705010,9,2008,11,2012,R9KCNT,R11KCNT,1.0,1.0,weekly,weekly,0.0,maintained_weekly,0.0,0.0,1.0,1.0,1,1
B,38720010,9,2008,11,2012,R9KCNT,R11KCNT,1.0,1.0,weekly,weekly,0.0,maintained_weekly,1.0,1.0,1.0,1.0,1,1
B,38720020,9,2008,11,2012,R9KCNT,R11KCNT,1.0,1.0,weekly,weekly,0.0,maintained_weekly,1.0,1.0,1.0,1.0,1,1
B,38751030,9,2008,11,2012,R9KCNT,R11KCNT,1.0,1.0,weekly,weekly,0.0,maintained_weekly,0.0,1.0,1.0,1.0,1,1
B,38762020,9,2008,11,2012,R9KCNT,R11KCNT,1.0,0.0,weekly,less_than_weekly,-1.0,decreased_below_weekly,1.0,0.0,1.0,0.0,1,0
B,38776010,9,2008,11,2012,R9KCNT,R11KCNT,1.0,1.0,weekly,weekly,0.0,maintained_weekly,0.0,1.0,1.0,1.0,1,1
B,38784010,9,2008,11,2012,R9KCNT,R11KCNT,1.0,1.0,weekly,weekly,0.0,maintained_weekly,1.0,1.0,1.0,1.0,1,1
B,38797010,9,2008,11,2012,R9KCNT,R11KCNT,1.0,1.0,weekly,weekly,0.0,maintained_weekly,1.0,0.0,1.0,1.0,1,1
B,38811030,9,2008,11,2012,R9KCNT,R11KCNT,1.0,1.0,weekly,weekly,0.0,maintained_weekly,0.0,0.0,1.0,1.0,1,1
B,38873020,9,2008,11,2012,R9KCNT,R11KCNT,1.0,1.0,weekly,weekly,0.0,maintained_weekly,1.0,1.0,1.0,1.0,1,1
B,38876010,9,2008,11,2012,R9KCNT,R11KCNT,1.0,,weekly,leave_behind_not_completed_or_ineligible,,,0.0,,1.0,,1,.l
B,38876020,9,2008,11,2012,R9KCNT,R11KCNT,1.0,1.0,weekly,weekly,0.0,maintained_weekly,1.0,1.0,1.0,1.0,1,1
B,38916010,9,2008,11,2012,R9KCNT,R11KCNT,1.0,1.0,weekly,weekly,0.0,maintained_weekly,1.0,0.0,1.0,1.0,1,1
B,38916011,9,2008,11,2012,R9KCNT,R11KCNT,,1.0,not_interviewed_or_plain_missing,weekly,,,,0.0,,1.0,.,1
B,38921010,9,2008,11,2012,R9KCNT,R11KCNT,1.0,1.0,weekly,weekly,0.0,maintained_weekly,1.0,1.0,1.0,1.0,1,1
B,38921020,9,2008,11,2012,R9KCNT,R11KCNT,1.0,1.0,weekly,weekly,0.0,maintained_weekly,1.0,1.0,1.0,1.0,1,1
B,38923010,9,2008,11,2012,R9KCNT,R11KCNT,1.0,1.0,weekly,weekly,0.0,maintained_weekly,0.0,0.0,1.0,1.0,1,1
B,38923020,9,2008,11,2012,R9KCNT,R11KCNT,0.0,1.0,less_than_weekly,weekly,1.0,increased_to_weekly,0.0,0.0,0.0,1.0,0,1
B,38923021,9,2008,11,2012,R9KCNT,R11KCNT,1.0,0.0,weekly,less_than_weekly,-1.0,decreased_below_weekly,0.0,0.0,1.0,0.0,1,0
B,38934011,9,2008,11,2012,R9KCNT,R11KCNT,0.0,1.0,less_than_weekly,weekly,1.0,increased_to_weekly,0.0,0.0,0.0,1.0,0,1
B,38938020,9,2008,11,2012,R9KCNT,R11KCNT,0.0,1.0,less_than_weekly,weekly,1.0,increased_to_weekly,0.0,1.0,0.0,1.0,0,1
B,38966010,9,2008,11,2012,R9KCNT,R11KCNT,,,missing_response,no_children,,,,,,,.m,.k
B,39005020,9,2008,11,2012,R9KCNT,R11KCNT,1.0,,weekly,leave_behind_not_completed_or_ineligible,,,0.0,,1.0,,1,.l
B,39059020,9,2008,11,2012,R9KCNT,R11KCNT,1.0,1.0,weekly,weekly,0.0,maintained_weekly,0.0,1.0,1.0,1.0,1,1
B,39059021,9,2008,11,2012,R9KCNT,R11KCNT,1.0,1.0,weekly,weekly,0.0,maintained_weekly,0.0,1.0,1.0,1.0,1,1
B,39101010,9,2008,11,2012,R9KCNT,R11KCNT,0.0,0.0,less_than_weekly,less_than_weekly,0.0,persistently_below_weekly,0.0,0.0,0.0,0.0,0,0
B,39101020,9,2008,11,2012,R9KCNT,R11KCNT,1.0,0.0,weekly,less_than_weekly,-1.0,decreased_below_weekly,1.0,0.0,1.0,0.0,1,0
B,39107010,9,2008,11,2012,R9KCNT,R11KCNT,0.0,,less_than_weekly,leave_behind_not_completed_or_ineligible,,,0.0,,0.0,,0,.l
B,39107020,9,2008,11,2012,R9KCNT,R11KCNT,0.0,,less_than_weekly,leave_behind_not_completed_or_ineligible,,,0.0,,0.0,,0,.l
B,39115020,9,2008,11,2012,R9KCNT,R11KCNT,1.0,1.0,weekly,weekly,0.0,maintained_weekly,1.0,0.0,1.0,1.0,1,1
B,39137040,9,2008,11,2012,R9KCNT,R11KCNT,,,no_children,no_children,,,,,,,.k,.k
B,39137041,9,2008,11,2012,R9KCNT,R11KCNT,1.0,,weekly,leave_behind_not_completed_or_ineligible,,,0.0,,1.0,,1,.l
B,39181010,9,2008,11,2012,R9KCNT,R11KCNT,1.0,1.0,weekly,weekly,0.0,maintained_weekly,1.0,0.0,1.0,1.0,1,1
B,39181020,9,2008,11,2012,R9KCNT,R11KCNT,1.0,1.0,weekly,weekly,0.0,maintained_weekly,0.0,0.0,1.0,1.0,1,1
B,39183010,9,2008,11,2012,R9KCNT,R11KCNT,1.0,1.0,weekly,weekly,0.0,maintained_weekly,1.0,1.0,1.0,1.0,1,1
B,39183020,9,2008,11,2012,R9KCNT,R11KCNT,1.0,1.0,weekly,weekly,0.0,maintained_weekly,1.0,1.0,1.0,1.0,1,1
B,39187020,9,2008,11,2012,R9KCNT,R11KCNT,1.0,1.0,weekly,weekly,0.0,maintained_weekly,1.0,1.0,1.0,1.0,1,1
B,39196010,9,2008,11,2012,R9KCNT,R11KCNT,1.0,1.0,weekly,weekly,0.0,maintained_weekly,1.0,1.0,1.0,1.0,1,1
B,39196040,9,2008,11,2012,R9KCNT,R11KCNT,1.0,,weekly,missing_response,,,1.0,,1.0,,1,.m
B,39257010,9,2008,11,2012,R9KCNT,R11KCNT,1.0,1.0,weekly,weekly,0.0,maintained_weekly,0.0,1.0,1.0,1.0,1,1
B,39275010,9,2008,11,2012,R9KCNT,R11KCNT,1.0,1.0,weekly,weekly,0.0,maintained_weekly,0.0,0.0,1.0,1.0,1,1
B,39275020,9,2008,11,2012,R9KCNT,R11KCNT,1.0,1.0,weekly,weekly,0.0,maintained_weekly,0.0,1.0,1.0,1.0,1,1
B,39279040,9,2008,11,2012,R9KCNT,R11KCNT,1.0,0.0,weekly,less_than_weekly,-1.0,decreased_below_weekly,0.0,0.0,1.0,0.0,1,0
B,39348020,9,2008,11,2012,R9KCNT,R11KCNT,1.0,1.0,weekly,weekly,0.0,maintained_weekly,0.0,0.0,1.0,1.0,1,1
B,39348030,9,2008,11,2012,R9KCNT,R11KCNT,,1.0,no_children,weekly,,,,0.0,,1.0,.k,1
B,39358020,9,2008,11,2012,R9KCNT,R11KCNT,1.0,1.0,weekly,weekly,0.0,maintained_weekly,1.0,1.0,1.0,1.0,1,1
B,39430010,9,2008,11,2012,R9KCNT,R11KCNT,1.0,1.0,weekly,weekly,0.0,maintained_weekly,1.0,1.0,1.0,1.0,1,1
B,39430020,9,2008,11,2012,R9KCNT,R11KCNT,1.0,1.0,weekly,weekly,0.0,maintained_weekly,1.0,0.0,1.0,1.0,1,1
B,39492010,9,2008,11,2012,R9KCNT,R11KCNT,,,no_children,no_children,,,,,,,.k,.k
B,39505020,9,2008,11,2012,R9KCNT,R11KCNT,1.0,1.0,weekly,weekly,0.0,maintained_weekly,1.0,0.0,1.0,1.0,1,1
B,39513010,9,2008,11,2012,R9KCNT,R11KCNT,1.0,1.0,weekly,weekly,0.0,maintained_weekly,0.0,1.0,1.0,1.0,1,1
B,39538020,9,2008,11,2012,R9KCNT,R11KCNT,1.0,1.0,weekly,weekly,0.0,maintained_weekly,1.0,0.0,1.0,1.0,1,1
B,39538030,9,2008,11,2012,R9KCNT,R11KCNT,1.0,1.0,weekly,weekly,0.0,maintained_weekly,1.0,1.0,1.0,1.0,1,1
B,39557010,9,2008,11,2012,R9KCNT,R11KCNT,1.0,1.0,weekly,weekly,0.0,maintained_weekly,0.0,1.0,1.0,1.0,1,1
B,39557011,9,2008,11,2012,R9KCNT,R11KCNT,1.0,1.0,weekly,weekly,0.0,maintained_weekly,0.0,0.0,1.0,1.0,1,1
B,39558010,9,2008,11,2012,R9KCNT,R11KCNT,1.0,1.0,weekly,weekly,0.0,maintained_weekly,0.0,1.0,1.0,1.0,1,1
B,39558020,9,2008,11,2012,R9KCNT,R11KCNT,1.0,1.0,weekly,weekly,0.0,maintained_weekly,1.0,1.0,1.0,1.0,1,1
B,39583010,9,2008,11,2012,R9KCNT,R11KCNT,0.0,0.0,less_than_weekly,less_than_weekly,0.0,persistently_below_weekly,0.0,0.0,0.0,0.0,0,0
B,39605010,9,2008,11,2012,R9KCNT,R11KCNT,1.0,1.0,weekly,weekly,0.0,maintained_weekly,0.0,0.0,1.0,1.0,1,1
B,39605020,9,2008,11,2012,R9KCNT,R11KCNT,1.0,1.0,weekly,weekly,0.0,maintained_weekly,1.0,0.0,1.0,1.0,1,1
B,39629010,9,2008,11,2012,R9KCNT,R11KCNT,1.0,,weekly,leave_behind_not_completed_or_ineligible,,,0.0,,1.0,,1,.l
B,39779030,9,2008,11,2012,R9KCNT,R11KCNT,1.0,,weekly,missing_response,,,1.0,,1.0,,1,.m
B,39784010,9,2008,11,2012,R9KCNT,R11KCNT,1.0,1.0,weekly,weekly,0.0,maintained_weekly,0.0,0.0,1.0,1.0,1,1
B,39784020,9,2008,11,2012,R9KCNT,R11KCNT,1.0,1.0,weekly,weekly,0.0,maintained_weekly,0.0,0.0,1.0,1.0,1,1
B,39875010,9,2008,11,2012,R9KCNT,R11KCNT,1.0,0.0,weekly,less_than_weekly,-1.0,decreased_below_weekly,0.0,0.0,1.0,0.0,1,0
B,39875020,9,2008,11,2012,R9KCNT,R11KCNT,1.0,1.0,weekly,weekly,0.0,maintained_weekly,0.0,0.0,1.0,1.0,1,1
B,39879020,9,2008,11,2012,R9KCNT,R11KCNT,1.0,1.0,weekly,weekly,0.0,maintained_weekly,0.0,0.0,1.0,1.0,1,1
B,39900010,9,2008,11,2012,R9KCNT,R11KCNT,1.0,1.0,weekly,weekly,0.0,maintained_weekly,0.0,0.0,1.0,1.0,1,1
B,39929010,9,2008,11,2012,R9KCNT,R11KCNT,1.0,1.0,weekly,weekly,0.0,maintained_weekly,1.0,1.0,1.0,1.0,1,1
B,39929020,9,2008,11,2012,R9KCNT,R11KCNT,1.0,1.0,weekly,weekly,0.0,maintained_weekly,0.0,0.0,1.0,1.0,1,1
B,39958010,9,2008,11,2012,R9KCNT,R11KCNT,1.0,1.0,weekly,weekly,0.0,maintained_weekly,0.0,0.0,1.0,1.0,1,1
B,39958040,9,2008,11,2012,R9KCNT,R11KCNT,1.0,0.0,weekly,less_than_weekly,-1.0,decreased_below_weekly,1.0,0.0,1.0,0.0,1,0
B,39969020,9,2008,11,2012,R9KCNT,R11KCNT,1.0,1.0,weekly,weekly,0.0,maintained_weekly,1.0,1.0,1.0,1.0,1,1
B,39970010,9,2008,11,2012,R9KCNT,R11KCNT,0.0,0.0,less_than_weekly,less_than_weekly,0.0,persistently_below_weekly,0.0,0.0,0.0,0.0,0,0
B,39970020,9,2008,11,2012,R9KCNT,R11KCNT,0.0,0.0,less_than_weekly,less_than_weekly,0.0,persistently_below_weekly,0.0,0.0,0.0,0.0,0,0
B,39972010,9,2008,11,2012,R9KCNT,R11KCNT,1.0,1.0,weekly,weekly,0.0,maintained_weekly,1.0,1.0,1.0,1.0,1,1
B,39972020,9,2008,11,2012,R9KCNT,R11KCNT,1.0,1.0,weekly,weekly,0.0,maintained_weekly,1.0,1.0,1.0,1.0,1,1
B,39973010,9,2008,11,2012,R9KCNT,R11KCNT,1.0,1.0,weekly,weekly,0.0,maintained_weekly,1.0,1.0,1.0,1.0,1,1
B,40081010,9,2008,11,2012,R9KCNT,R11KCNT,1.0,1.0,weekly,weekly,0.0,maintained_weekly,1.0,1.0,1.0,1.0,1,1
B,40081020,9,2008,11,2012,R9KCNT,R11KCNT,1.0,1.0,weekly,weekly,0.0,maintained_weekly,1.0,1.0,1.0,1.0,1,1
B,40111010,9,2008,11,2012,R9KCNT,R11KCNT,1.0,1.0,weekly,weekly,0.0,maintained_weekly,1.0,1.0,1.0,1.0,1,1
B,40111040,9,2008,11,2012,R9KCNT,R11KCNT,1.0,1.0,weekly,weekly,0.0,maintained_weekly,0.0,0.0,1.0,1.0,1,1
B,40123010,9,2008,11,2012,R9KCNT,R11KCNT,,,no_children,no_children,,,,,,,.k,.k
B,40148020,9,2008,11,2012,R9KCNT,R11KCNT,1.0,,weekly,leave_behind_not_completed_or_ineligible,,,0.0,,1.0,,1,.l
B,40148030,9,2008,11,2012,R9KCNT,R11KCNT,0.0,1.0,less_than_weekly,weekly,1.0,increased_to_weekly,0.0,0.0,0.0,1.0,0,1
B,40153010,9,2008,11,2012,R9KCNT,R11KCNT,1.0,1.0,weekly,weekly,0.0,maintained_weekly,1.0,1.0,1.0,1.0,1,1
B,40153020,9,2008,11,2012,R9KCNT,R11KCNT,1.0,,weekly,leave_behind_not_completed_or_ineligible,,,1.0,,1.0,,1,.l
B,40158020,9,2008,11,2012,R9KCNT,R11KCNT,0.0,1.0,less_than_weekly,weekly,1.0,increased_to_weekly,0.0,0.0,0.0,1.0,0,1
B,40158021,9,2008,11,2012,R9KCNT,R11KCNT,1.0,1.0,weekly,weekly,0.0,maintained_weekly,0.0,1.0,1.0,1.0,1,1
B,40180010,9,2008,11,2012,R9KCNT,R11KCNT,1.0,1.0,weekly,weekly,0.0,maintained_weekly,1.0,1.0,1.0,1.0,1,1
B,40219010,9,2008,11,2012,R9KCNT,R11KCNT,1.0,1.0,weekly,weekly,0.0,maintained_weekly,1.0,1.0,1.0,1.0,1,1
B,40223010,9,2008,11,2012,R9KCNT,R11KCNT,1.0,1.0,weekly,weekly,0.0,maintained_weekly,1.0,1.0,1.0,1.0,1,1
B,40223020,9,2008,11,2012,R9KCNT,R11KCNT,1.0,1.0,weekly,weekly,0.0,maintained_weekly,1.0,1.0,1.0,1.0,1,1
B,40276010,9,2008,11,2012,R9KCNT,R11KCNT,1.0,0.0,weekly,less_than_weekly,-1.0,decreased_below_weekly,0.0,0.0,1.0,0.0,1,0
B,40276020,9,2008,11,2012,R9KCNT,R11KCNT,1.0,1.0,weekly,weekly,0.0,maintained_weekly,1.0,1.0,1.0,1.0,1,1
B,40277010,9,2008,11,2012,R9KCNT,R11KCNT,1.0,1.0,weekly,weekly,0.0,maintained_weekly,1.0,1.0,1.0,1.0,1,1
B,40277020,9,2008,11,2012,R9KCNT,R11KCNT,1.0,1.0,weekly,weekly,0.0,maintained_weekly,1.0,0.0,1.0,1.0,1,1
B,40279010,9,2008,11,2012,R9KCNT,R11KCNT,0.0,0.0,less_than_weekly,less_than_weekly,0.0,persistently_below_weekly,0.0,0.0,0.0,0.0,0,0
B,40279040,9,2008,11,2012,R9KCNT,R11KCNT,1.0,1.0,weekly,weekly,0.0,maintained_weekly,1.0,1.0,1.0,1.0,1,1
B,40284010,9,2008,11,2012,R9KCNT,R11KCNT,0.0,0.0,less_than_weekly,less_than_weekly,0.0,persistently_below_weekly,0.0,0.0,0.0,0.0,0,0
B,40376010,9,2008,11,2012,R9KCNT,R11KCNT,1.0,1.0,weekly,weekly,0.0,maintained_weekly,1.0,1.0,1.0,1.0,1,1
B,40376020,9,2008,11,2012,R9KCNT,R11KCNT,0.0,1.0,less_than_weekly,weekly,1.0,increased_to_weekly,0.0,0.0,0.0,1.0,0,1
B,40438010,9,2008,11,2012,R9KCNT,R11KCNT,1.0,1.0,weekly,weekly,0.0,maintained_weekly,0.0,0.0,1.0,1.0,1,1
B,40438040,9,2008,11,2012,R9KCNT,R11KCNT,0.0,0.0,less_than_weekly,less_than_weekly,0.0,persistently_below_weekly,0.0,0.0,0.0,0.0,0,0
B,40440010,9,2008,11,2012,R9KCNT,R11KCNT,0.0,0.0,less_than_weekly,less_than_weekly,0.0,persistently_below_weekly,0.0,0.0,0.0,0.0,0,0
B,40447010,9,2008,11,2012,R9KCNT,R11KCNT,,1.0,leave_behind_not_completed_or_ineligible,weekly,,,,1.0,,1.0,.l,1
B,40560010,9,2008,11,2012,R9KCNT,R11KCNT,,,no_children,no_children,,,,,,,.k,.k
B,40610030,9,2008,11,2012,R9KCNT,R11KCNT,1.0,1.0,weekly,weekly,0.0,maintained_weekly,1.0,0.0,1.0,1.0,1,1
B,40623020,9,2008,11,2012,R9KCNT,R11KCNT,1.0,1.0,weekly,weekly,0.0,maintained_weekly,1.0,1.0,1.0,1.0,1,1
B,40651040,9,2008,11,2012,R9KCNT,R11KCNT,1.0,1.0,weekly,weekly,0.0,maintained_weekly,1.0,1.0,1.0,1.0,1,1
B,40669030,9,2008,11,2012,R9KCNT,R11KCNT,1.0,1.0,weekly,weekly,0.0,maintained_weekly,1.0,0.0,0.0,1.0,1,1
B,40679030,9,2008,11,2012,R9KCNT,R11KCNT,1.0,1.0,weekly,weekly,0.0,maintained_weekly,0.0,0.0,1.0,1.0,1,1
B,40711010,9,2008,11,2012,R9KCNT,R11KCNT,1.0,1.0,weekly,weekly,0.0,maintained_weekly,0.0,0.0,1.0,1.0,1,1
B,40718020,9,2008,11,2012,R9KCNT,R11KCNT,1.0,1.0,weekly,weekly,0.0,maintained_weekly,1.0,0.0,1.0,1.0,1,1
B,40870010,9,2008,11,2012,R9KCNT,R11KCNT,1.0,1.0,weekly,weekly,0.0,maintained_weekly,0.0,0.0,1.0,1.0,1,1
B,40875010,9,2008,11,2012,R9KCNT,R11KCNT,1.0,1.0,weekly,weekly,0.0,maintained_weekly,1.0,0.0,1.0,1.0,1,1
B,40875040,9,2008,11,2012,R9KCNT,R11KCNT,1.0,1.0,weekly,weekly,0.0,maintained_weekly,1.0,1.0,1.0,1.0,1,1
B,40905010,9,2008,11,2012,R9KCNT,R11KCNT,0.0,1.0,less_than_weekly,weekly,1.0,increased_to_weekly,0.0,1.0,0.0,1.0,0,1
B,40905020,9,2008,11,2012,R9KCNT,R11KCNT,0.0,0.0,less_than_weekly,less_than_weekly,0.0,persistently_below_weekly,0.0,0.0,0.0,0.0,0,0
B,40908010,9,2008,11,2012,R9KCNT,R11KCNT,1.0,1.0,weekly,weekly,0.0,maintained_weekly,0.0,0.0,1.0,1.0,1,1
B,40918020,9,2008,11,2012,R9KCNT,R11KCNT,0.0,0.0,less_than_weekly,less_than_weekly,0.0,persistently_below_weekly,0.0,0.0,0.0,0.0,0,0
B,40918030,9,2008,11,2012,R9KCNT,R11KCNT,1.0,1.0,weekly,weekly,0.0,maintained_weekly,0.0,0.0,1.0,1.0,1,1
B,40919020,9,2008,11,2012,R9KCNT,R11KCNT,1.0,1.0,weekly,weekly,0.0,maintained_weekly,1.0,1.0,1.0,1.0,1,1
B,40929020,9,2008,11,2012,R9KCNT,R11KCNT,1.0,1.0,weekly,weekly,0.0,maintained_weekly,1.0,1.0,1.0,1.0,1,1
B,40930010,9,2008,11,2012,R9KCNT,R11KCNT,1.0,1.0,weekly,weekly,0.0,maintained_weekly,0.0,0.0,1.0,1.0,1,1
B,40967010,9,2008,11,2012,R9KCNT,R11KCNT,,0.0,leave_behind_not_completed_or_ineligible,less_than_weekly,,,,0.0,,0.0,.l,0
B,40983010,9,2008,11,2012,R9KCNT,R11KCNT,,,no_children,missing_response,,,,,,,.k,.m
B,41028010,9,2008,11,2012,R9KCNT,R11KCNT,1.0,1.0,weekly,weekly,0.0,maintained_weekly,1.0,0.0,1.0,1.0,1,1
B,41028040,9,2008,11,2012,R9KCNT,R11KCNT,1.0,0.0,weekly,less_than_weekly,-1.0,decreased_below_weekly,1.0,0.0,1.0,0.0,1,0
B,41059010,9,2008,11,2012,R9KCNT,R11KCNT,1.0,1.0,weekly,weekly,0.0,maintained_weekly,0.0,0.0,1.0,1.0,1,1
B,41059020,9,2008,11,2012,R9KCNT,R11KCNT,1.0,1.0,weekly,weekly,0.0,maintained_weekly,0.0,0.0,1.0,1.0,1,1
B,41076010,9,2008,11,2012,R9KCNT,R11KCNT,1.0,1.0,weekly,weekly,0.0,maintained_weekly,0.0,0.0,1.0,1.0,1,1
B,41098010,9,2008,11,2012,R9KCNT,R11KCNT,1.0,1.0,weekly,weekly,0.0,maintained_weekly,0.0,0.0,1.0,1.0,1,1
B,41119010,9,2008,11,2012,R9KCNT,R11KCNT,1.0,0.0,weekly,less_than_weekly,-1.0,decreased_below_weekly,0.0,0.0,1.0,0.0,1,0
B,41119020,9,2008,11,2012,R9KCNT,R11KCNT,1.0,1.0,weekly,weekly,0.0,maintained_weekly,1.0,0.0,1.0,1.0,1,1
B,41122020,9,2008,11,2012,R9KCNT,R11KCNT,1.0,1.0,weekly,weekly,0.0,maintained_weekly,1.0,0.0,1.0,1.0,1,1
B,41123030,9,2008,11,2012,R9KCNT,R11KCNT,1.0,1.0,weekly,weekly,0.0,maintained_weekly,1.0,0.0,1.0,1.0,1,1
B,41129010,9,2008,11,2012,R9KCNT,R11KCNT,0.0,0.0,less_than_weekly,less_than_weekly,0.0,persistently_below_weekly,0.0,0.0,0.0,0.0,0,0
B,41129020,9,2008,11,2012,R9KCNT,R11KCNT,1.0,1.0,weekly,weekly,0.0,maintained_weekly,0.0,1.0,1.0,1.0,1,1
B,41141010,9,2008,11,2012,R9KCNT,R11KCNT,,1.0,no_children,weekly,,,,0.0,,1.0,.k,1
B,41141020,9,2008,11,2012,R9KCNT,R11KCNT,1.0,1.0,weekly,weekly,0.0,maintained_weekly,0.0,0.0,1.0,1.0,1,1
B,41157010,9,2008,11,2012,R9KCNT,R11KCNT,1.0,1.0,weekly,weekly,0.0,maintained_weekly,0.0,0.0,1.0,1.0,1,1
B,41170010,9,2008,11,2012,R9KCNT,R11KCNT,1.0,1.0,weekly,weekly,0.0,maintained_weekly,1.0,1.0,1.0,1.0,1,1
B,41179040,9,2008,11,2012,R9KCNT,R11KCNT,1.0,1.0,weekly,weekly,0.0,maintained_weekly,1.0,0.0,1.0,1.0,1,1
B,41188020,9,2008,11,2012,R9KCNT,R11KCNT,1.0,1.0,weekly,weekly,0.0,maintained_weekly,0.0,,1.0,1.0,1,1
B,41220020,9,2008,11,2012,R9KCNT,R11KCNT,1.0,1.0,weekly,weekly,0.0,maintained_weekly,0.0,0.0,1.0,1.0,1,1
B,41220030,9,2008,11,2012,R9KCNT,R11KCNT,1.0,1.0,weekly,weekly,0.0,maintained_weekly,0.0,0.0,1.0,1.0,1,1
B,41232010,9,2008,11,2012,R9KCNT,R11KCNT,1.0,1.0,weekly,weekly,0.0,maintained_weekly,1.0,1.0,1.0,1.0,1,1
B,41232040,9,2008,11,2012,R9KCNT,R11KCNT,1.0,1.0,weekly,weekly,0.0,maintained_weekly,1.0,0.0,1.0,1.0,1,1
B,41238010,9,2008,11,2012,R9KCNT,R11KCNT,1.0,1.0,weekly,weekly,0.0,maintained_weekly,1.0,1.0,1.0,0.0,1,1
B,41250010,9,2008,11,2012,R9KCNT,R11KCNT,0.0,0.0,less_than_weekly,less_than_weekly,0.0,persistently_below_weekly,0.0,0.0,0.0,0.0,0,0
B,41269010,9,2008,11,2012,R9KCNT,R11KCNT,1.0,,weekly,leave_behind_not_completed_or_ineligible,,,1.0,,1.0,,1,.l
B,41283010,9,2008,11,2012,R9KCNT,R11KCNT,1.0,1.0,weekly,weekly,0.0,maintained_weekly,0.0,0.0,1.0,1.0,1,1
B,41309010,9,2008,11,2012,R9KCNT,R11KCNT,1.0,1.0,weekly,weekly,0.0,maintained_weekly,1.0,1.0,1.0,1.0,1,1
B,41309020,9,2008,11,2012,R9KCNT,R11KCNT,1.0,1.0,weekly,weekly,0.0,maintained_weekly,0.0,1.0,1.0,1.0,1,1
B,41313040,9,2008,11,2012,R9KCNT,R11KCNT,1.0,1.0,weekly,weekly,0.0,maintained_weekly,1.0,0.0,1.0,1.0,1,1
B,41364020,9,2008,11,2012,R9KCNT,R11KCNT,0.0,0.0,less_than_weekly,less_than_weekly,0.0,persistently_below_weekly,0.0,,0.0,0.0,0,0
B,41364030,9,2008,11,2012,R9KCNT,R11KCNT,1.0,1.0,weekly,weekly,0.0,maintained_weekly,0.0,,1.0,1.0,1,1
B,41417010,9,2008,11,2012,R9KCNT,R11KCNT,1.0,1.0,weekly,weekly,0.0,maintained_weekly,0.0,0.0,1.0,1.0,1,1
B,41423010,9,2008,11,2012,R9KCNT,R11KCNT,0.0,1.0,less_than_weekly,weekly,1.0,increased_to_weekly,0.0,1.0,0.0,1.0,0,1
B,41436010,9,2008,11,2012,R9KCNT,R11KCNT,,1.0,no_children,weekly,,,,1.0,,1.0,.k,1
B,41474020,9,2008,11,2012,R9KCNT,R11KCNT,1.0,1.0,weekly,weekly,0.0,maintained_weekly,0.0,1.0,1.0,1.0,1,1
B,41547010,9,2008,11,2012,R9KCNT,R11KCNT,1.0,1.0,weekly,weekly,0.0,maintained_weekly,1.0,1.0,1.0,1.0,1,1
B,41605040,9,2008,11,2012,R9KCNT,R11KCNT,1.0,1.0,weekly,weekly,0.0,maintained_weekly,0.0,1.0,1.0,1.0,1,1
B,41671020,9,2008,11,2012,R9KCNT,R11KCNT,,,no_children,no_children,,,,,,,.k,.k
B,41671030,9,2008,11,2012,R9KCNT,R11KCNT,,,no_children,no_children,,,,,,,.k,.k
B,41780010,9,2008,11,2012,R9KCNT,R11KCNT,1.0,1.0,weekly,weekly,0.0,maintained_weekly,1.0,1.0,1.0,1.0,1,1
B,41791020,9,2008,11,2012,R9KCNT,R11KCNT,,1.0,leave_behind_not_completed_or_ineligible,weekly,,,,1.0,,1.0,.l,1
B,41849020,9,2008,11,2012,R9KCNT,R11KCNT,1.0,1.0,weekly,weekly,0.0,maintained_weekly,0.0,0.0,1.0,1.0,1,1
B,41855030,9,2008,11,2012,R9KCNT,R11KCNT,,1.0,leave_behind_not_completed_or_ineligible,weekly,,,,0.0,,1.0,.l,1
B,41879010,9,2008,11,2012,R9KCNT,R11KCNT,1.0,1.0,weekly,weekly,0.0,maintained_weekly,1.0,0.0,1.0,1.0,1,1
B,41879040,9,2008,11,2012,R9KCNT,R11KCNT,1.0,1.0,weekly,weekly,0.0,maintained_weekly,1.0,0.0,1.0,1.0,1,1
B,41901010,9,2008,11,2012,R9KCNT,R11KCNT,1.0,1.0,weekly,weekly,0.0,maintained_weekly,1.0,1.0,1.0,1.0,1,1
B,41953010,9,2008,11,2012,R9KCNT,R11KCNT,,1.0,leave_behind_not_completed_or_ineligible,weekly,,,,0.0,,1.0,.l,1
B,41979010,9,2008,11,2012,R9KCNT,R11KCNT,1.0,1.0,weekly,weekly,0.0,maintained_weekly,1.0,0.0,1.0,1.0,1,1
B,41979020,9,2008,11,2012,R9KCNT,R11KCNT,1.0,1.0,weekly,weekly,0.0,maintained_weekly,1.0,1.0,1.0,1.0,1,1
B,41994010,9,2008,11,2012,R9KCNT,R11KCNT,1.0,1.0,weekly,weekly,0.0,maintained_weekly,1.0,0.0,1.0,1.0,1,1
B,42005010,9,2008,11,2012,R9KCNT,R11KCNT,1.0,1.0,weekly,weekly,0.0,maintained_weekly,0.0,1.0,1.0,1.0,1,1
B,42071010,9,2008,11,2012,R9KCNT,R11KCNT,1.0,1.0,weekly,weekly,0.0,maintained_weekly,1.0,1.0,1.0,1.0,1,1
B,42123010,9,2008,11,2012,R9KCNT,R11KCNT,,1.0,leave_behind_not_completed_or_ineligible,weekly,,,,0.0,,1.0,.l,1
B,42125010,9,2008,11,2012,R9KCNT,R11KCNT,,1.0,no_children,weekly,,,,0.0,,1.0,.k,1
B,42157030,9,2008,11,2012,R9KCNT,R11KCNT,1.0,1.0,weekly,weekly,0.0,maintained_weekly,1.0,1.0,1.0,1.0,1,1
B,42164010,9,2008,11,2012,R9KCNT,R11KCNT,1.0,1.0,weekly,weekly,0.0,maintained_weekly,0.0,1.0,1.0,1.0,1,1
B,42187040,9,2008,11,2012,R9KCNT,R11KCNT,1.0,1.0,weekly,weekly,0.0,maintained_weekly,1.0,1.0,1.0,1.0,1,1
B,42259010,9,2008,11,2012,R9KCNT,R11KCNT,1.0,1.0,weekly,weekly,0.0,maintained_weekly,0.0,0.0,1.0,1.0,1,1
B,42281010,9,2008,11,2012,R9KCNT,R11KCNT,1.0,1.0,weekly,weekly,0.0,maintained_weekly,0.0,0.0,1.0,1.0,1,1
B,42290010,9,2008,11,2012,R9KCNT,R11KCNT,0.0,1.0,less_than_weekly,weekly,1.0,increased_to_weekly,0.0,0.0,0.0,1.0,0,1
B,42290020,9,2008,11,2012,R9KCNT,R11KCNT,1.0,1.0,weekly,weekly,0.0,maintained_weekly,0.0,0.0,1.0,1.0,1,1
B,42407010,9,2008,11,2012,R9KCNT,R11KCNT,1.0,1.0,weekly,weekly,0.0,maintained_weekly,1.0,1.0,1.0,1.0,1,1
B,42407020,9,2008,11,2012,R9KCNT,R11KCNT,1.0,1.0,weekly,weekly,0.0,maintained_weekly,0.0,1.0,1.0,1.0,1,1
B,42493010,9,2008,11,2012,R9KCNT,R11KCNT,0.0,1.0,less_than_weekly,weekly,1.0,increased_to_weekly,0.0,0.0,0.0,1.0,0,1
B,42493020,9,2008,11,2012,R9KCNT,R11KCNT,1.0,1.0,weekly,weekly,0.0,maintained_weekly,0.0,0.0,1.0,1.0,1,1
B,42559010,9,2008,11,2012,R9KCNT,R11KCNT,1.0,1.0,weekly,weekly,0.0,maintained_weekly,,1.0,1.0,1.0,1,1
B,42645010,9,2008,11,2012,R9KCNT,R11KCNT,1.0,1.0,weekly,weekly,0.0,maintained_weekly,1.0,1.0,1.0,0.0,1,1
B,42645020,9,2008,11,2012,R9KCNT,R11KCNT,1.0,1.0,weekly,weekly,0.0,maintained_weekly,1.0,1.0,1.0,1.0,1,1
B,42764020,9,2008,11,2012,R9KCNT,R11KCNT,,,no_children,no_children,,,,,,,.k,.k
B,42776010,9,2008,11,2012,R9KCNT,R11KCNT,1.0,1.0,weekly,weekly,0.0,maintained_weekly,1.0,1.0,1.0,1.0,1,1
B,42776020,9,2008,11,2012,R9KCNT,R11KCNT,1.0,1.0,weekly,weekly,0.0,maintained_weekly,1.0,1.0,1.0,1.0,1,1
B,42814010,9,2008,11,2012,R9KCNT,R11KCNT,1.0,1.0,weekly,weekly,0.0,maintained_weekly,0.0,0.0,1.0,1.0,1,1
B,42814020,9,2008,11,2012,R9KCNT,R11KCNT,1.0,1.0,weekly,weekly,0.0,maintained_weekly,0.0,0.0,1.0,1.0,1,1
B,42828010,9,2008,11,2012,R9KCNT,R11KCNT,1.0,1.0,weekly,weekly,0.0,maintained_weekly,0.0,0.0,1.0,1.0,1,1
B,42833010,9,2008,11,2012,R9KCNT,R11KCNT,1.0,1.0,weekly,weekly,0.0,maintained_weekly,1.0,0.0,1.0,1.0,1,1
B,42833040,9,2008,11,2012,R9KCNT,R11KCNT,,1.0,not_interviewed_or_plain_missing,weekly,,,,1.0,,1.0,.,1
B,42846010,9,2008,11,2012,R9KCNT,R11KCNT,1.0,1.0,weekly,weekly,0.0,maintained_weekly,0.0,0.0,1.0,1.0,1,1
B,42846011,9,2008,11,2012,R9KCNT,R11KCNT,0.0,1.0,less_than_weekly,weekly,1.0,increased_to_weekly,0.0,0.0,0.0,1.0,0,1
B,42887030,9,2008,11,2012,R9KCNT,R11KCNT,1.0,1.0,weekly,weekly,0.0,maintained_weekly,1.0,0.0,1.0,1.0,1,1
B,42938010,9,2008,11,2012,R9KCNT,R11KCNT,1.0,1.0,weekly,weekly,0.0,maintained_weekly,0.0,0.0,1.0,1.0,1,1
B,42946010,9,2008,11,2012,R9KCNT,R11KCNT,0.0,0.0,less_than_weekly,less_than_weekly,0.0,persistently_below_weekly,0.0,0.0,0.0,0.0,0,0
B,42946020,9,2008,11,2012,R9KCNT,R11KCNT,0.0,0.0,less_than_weekly,less_than_weekly,0.0,persistently_below_weekly,0.0,0.0,0.0,0.0,0,0
B,42955010,9,2008,11,2012,R9KCNT,R11KCNT,,,no_children,no_children,,,,,,,.k,.k
B,43027010,9,2008,11,2012,R9KCNT,R11KCNT,1.0,1.0,weekly,weekly,0.0,maintained_weekly,1.0,1.0,1.0,1.0,1,1
B,43047010,9,2008,11,2012,R9KCNT,R11KCNT,1.0,1.0,weekly,weekly,0.0,maintained_weekly,0.0,,1.0,1.0,1,1
B,43047020,9,2008,11,2012,R9KCNT,R11KCNT,1.0,0.0,weekly,less_than_weekly,-1.0,decreased_below_weekly,0.0,0.0,1.0,0.0,1,0
B,43052010,9,2008,11,2012,R9KCNT,R11KCNT,1.0,1.0,weekly,weekly,0.0,maintained_weekly,0.0,0.0,1.0,1.0,1,1
B,43075030,9,2008,11,2012,R9KCNT,R11KCNT,1.0,1.0,weekly,weekly,0.0,maintained_weekly,0.0,0.0,1.0,1.0,1,1
B,43225010,9,2008,11,2012,R9KCNT,R11KCNT,1.0,1.0,weekly,weekly,0.0,maintained_weekly,1.0,1.0,0.0,0.0,1,1
B,43231010,9,2008,11,2012,R9KCNT,R11KCNT,1.0,1.0,weekly,weekly,0.0,maintained_weekly,1.0,1.0,1.0,1.0,1,1
B,43284020,9,2008,11,2012,R9KCNT,R11KCNT,0.0,,less_than_weekly,leave_behind_not_completed_or_ineligible,,,0.0,,0.0,,0,.l
B,43298040,9,2008,11,2012,R9KCNT,R11KCNT,0.0,0.0,less_than_weekly,less_than_weekly,0.0,persistently_below_weekly,0.0,0.0,0.0,0.0,0,0
B,43298041,9,2008,11,2012,R9KCNT,R11KCNT,1.0,1.0,weekly,weekly,0.0,maintained_weekly,0.0,0.0,1.0,1.0,1,1
B,43318010,9,2008,11,2012,R9KCNT,R11KCNT,1.0,1.0,weekly,weekly,0.0,maintained_weekly,1.0,1.0,1.0,1.0,1,1
B,43342010,9,2008,11,2012,R9KCNT,R11KCNT,1.0,1.0,weekly,weekly,0.0,maintained_weekly,1.0,1.0,1.0,1.0,1,1
B,43345010,9,2008,11,2012,R9KCNT,R11KCNT,,,leave_behind_not_completed_or_ineligible,missing_response,,,,,,,.l,.m
B,43345020,9,2008,11,2012,R9KCNT,R11KCNT,,,leave_behind_not_completed_or_ineligible,missing_response,,,,,,,.l,.m
B,43354010,9,2008,11,2012,R9KCNT,R11KCNT,1.0,1.0,weekly,weekly,0.0,maintained_weekly,1.0,0.0,1.0,1.0,1,1
B,43407031,9,2008,11,2012,R9KCNT,R11KCNT,1.0,,weekly,leave_behind_not_completed_or_ineligible,,,1.0,,1.0,,1,.l
B,43471010,9,2008,11,2012,R9KCNT,R11KCNT,1.0,1.0,weekly,weekly,0.0,maintained_weekly,1.0,1.0,1.0,1.0,1,1
B,43493020,9,2008,11,2012,R9KCNT,R11KCNT,1.0,1.0,weekly,weekly,0.0,maintained_weekly,1.0,1.0,1.0,1.0,1,1
B,43512010,9,2008,11,2012,R9KCNT,R11KCNT,1.0,1.0,weekly,weekly,0.0,maintained_weekly,1.0,1.0,1.0,1.0,1,1
B,43512020,9,2008,11,2012,R9KCNT,R11KCNT,1.0,1.0,weekly,weekly,0.0,maintained_weekly,1.0,1.0,1.0,1.0,1,1
B,43513010,9,2008,11,2012,R9KCNT,R11KCNT,1.0,1.0,weekly,weekly,0.0,maintained_weekly,1.0,1.0,1.0,1.0,1,1
B,43532020,9,2008,11,2012,R9KCNT,R11KCNT,1.0,1.0,weekly,weekly,0.0,maintained_weekly,0.0,1.0,1.0,1.0,1,1
B,43564030,9,2008,11,2012,R9KCNT,R11KCNT,,1.0,leave_behind_not_completed_or_ineligible,weekly,,,,0.0,,1.0,.l,1
B,43652010,9,2008,11,2012,R9KCNT,R11KCNT,1.0,1.0,weekly,weekly,0.0,maintained_weekly,0.0,0.0,1.0,1.0,1,1
B,43652020,9,2008,11,2012,R9KCNT,R11KCNT,1.0,1.0,weekly,weekly,0.0,maintained_weekly,0.0,0.0,1.0,1.0,1,1
B,43718010,9,2008,11,2012,R9KCNT,R11KCNT,1.0,1.0,weekly,weekly,0.0,maintained_weekly,1.0,1.0,1.0,0.0,1,1
B,43763010,9,2008,11,2012,R9KCNT,R11KCNT,1.0,1.0,weekly,weekly,0.0,maintained_weekly,0.0,0.0,1.0,1.0,1,1
B,43763020,9,2008,11,2012,R9KCNT,R11KCNT,1.0,1.0,weekly,weekly,0.0,maintained_weekly,0.0,0.0,1.0,1.0,1,1
B,43767020,9,2008,11,2012,R9KCNT,R11KCNT,0.0,0.0,less_than_weekly,less_than_weekly,0.0,persistently_below_weekly,0.0,0.0,0.0,0.0,0,0
B,43767030,9,2008,11,2012,R9KCNT,R11KCNT,0.0,0.0,less_than_weekly,less_than_weekly,0.0,persistently_below_weekly,0.0,0.0,0.0,0.0,0,0
B,43779010,9,2008,11,2012,R9KCNT,R11KCNT,1.0,1.0,weekly,weekly,0.0,maintained_weekly,1.0,0.0,1.0,1.0,1,1
B,43779020,9,2008,11,2012,R9KCNT,R11KCNT,1.0,1.0,weekly,weekly,0.0,maintained_weekly,0.0,0.0,1.0,1.0,1,1
B,43785020,9,2008,11,2012,R9KCNT,R11KCNT,1.0,0.0,weekly,less_than_weekly,-1.0,decreased_below_weekly,1.0,0.0,1.0,0.0,1,0
B,43806010,9,2008,11,2012,R9KCNT,R11KCNT,1.0,1.0,weekly,weekly,0.0,maintained_weekly,1.0,1.0,1.0,1.0,1,1
B,43837011,9,2008,11,2012,R9KCNT,R11KCNT,,1.0,not_interviewed_or_plain_missing,weekly,,,,0.0,,1.0,.,1
B,43849020,9,2008,11,2012,R9KCNT,R11KCNT,0.0,1.0,less_than_weekly,weekly,1.0,increased_to_weekly,0.0,1.0,0.0,1.0,0,1
B,43890010,9,2008,11,2012,R9KCNT,R11KCNT,1.0,1.0,weekly,weekly,0.0,maintained_weekly,0.0,1.0,1.0,1.0,1,1
B,43912010,9,2008,11,2012,R9KCNT,R11KCNT,0.0,0.0,less_than_weekly,less_than_weekly,0.0,persistently_below_weekly,0.0,0.0,0.0,0.0,0,0
B,43912020,9,2008,11,2012,R9KCNT,R11KCNT,1.0,0.0,weekly,less_than_weekly,-1.0,decreased_below_weekly,0.0,0.0,1.0,0.0,1,0
B,43958020,9,2008,11,2012,R9KCNT,R11KCNT,1.0,1.0,weekly,weekly,0.0,maintained_weekly,1.0,1.0,1.0,1.0,1,1
B,43977010,9,2008,11,2012,R9KCNT,R11KCNT,0.0,1.0,less_than_weekly,weekly,1.0,increased_to_weekly,0.0,1.0,0.0,1.0,0,1
B,44027020,9,2008,11,2012,R9KCNT,R11KCNT,1.0,,weekly,leave_behind_not_completed_or_ineligible,,,1.0,,1.0,,1,.l
B,44041010,9,2008,11,2012,R9KCNT,R11KCNT,1.0,1.0,weekly,weekly,0.0,maintained_weekly,1.0,1.0,1.0,1.0,1,1
B,44046020,9,2008,11,2012,R9KCNT,R11KCNT,1.0,1.0,weekly,weekly,0.0,maintained_weekly,,1.0,1.0,1.0,1,1
B,44046030,9,2008,11,2012,R9KCNT,R11KCNT,1.0,1.0,weekly,weekly,0.0,maintained_weekly,1.0,1.0,1.0,1.0,1,1
B,44067020,9,2008,11,2012,R9KCNT,R11KCNT,1.0,1.0,weekly,weekly,0.0,maintained_weekly,1.0,1.0,1.0,1.0,1,1
B,44067030,9,2008,11,2012,R9KCNT,R11KCNT,1.0,1.0,weekly,weekly,0.0,maintained_weekly,0.0,1.0,1.0,1.0,1,1
B,44075010,9,2008,11,2012,R9KCNT,R11KCNT,0.0,1.0,less_than_weekly,weekly,1.0,increased_to_weekly,0.0,0.0,0.0,1.0,0,1
B,44075020,9,2008,11,2012,R9KCNT,R11KCNT,1.0,1.0,weekly,weekly,0.0,maintained_weekly,0.0,1.0,1.0,1.0,1,1
B,44080010,9,2008,11,2012,R9KCNT,R11KCNT,1.0,,weekly,leave_behind_not_completed_or_ineligible,,,1.0,,1.0,,1,.l
B,44109020,9,2008,11,2012,R9KCNT,R11KCNT,1.0,1.0,weekly,weekly,0.0,maintained_weekly,1.0,0.0,1.0,1.0,1,1
B,44109022,9,2008,11,2012,R9KCNT,R11KCNT,,0.0,no_children,less_than_weekly,,,,0.0,,0.0,.k,0
B,44145020,9,2008,11,2012,R9KCNT,R11KCNT,1.0,,weekly,leave_behind_not_completed_or_ineligible,,,1.0,,1.0,,1,.l
B,44224040,9,2008,11,2012,R9KCNT,R11KCNT,1.0,1.0,weekly,weekly,0.0,maintained_weekly,0.0,1.0,1.0,1.0,1,1
B,44307010,9,2008,11,2012,R9KCNT,R11KCNT,0.0,1.0,less_than_weekly,weekly,1.0,increased_to_weekly,0.0,0.0,0.0,1.0,0,1
B,44336020,9,2008,11,2012,R9KCNT,R11KCNT,,0.0,no_children,less_than_weekly,,,,0.0,,0.0,.k,0
B,44336030,9,2008,11,2012,R9KCNT,R11KCNT,1.0,0.0,weekly,less_than_weekly,-1.0,decreased_below_weekly,0.0,0.0,1.0,0.0,1,0
B,44369020,9,2008,11,2012,R9KCNT,R11KCNT,1.0,1.0,weekly,weekly,0.0,maintained_weekly,1.0,1.0,1.0,1.0,1,1
B,44385020,9,2008,11,2012,R9KCNT,R11KCNT,1.0,1.0,weekly,weekly,0.0,maintained_weekly,0.0,1.0,1.0,1.0,1,1
B,44406010,9,2008,11,2012,R9KCNT,R11KCNT,1.0,1.0,weekly,weekly,0.0,maintained_weekly,0.0,0.0,1.0,1.0,1,1
B,44406040,9,2008,11,2012,R9KCNT,R11KCNT,1.0,1.0,weekly,weekly,0.0,maintained_weekly,0.0,0.0,1.0,1.0,1,1
B,44417020,9,2008,11,2012,R9KCNT,R11KCNT,1.0,1.0,weekly,weekly,0.0,maintained_weekly,1.0,1.0,1.0,1.0,1,1
B,44418010,9,2008,11,2012,R9KCNT,R11KCNT,1.0,1.0,weekly,weekly,0.0,maintained_weekly,1.0,1.0,1.0,1.0,1,1
B,44420030,9,2008,11,2012,R9KCNT,R11KCNT,1.0,,weekly,leave_behind_not_completed_or_ineligible,,,1.0,,1.0,,1,.l
B,44469010,9,2008,11,2012,R9KCNT,R11KCNT,1.0,0.0,weekly,less_than_weekly,-1.0,decreased_below_weekly,1.0,0.0,0.0,0.0,1,0
B,44517010,9,2008,11,2012,R9KCNT,R11KCNT,0.0,0.0,less_than_weekly,less_than_weekly,0.0,persistently_below_weekly,0.0,0.0,0.0,0.0,0,0
B,44517020,9,2008,11,2012,R9KCNT,R11KCNT,1.0,1.0,weekly,weekly,0.0,maintained_weekly,0.0,0.0,1.0,1.0,1,1
B,44595010,9,2008,11,2012,R9KCNT,R11KCNT,,,no_children,no_children,,,,,,,.k,.k
B,44595020,9,2008,11,2012,R9KCNT,R11KCNT,,,no_children,no_children,,,,,,,.k,.k
B,44598010,9,2008,11,2012,R9KCNT,R11KCNT,1.0,1.0,weekly,weekly,0.0,maintained_weekly,1.0,1.0,1.0,1.0,1,1
B,44602010,9,2008,11,2012,R9KCNT,R11KCNT,0.0,0.0,less_than_weekly,less_than_weekly,0.0,persistently_below_weekly,0.0,0.0,0.0,0.0,0,0
B,44602011,9,2008,11,2012,R9KCNT,R11KCNT,0.0,1.0,less_than_weekly,weekly,1.0,increased_to_weekly,0.0,0.0,0.0,1.0,0,1
B,44602020,9,2008,11,2012,R9KCNT,R11KCNT,,1.0,not_interviewed_or_plain_missing,weekly,,,,1.0,,1.0,.,1
B,44604010,9,2008,11,2012,R9KCNT,R11KCNT,0.0,0.0,less_than_weekly,less_than_weekly,0.0,persistently_below_weekly,0.0,0.0,0.0,0.0,0,0
B,44604011,9,2008,11,2012,R9KCNT,R11KCNT,1.0,0.0,weekly,less_than_weekly,-1.0,decreased_below_weekly,0.0,0.0,1.0,0.0,1,0
B,44647011,9,2008,11,2012,R9KCNT,R11KCNT,1.0,1.0,weekly,weekly,0.0,maintained_weekly,0.0,1.0,1.0,1.0,1,1
B,44710020,9,2008,11,2012,R9KCNT,R11KCNT,1.0,1.0,weekly,weekly,0.0,maintained_weekly,1.0,1.0,1.0,1.0,1,1
B,44717010,9,2008,11,2012,R9KCNT,R11KCNT,1.0,1.0,weekly,weekly,0.0,maintained_weekly,1.0,1.0,1.0,1.0,1,1
B,44734020,9,2008,11,2012,R9KCNT,R11KCNT,1.0,1.0,weekly,weekly,0.0,maintained_weekly,1.0,1.0,1.0,1.0,1,1
B,44766020,9,2008,11,2012,R9KCNT,R11KCNT,,,no_children,no_children,,,,,,,.k,.k
B,44766030,9,2008,11,2012,R9KCNT,R11KCNT,,,no_children,no_children,,,,,,,.k,.k
B,44815010,9,2008,11,2012,R9KCNT,R11KCNT,1.0,1.0,weekly,weekly,0.0,maintained_weekly,1.0,0.0,1.0,1.0,1,1
B,44815020,9,2008,11,2012,R9KCNT,R11KCNT,1.0,1.0,weekly,weekly,0.0,maintained_weekly,1.0,0.0,1.0,1.0,1,1
B,44843010,9,2008,11,2012,R9KCNT,R11KCNT,,1.0,leave_behind_not_completed_or_ineligible,weekly,,,,0.0,,1.0,.l,1
B,44843020,9,2008,11,2012,R9KCNT,R11KCNT,0.0,1.0,less_than_weekly,weekly,1.0,increased_to_weekly,0.0,0.0,0.0,1.0,0,1
B,44855010,9,2008,11,2012,R9KCNT,R11KCNT,1.0,,weekly,no_children,,,0.0,,1.0,,1,.k
B,44855011,9,2008,11,2012,R9KCNT,R11KCNT,1.0,1.0,weekly,weekly,0.0,maintained_weekly,1.0,0.0,1.0,1.0,1,1
B,44883020,9,2008,11,2012,R9KCNT,R11KCNT,1.0,1.0,weekly,weekly,0.0,maintained_weekly,0.0,1.0,1.0,1.0,1,1
B,44883021,9,2008,11,2012,R9KCNT,R11KCNT,1.0,1.0,weekly,weekly,0.0,maintained_weekly,0.0,0.0,1.0,1.0,1,1
B,44919010,9,2008,11,2012,R9KCNT,R11KCNT,1.0,1.0,weekly,weekly,0.0,maintained_weekly,1.0,0.0,0.0,1.0,1,1
B,44919020,9,2008,11,2012,R9KCNT,R11KCNT,1.0,1.0,weekly,weekly,0.0,maintained_weekly,0.0,0.0,1.0,1.0,1,1
B,44959010,9,2008,11,2012,R9KCNT,R11KCNT,0.0,1.0,less_than_weekly,weekly,1.0,increased_to_weekly,0.0,0.0,0.0,1.0,0,1
B,45053010,9,2008,11,2012,R9KCNT,R11KCNT,1.0,1.0,weekly,weekly,0.0,maintained_weekly,0.0,1.0,1.0,1.0,1,1
B,45060010,9,2008,11,2012,R9KCNT,R11KCNT,1.0,1.0,weekly,weekly,0.0,maintained_weekly,0.0,0.0,1.0,1.0,1,1
B,45109010,9,2008,11,2012,R9KCNT,R11KCNT,1.0,1.0,weekly,weekly,0.0,maintained_weekly,0.0,0.0,1.0,1.0,1,1
B,45109040,9,2008,11,2012,R9KCNT,R11KCNT,1.0,1.0,weekly,weekly,0.0,maintained_weekly,0.0,1.0,1.0,1.0,1,1
B,45133010,9,2008,11,2012,R9KCNT,R11KCNT,1.0,1.0,weekly,weekly,0.0,maintained_weekly,0.0,0.0,1.0,1.0,1,1
B,45133020,9,2008,11,2012,R9KCNT,R11KCNT,1.0,1.0,weekly,weekly,0.0,maintained_weekly,0.0,0.0,1.0,1.0,1,1
B,45175010,9,2008,11,2012,R9KCNT,R11KCNT,1.0,1.0,weekly,weekly,0.0,maintained_weekly,1.0,1.0,1.0,1.0,1,1
B,45181010,9,2008,11,2012,R9KCNT,R11KCNT,1.0,1.0,weekly,weekly,0.0,maintained_weekly,1.0,1.0,1.0,1.0,1,1
B,45182010,9,2008,11,2012,R9KCNT,R11KCNT,1.0,1.0,weekly,weekly,0.0,maintained_weekly,0.0,0.0,1.0,1.0,1,1
B,45216040,9,2008,11,2012,R9KCNT,R11KCNT,1.0,1.0,weekly,weekly,0.0,maintained_weekly,1.0,1.0,1.0,1.0,1,1
B,45217010,9,2008,11,2012,R9KCNT,R11KCNT,1.0,1.0,weekly,weekly,0.0,maintained_weekly,1.0,0.0,1.0,1.0,1,1
B,45235010,9,2008,11,2012,R9KCNT,R11KCNT,1.0,0.0,weekly,less_than_weekly,-1.0,decreased_below_weekly,0.0,,1.0,0.0,1,0
B,45235020,9,2008,11,2012,R9KCNT,R11KCNT,1.0,0.0,weekly,less_than_weekly,-1.0,decreased_below_weekly,0.0,0.0,1.0,0.0,1,0
B,45265010,9,2008,11,2012,R9KCNT,R11KCNT,,1.0,not_interviewed_or_plain_missing,weekly,,,,0.0,,1.0,.,1
B,45266010,9,2008,11,2012,R9KCNT,R11KCNT,1.0,1.0,weekly,weekly,0.0,maintained_weekly,0.0,0.0,1.0,1.0,1,1
B,45277010,9,2008,11,2012,R9KCNT,R11KCNT,1.0,1.0,weekly,weekly,0.0,maintained_weekly,0.0,0.0,1.0,1.0,1,1
B,45326010,9,2008,11,2012,R9KCNT,R11KCNT,1.0,1.0,weekly,weekly,0.0,maintained_weekly,1.0,1.0,1.0,1.0,1,1
B,45397010,9,2008,11,2012,R9KCNT,R11KCNT,0.0,0.0,less_than_weekly,less_than_weekly,0.0,persistently_below_weekly,0.0,0.0,0.0,0.0,0,0
B,45400010,9,2008,11,2012,R9KCNT,R11KCNT,1.0,1.0,weekly,weekly,0.0,maintained_weekly,0.0,1.0,1.0,1.0,1,1
B,45400040,9,2008,11,2012,R9KCNT,R11KCNT,0.0,0.0,less_than_weekly,less_than_weekly,0.0,persistently_below_weekly,0.0,0.0,0.0,0.0,0,0
B,45406010,9,2008,11,2012,R9KCNT,R11KCNT,,,no_children,no_children,,,,,,,.k,.k
B,45433010,9,2008,11,2012,R9KCNT,R11KCNT,1.0,0.0,weekly,less_than_weekly,-1.0,decreased_below_weekly,1.0,0.0,0.0,0.0,1,0
B,45434030,9,2008,11,2012,R9KCNT,R11KCNT,1.0,1.0,weekly,weekly,0.0,maintained_weekly,1.0,1.0,1.0,1.0,1,1
B,45438010,9,2008,11,2012,R9KCNT,R11KCNT,0.0,1.0,less_than_weekly,weekly,1.0,increased_to_weekly,0.0,0.0,0.0,1.0,0,1
B,45445010,9,2008,11,2012,R9KCNT,R11KCNT,0.0,1.0,less_than_weekly,weekly,1.0,increased_to_weekly,0.0,0.0,0.0,1.0,0,1
B,45445020,9,2008,11,2012,R9KCNT,R11KCNT,1.0,1.0,weekly,weekly,0.0,maintained_weekly,0.0,1.0,1.0,1.0,1,1
B,45498010,9,2008,11,2012,R9KCNT,R11KCNT,1.0,1.0,weekly,weekly,0.0,maintained_weekly,1.0,1.0,1.0,1.0,1,1
B,45555010,9,2008,11,2012,R9KCNT,R11KCNT,1.0,1.0,weekly,weekly,0.0,maintained_weekly,0.0,0.0,1.0,1.0,1,1
B,45555020,9,2008,11,2012,R9KCNT,R11KCNT,1.0,,weekly,leave_behind_not_completed_or_ineligible,,,0.0,,1.0,,1,.l
B,45585010,9,2008,11,2012,R9KCNT,R11KCNT,0.0,1.0,less_than_weekly,weekly,1.0,increased_to_weekly,0.0,1.0,0.0,0.0,0,1
B,45606010,9,2008,11,2012,R9KCNT,R11KCNT,1.0,1.0,weekly,weekly,0.0,maintained_weekly,0.0,0.0,1.0,1.0,1,1
B,45606020,9,2008,11,2012,R9KCNT,R11KCNT,1.0,1.0,weekly,weekly,0.0,maintained_weekly,0.0,1.0,1.0,1.0,1,1
B,45630021,9,2008,11,2012,R9KCNT,R11KCNT,1.0,,weekly,leave_behind_not_completed_or_ineligible,,,0.0,,1.0,,1,.l
B,45687010,9,2008,11,2012,R9KCNT,R11KCNT,1.0,1.0,weekly,weekly,0.0,maintained_weekly,0.0,1.0,1.0,1.0,1,1
B,45695010,9,2008,11,2012,R9KCNT,R11KCNT,1.0,,weekly,leave_behind_not_completed_or_ineligible,,,0.0,,1.0,,1,.l
B,45750010,9,2008,11,2012,R9KCNT,R11KCNT,1.0,1.0,weekly,weekly,0.0,maintained_weekly,0.0,0.0,1.0,1.0,1,1
B,45786010,9,2008,11,2012,R9KCNT,R11KCNT,1.0,1.0,weekly,weekly,0.0,maintained_weekly,0.0,0.0,1.0,1.0,1,1
B,45786020,9,2008,11,2012,R9KCNT,R11KCNT,1.0,1.0,weekly,weekly,0.0,maintained_weekly,0.0,1.0,1.0,1.0,1,1
B,45870010,9,2008,11,2012,R9KCNT,R11KCNT,1.0,1.0,weekly,weekly,0.0,maintained_weekly,0.0,0.0,1.0,1.0,1,1
B,45870020,9,2008,11,2012,R9KCNT,R11KCNT,1.0,1.0,weekly,weekly,0.0,maintained_weekly,0.0,1.0,1.0,1.0,1,1
B,45885020,9,2008,11,2012,R9KCNT,R11KCNT,1.0,0.0,weekly,less_than_weekly,-1.0,decreased_below_weekly,0.0,0.0,1.0,0.0,1,0
B,45912010,9,2008,11,2012,R9KCNT,R11KCNT,1.0,1.0,weekly,weekly,0.0,maintained_weekly,0.0,0.0,1.0,1.0,1,1
B,45922010,9,2008,11,2012,R9KCNT,R11KCNT,0.0,1.0,less_than_weekly,weekly,1.0,increased_to_weekly,0.0,0.0,0.0,1.0,0,1
B,45922040,9,2008,11,2012,R9KCNT,R11KCNT,1.0,1.0,weekly,weekly,0.0,maintained_weekly,0.0,0.0,1.0,1.0,1,1
B,45923010,9,2008,11,2012,R9KCNT,R11KCNT,,1.0,leave_behind_not_completed_or_ineligible,weekly,,,,1.0,,1.0,.l,1
B,45923020,9,2008,11,2012,R9KCNT,R11KCNT,1.0,1.0,weekly,weekly,0.0,maintained_weekly,0.0,0.0,1.0,1.0,1,1
B,45931010,9,2008,11,2012,R9KCNT,R11KCNT,1.0,0.0,weekly,less_than_weekly,-1.0,decreased_below_weekly,0.0,0.0,1.0,0.0,1,0
B,45971020,9,2008,11,2012,R9KCNT,R11KCNT,0.0,0.0,less_than_weekly,less_than_weekly,0.0,persistently_below_weekly,0.0,0.0,0.0,0.0,0,0
B,45971021,9,2008,11,2012,R9KCNT,R11KCNT,0.0,0.0,less_than_weekly,less_than_weekly,0.0,persistently_below_weekly,0.0,0.0,0.0,0.0,0,0
B,45982010,9,2008,11,2012,R9KCNT,R11KCNT,1.0,1.0,weekly,weekly,0.0,maintained_weekly,0.0,,1.0,1.0,1,1
B,45982040,9,2008,11,2012,R9KCNT,R11KCNT,1.0,1.0,weekly,weekly,0.0,maintained_weekly,1.0,1.0,1.0,0.0,1,1
B,45992010,9,2008,11,2012,R9KCNT,R11KCNT,1.0,1.0,weekly,weekly,0.0,maintained_weekly,0.0,0.0,1.0,1.0,1,1
B,46012010,9,2008,11,2012,R9KCNT,R11KCNT,,1.0,no_children,weekly,,,,1.0,,1.0,.k,1
B,46012011,9,2008,11,2012,R9KCNT,R11KCNT,1.0,1.0,weekly,weekly,0.0,maintained_weekly,1.0,1.0,1.0,1.0,1,1
B,46187010,9,2008,11,2012,R9KCNT,R11KCNT,,,no_children,no_children,,,,,,,.k,.k
B,46188010,9,2008,11,2012,R9KCNT,R11KCNT,1.0,1.0,weekly,weekly,0.0,maintained_weekly,0.0,0.0,1.0,1.0,1,1
B,46188011,9,2008,11,2012,R9KCNT,R11KCNT,,,no_children,no_children,,,,,,,.k,.k
B,46226010,9,2008,11,2012,R9KCNT,R11KCNT,1.0,1.0,weekly,weekly,0.0,maintained_weekly,0.0,0.0,1.0,1.0,1,1
B,46226040,9,2008,11,2012,R9KCNT,R11KCNT,1.0,1.0,weekly,weekly,0.0,maintained_weekly,0.0,0.0,1.0,1.0,1,1
B,46319011,9,2008,11,2012,R9KCNT,R11KCNT,1.0,1.0,weekly,weekly,0.0,maintained_weekly,0.0,0.0,1.0,1.0,1,1
B,46374010,9,2008,11,2012,R9KCNT,R11KCNT,1.0,1.0,weekly,weekly,0.0,maintained_weekly,1.0,0.0,1.0,1.0,1,1
B,46440010,9,2008,11,2012,R9KCNT,R11KCNT,1.0,1.0,weekly,weekly,0.0,maintained_weekly,0.0,0.0,1.0,1.0,1,1
B,46443010,9,2008,11,2012,R9KCNT,R11KCNT,1.0,1.0,weekly,weekly,0.0,maintained_weekly,1.0,1.0,1.0,1.0,1,1
B,46443020,9,2008,11,2012,R9KCNT,R11KCNT,1.0,1.0,weekly,weekly,0.0,maintained_weekly,0.0,1.0,1.0,1.0,1,1
B,46485020,9,2008,11,2012,R9KCNT,R11KCNT,1.0,1.0,weekly,weekly,0.0,maintained_weekly,1.0,1.0,1.0,1.0,1,1
B,46485030,9,2008,11,2012,R9KCNT,R11KCNT,0.0,1.0,less_than_weekly,weekly,1.0,increased_to_weekly,0.0,0.0,0.0,1.0,0,1
B,46555020,9,2008,11,2012,R9KCNT,R11KCNT,1.0,1.0,weekly,weekly,0.0,maintained_weekly,1.0,1.0,1.0,1.0,1,1
B,46555030,9,2008,11,2012,R9KCNT,R11KCNT,1.0,1.0,weekly,weekly,0.0,maintained_weekly,1.0,1.0,1.0,1.0,1,1
B,46559010,9,2008,11,2012,R9KCNT,R11KCNT,1.0,1.0,weekly,weekly,0.0,maintained_weekly,1.0,1.0,1.0,1.0,1,1
B,46569010,9,2008,11,2012,R9KCNT,R11KCNT,1.0,1.0,weekly,weekly,0.0,maintained_weekly,0.0,1.0,1.0,1.0,1,1
B,46569040,9,2008,11,2012,R9KCNT,R11KCNT,0.0,0.0,less_than_weekly,less_than_weekly,0.0,persistently_below_weekly,0.0,0.0,0.0,0.0,0,0
B,46583010,9,2008,11,2012,R9KCNT,R11KCNT,0.0,1.0,less_than_weekly,weekly,1.0,increased_to_weekly,0.0,0.0,0.0,1.0,0,1
B,46583011,9,2008,11,2012,R9KCNT,R11KCNT,0.0,0.0,less_than_weekly,less_than_weekly,0.0,persistently_below_weekly,0.0,0.0,0.0,0.0,0,0
B,46602010,9,2008,11,2012,R9KCNT,R11KCNT,1.0,1.0,weekly,weekly,0.0,maintained_weekly,1.0,1.0,1.0,1.0,1,1
B,46697010,9,2008,11,2012,R9KCNT,R11KCNT,1.0,,weekly,missing_response,,,0.0,,1.0,,1,.m
B,46697011,9,2008,11,2012,R9KCNT,R11KCNT,1.0,1.0,weekly,weekly,0.0,maintained_weekly,0.0,0.0,1.0,1.0,1,1
B,46754010,9,2008,11,2012,R9KCNT,R11KCNT,1.0,1.0,weekly,weekly,0.0,maintained_weekly,0.0,0.0,1.0,1.0,1,1
B,46769040,9,2008,11,2012,R9KCNT,R11KCNT,1.0,1.0,weekly,weekly,0.0,maintained_weekly,0.0,0.0,1.0,1.0,1,1
B,46787010,9,2008,11,2012,R9KCNT,R11KCNT,0.0,0.0,less_than_weekly,less_than_weekly,0.0,persistently_below_weekly,0.0,0.0,0.0,0.0,0,0
B,46787011,9,2008,11,2012,R9KCNT,R11KCNT,1.0,1.0,weekly,weekly,0.0,maintained_weekly,1.0,1.0,1.0,1.0,1,1
B,46793010,9,2008,11,2012,R9KCNT,R11KCNT,1.0,0.0,weekly,less_than_weekly,-1.0,decreased_below_weekly,0.0,0.0,1.0,0.0,1,0
B,46793040,9,2008,11,2012,R9KCNT,R11KCNT,1.0,1.0,weekly,weekly,0.0,maintained_weekly,0.0,0.0,1.0,1.0,1,1
B,46806010,9,2008,11,2012,R9KCNT,R11KCNT,1.0,1.0,weekly,weekly,0.0,maintained_weekly,0.0,0.0,1.0,1.0,1,1
B,46821010,9,2008,11,2012,R9KCNT,R11KCNT,1.0,1.0,weekly,weekly,0.0,maintained_weekly,1.0,1.0,1.0,1.0,1,1
B,46821011,9,2008,11,2012,R9KCNT,R11KCNT,0.0,0.0,less_than_weekly,less_than_weekly,0.0,persistently_below_weekly,0.0,0.0,0.0,0.0,0,0
B,47057010,9,2008,11,2012,R9KCNT,R11KCNT,1.0,1.0,weekly,weekly,0.0,maintained_weekly,1.0,1.0,1.0,1.0,1,1
B,47061010,9,2008,11,2012,R9KCNT,R11KCNT,1.0,1.0,weekly,weekly,0.0,maintained_weekly,0.0,0.0,1.0,1.0,1,1
B,47136030,9,2008,11,2012,R9KCNT,R11KCNT,1.0,1.0,weekly,weekly,0.0,maintained_weekly,1.0,0.0,1.0,1.0,1,1
B,47140010,9,2008,11,2012,R9KCNT,R11KCNT,1.0,1.0,weekly,weekly,0.0,maintained_weekly,1.0,1.0,1.0,1.0,1,1
B,47142010,9,2008,11,2012,R9KCNT,R11KCNT,1.0,1.0,weekly,weekly,0.0,maintained_weekly,1.0,1.0,1.0,1.0,1,1
B,47168010,9,2008,11,2012,R9KCNT,R11KCNT,1.0,1.0,weekly,weekly,0.0,maintained_weekly,0.0,0.0,1.0,1.0,1,1
B,47192010,9,2008,11,2012,R9KCNT,R11KCNT,0.0,0.0,less_than_weekly,less_than_weekly,0.0,persistently_below_weekly,0.0,0.0,0.0,0.0,0,0
B,47192020,9,2008,11,2012,R9KCNT,R11KCNT,0.0,0.0,less_than_weekly,less_than_weekly,0.0,persistently_below_weekly,0.0,0.0,0.0,0.0,0,0
B,47193010,9,2008,11,2012,R9KCNT,R11KCNT,1.0,1.0,weekly,weekly,0.0,maintained_weekly,1.0,1.0,1.0,1.0,1,1
B,47193020,9,2008,11,2012,R9KCNT,R11KCNT,1.0,1.0,weekly,weekly,0.0,maintained_weekly,1.0,1.0,1.0,1.0,1,1
B,47255010,9,2008,11,2012,R9KCNT,R11KCNT,1.0,0.0,weekly,less_than_weekly,-1.0,decreased_below_weekly,0.0,0.0,1.0,0.0,1,0
B,47255020,9,2008,11,2012,R9KCNT,R11KCNT,0.0,0.0,less_than_weekly,less_than_weekly,0.0,persistently_below_weekly,0.0,0.0,0.0,0.0,0,0
B,47320020,9,2008,11,2012,R9KCNT,R11KCNT,1.0,,weekly,leave_behind_not_completed_or_ineligible,,,1.0,,1.0,,1,.l
B,47341020,9,2008,11,2012,R9KCNT,R11KCNT,1.0,1.0,weekly,weekly,0.0,maintained_weekly,1.0,0.0,1.0,1.0,1,1
B,47367030,9,2008,11,2012,R9KCNT,R11KCNT,1.0,1.0,weekly,weekly,0.0,maintained_weekly,1.0,1.0,1.0,1.0,1,1
B,47368010,9,2008,11,2012,R9KCNT,R11KCNT,,0.0,not_interviewed_or_plain_missing,less_than_weekly,,,,0.0,,0.0,.,0
B,47392010,9,2008,11,2012,R9KCNT,R11KCNT,0.0,1.0,less_than_weekly,weekly,1.0,increased_to_weekly,0.0,0.0,0.0,1.0,0,1
B,47392011,9,2008,11,2012,R9KCNT,R11KCNT,1.0,1.0,weekly,weekly,0.0,maintained_weekly,0.0,0.0,1.0,1.0,1,1
B,47403010,9,2008,11,2012,R9KCNT,R11KCNT,1.0,1.0,weekly,weekly,0.0,maintained_weekly,0.0,1.0,1.0,1.0,1,1
B,47403020,9,2008,11,2012,R9KCNT,R11KCNT,1.0,1.0,weekly,weekly,0.0,maintained_weekly,1.0,1.0,1.0,1.0,1,1
B,47445020,9,2008,11,2012,R9KCNT,R11KCNT,1.0,1.0,weekly,weekly,0.0,maintained_weekly,1.0,1.0,1.0,1.0,1,1
B,47458011,9,2008,11,2012,R9KCNT,R11KCNT,1.0,1.0,weekly,weekly,0.0,maintained_weekly,0.0,0.0,1.0,1.0,1,1
B,47458040,9,2008,11,2012,R9KCNT,R11KCNT,1.0,1.0,weekly,weekly,0.0,maintained_weekly,1.0,1.0,1.0,1.0,1,1
B,47495010,9,2008,11,2012,R9KCNT,R11KCNT,0.0,0.0,less_than_weekly,less_than_weekly,0.0,persistently_below_weekly,0.0,0.0,0.0,0.0,0,0
B,47514020,9,2008,11,2012,R9KCNT,R11KCNT,1.0,1.0,weekly,weekly,0.0,maintained_weekly,0.0,0.0,1.0,1.0,1,1
B,47515020,9,2008,11,2012,R9KCNT,R11KCNT,1.0,1.0,weekly,weekly,0.0,maintained_weekly,0.0,0.0,1.0,1.0,1,1
B,47555020,9,2008,11,2012,R9KCNT,R11KCNT,1.0,1.0,weekly,weekly,0.0,maintained_weekly,0.0,1.0,1.0,1.0,1,1
B,47583010,9,2008,11,2012,R9KCNT,R11KCNT,1.0,1.0,weekly,weekly,0.0,maintained_weekly,1.0,1.0,1.0,1.0,1,1
B,47583020,9,2008,11,2012,R9KCNT,R11KCNT,1.0,1.0,weekly,weekly,0.0,maintained_weekly,1.0,1.0,1.0,1.0,1,1
B,47596010,9,2008,11,2012,R9KCNT,R11KCNT,1.0,1.0,weekly,weekly,0.0,maintained_weekly,1.0,1.0,1.0,1.0,1,1
B,47596011,9,2008,11,2012,R9KCNT,R11KCNT,0.0,0.0,less_than_weekly,less_than_weekly,0.0,persistently_below_weekly,0.0,0.0,0.0,0.0,0,0
B,47602010,9,2008,11,2012,R9KCNT,R11KCNT,,1.0,leave_behind_not_completed_or_ineligible,weekly,,,,1.0,,1.0,.l,1
B,47602020,9,2008,11,2012,R9KCNT,R11KCNT,1.0,0.0,weekly,less_than_weekly,-1.0,decreased_below_weekly,1.0,0.0,1.0,0.0,1,0
B,47604020,9,2008,11,2012,R9KCNT,R11KCNT,1.0,1.0,weekly,weekly,0.0,maintained_weekly,1.0,1.0,1.0,1.0,1,1
B,47604030,9,2008,11,2012,R9KCNT,R11KCNT,1.0,1.0,weekly,weekly,0.0,maintained_weekly,1.0,0.0,1.0,1.0,1,1
B,47630011,9,2008,11,2012,R9KCNT,R11KCNT,1.0,1.0,weekly,weekly,0.0,maintained_weekly,0.0,0.0,1.0,1.0,1,1
B,47630012,9,2008,11,2012,R9KCNT,R11KCNT,1.0,1.0,weekly,weekly,0.0,maintained_weekly,0.0,0.0,1.0,1.0,1,1
B,47660010,9,2008,11,2012,R9KCNT,R11KCNT,0.0,0.0,less_than_weekly,less_than_weekly,0.0,persistently_below_weekly,0.0,0.0,0.0,0.0,0,0
B,47660020,9,2008,11,2012,R9KCNT,R11KCNT,0.0,0.0,less_than_weekly,less_than_weekly,0.0,persistently_below_weekly,0.0,0.0,0.0,0.0,0,0
B,47675030,9,2008,11,2012,R9KCNT,R11KCNT,1.0,0.0,weekly,less_than_weekly,-1.0,decreased_below_weekly,0.0,0.0,1.0,0.0,1,0
B,47675040,9,2008,11,2012,R9KCNT,R11KCNT,1.0,0.0,weekly,less_than_weekly,-1.0,decreased_below_weekly,0.0,0.0,1.0,0.0,1,0
B,47707010,9,2008,11,2012,R9KCNT,R11KCNT,1.0,1.0,weekly,weekly,0.0,maintained_weekly,1.0,1.0,1.0,1.0,1,1
B,47707020,9,2008,11,2012,R9KCNT,R11KCNT,0.0,0.0,less_than_weekly,less_than_weekly,0.0,persistently_below_weekly,0.0,0.0,0.0,0.0,0,0
B,47709020,9,2008,11,2012,R9KCNT,R11KCNT,1.0,1.0,weekly,weekly,0.0,maintained_weekly,,1.0,1.0,1.0,1,1
B,47709030,9,2008,11,2012,R9KCNT,R11KCNT,1.0,0.0,weekly,less_than_weekly,-1.0,decreased_below_weekly,1.0,0.0,1.0,0.0,1,0
B,47718010,9,2008,11,2012,R9KCNT,R11KCNT,0.0,1.0,less_than_weekly,weekly,1.0,increased_to_weekly,0.0,0.0,0.0,1.0,0,1
B,47718020,9,2008,11,2012,R9KCNT,R11KCNT,1.0,1.0,weekly,weekly,0.0,maintained_weekly,0.0,1.0,1.0,0.0,1,1
B,47764022,9,2008,11,2012,R9KCNT,R11KCNT,,,missing_response,missing_response,,,,,,,.m,.m
B,47831010,9,2008,11,2012,R9KCNT,R11KCNT,1.0,1.0,weekly,weekly,0.0,maintained_weekly,0.0,1.0,1.0,1.0,1,1
B,47848010,9,2008,11,2012,R9KCNT,R11KCNT,0.0,0.0,less_than_weekly,less_than_weekly,0.0,persistently_below_weekly,0.0,0.0,0.0,0.0,0,0
B,47848040,9,2008,11,2012,R9KCNT,R11KCNT,1.0,1.0,weekly,weekly,0.0,maintained_weekly,0.0,0.0,1.0,1.0,1,1
B,47945010,9,2008,11,2012,R9KCNT,R11KCNT,1.0,1.0,weekly,weekly,0.0,maintained_weekly,0.0,1.0,1.0,1.0,1,1
B,48013020,9,2008,11,2012,R9KCNT,R11KCNT,0.0,1.0,less_than_weekly,weekly,1.0,increased_to_weekly,0.0,1.0,0.0,1.0,0,1
B,48013030,9,2008,11,2012,R9KCNT,R11KCNT,,,no_children,no_children,,,,,,,.k,.k
B,48103010,9,2008,11,2012,R9KCNT,R11KCNT,,,no_children,no_children,,,,,,,.k,.k
B,48124010,9,2008,11,2012,R9KCNT,R11KCNT,0.0,0.0,less_than_weekly,less_than_weekly,0.0,persistently_below_weekly,0.0,0.0,0.0,0.0,0,0
B,48124020,9,2008,11,2012,R9KCNT,R11KCNT,0.0,1.0,less_than_weekly,weekly,1.0,increased_to_weekly,0.0,0.0,0.0,1.0,0,1
B,48135010,9,2008,11,2012,R9KCNT,R11KCNT,1.0,0.0,weekly,less_than_weekly,-1.0,decreased_below_weekly,0.0,0.0,1.0,0.0,1,0
B,48228010,9,2008,11,2012,R9KCNT,R11KCNT,1.0,1.0,weekly,weekly,0.0,maintained_weekly,1.0,0.0,1.0,1.0,1,1
B,48248010,9,2008,11,2012,R9KCNT,R11KCNT,1.0,1.0,weekly,weekly,0.0,maintained_weekly,0.0,1.0,1.0,1.0,1,1
B,48248020,9,2008,11,2012,R9KCNT,R11KCNT,1.0,1.0,weekly,weekly,0.0,maintained_weekly,1.0,1.0,1.0,1.0,1,1
B,48250010,9,2008,11,2012,R9KCNT,R11KCNT,1.0,1.0,weekly,weekly,0.0,maintained_weekly,1.0,0.0,1.0,1.0,1,1
B,48327020,9,2008,11,2012,R9KCNT,R11KCNT,1.0,1.0,weekly,weekly,0.0,maintained_weekly,1.0,1.0,1.0,1.0,1,1
B,48360010,9,2008,11,2012,R9KCNT,R11KCNT,1.0,1.0,weekly,weekly,0.0,maintained_weekly,1.0,1.0,1.0,1.0,1,1
B,48401020,9,2008,11,2012,R9KCNT,R11KCNT,1.0,1.0,weekly,weekly,0.0,maintained_weekly,0.0,0.0,1.0,1.0,1,1
B,48405020,9,2008,11,2012,R9KCNT,R11KCNT,,,no_children,no_children,,,,,,,.k,.k
B,48406020,9,2008,11,2012,R9KCNT,R11KCNT,1.0,1.0,weekly,weekly,0.0,maintained_weekly,1.0,0.0,1.0,1.0,1,1
B,48406030,9,2008,11,2012,R9KCNT,R11KCNT,1.0,1.0,weekly,weekly,0.0,maintained_weekly,0.0,0.0,1.0,1.0,1,1
B,48430040,9,2008,11,2012,R9KCNT,R11KCNT,0.0,0.0,less_than_weekly,less_than_weekly,0.0,persistently_below_weekly,0.0,0.0,0.0,0.0,0,0
B,48440010,9,2008,11,2012,R9KCNT,R11KCNT,1.0,1.0,weekly,weekly,0.0,maintained_weekly,1.0,0.0,1.0,1.0,1,1
B,48475020,9,2008,11,2012,R9KCNT,R11KCNT,1.0,1.0,weekly,weekly,0.0,maintained_weekly,0.0,0.0,1.0,1.0,1,1
B,48480020,9,2008,11,2012,R9KCNT,R11KCNT,1.0,1.0,weekly,weekly,0.0,maintained_weekly,1.0,1.0,1.0,0.0,1,1
B,48504010,9,2008,11,2012,R9KCNT,R11KCNT,,1.0,leave_behind_not_completed_or_ineligible,weekly,,,,0.0,,1.0,.l,1
B,48504020,9,2008,11,2012,R9KCNT,R11KCNT,,1.0,no_children,weekly,,,,0.0,,1.0,.k,1
B,48535010,9,2008,11,2012,R9KCNT,R11KCNT,1.0,1.0,weekly,weekly,0.0,maintained_weekly,1.0,1.0,1.0,1.0,1,1
B,48535020,9,2008,11,2012,R9KCNT,R11KCNT,1.0,1.0,weekly,weekly,0.0,maintained_weekly,1.0,1.0,1.0,1.0,1,1
B,48568010,9,2008,11,2012,R9KCNT,R11KCNT,0.0,1.0,less_than_weekly,weekly,1.0,increased_to_weekly,0.0,0.0,0.0,1.0,0,1
B,48595020,9,2008,11,2012,R9KCNT,R11KCNT,1.0,1.0,weekly,weekly,0.0,maintained_weekly,0.0,0.0,1.0,1.0,1,1
B,48604010,9,2008,11,2012,R9KCNT,R11KCNT,1.0,1.0,weekly,weekly,0.0,maintained_weekly,1.0,1.0,1.0,1.0,1,1
B,48605020,9,2008,11,2012,R9KCNT,R11KCNT,1.0,1.0,weekly,weekly,0.0,maintained_weekly,0.0,0.0,1.0,1.0,1,1
B,48605030,9,2008,11,2012,R9KCNT,R11KCNT,1.0,1.0,weekly,weekly,0.0,maintained_weekly,0.0,0.0,1.0,1.0,1,1
B,48608010,9,2008,11,2012,R9KCNT,R11KCNT,1.0,1.0,weekly,weekly,0.0,maintained_weekly,1.0,0.0,1.0,1.0,1,1
B,48622020,9,2008,11,2012,R9KCNT,R11KCNT,1.0,1.0,weekly,weekly,0.0,maintained_weekly,1.0,1.0,1.0,1.0,1,1
B,48652010,9,2008,11,2012,R9KCNT,R11KCNT,1.0,1.0,weekly,weekly,0.0,maintained_weekly,1.0,0.0,1.0,1.0,1,1
B,48676041,9,2008,11,2012,R9KCNT,R11KCNT,1.0,0.0,weekly,less_than_weekly,-1.0,decreased_below_weekly,1.0,0.0,1.0,0.0,1,0
B,48683010,9,2008,11,2012,R9KCNT,R11KCNT,1.0,1.0,weekly,weekly,0.0,maintained_weekly,1.0,1.0,1.0,1.0,1,1
B,48685010,9,2008,11,2012,R9KCNT,R11KCNT,1.0,1.0,weekly,weekly,0.0,maintained_weekly,0.0,1.0,1.0,1.0,1,1
B,48685020,9,2008,11,2012,R9KCNT,R11KCNT,1.0,1.0,weekly,weekly,0.0,maintained_weekly,0.0,0.0,1.0,1.0,1,1
B,48743010,9,2008,11,2012,R9KCNT,R11KCNT,,1.0,leave_behind_not_completed_or_ineligible,weekly,,,,,,1.0,.l,1
B,48819010,9,2008,11,2012,R9KCNT,R11KCNT,0.0,0.0,less_than_weekly,less_than_weekly,0.0,persistently_below_weekly,0.0,0.0,0.0,0.0,0,0
B,48825010,9,2008,11,2012,R9KCNT,R11KCNT,1.0,1.0,weekly,weekly,0.0,maintained_weekly,1.0,1.0,1.0,1.0,1,1
B,48825020,9,2008,11,2012,R9KCNT,R11KCNT,1.0,1.0,weekly,weekly,0.0,maintained_weekly,1.0,1.0,1.0,1.0,1,1
B,48888010,9,2008,11,2012,R9KCNT,R11KCNT,1.0,1.0,weekly,weekly,0.0,maintained_weekly,1.0,1.0,1.0,1.0,1,1
B,48904010,9,2008,11,2012,R9KCNT,R11KCNT,1.0,1.0,weekly,weekly,0.0,maintained_weekly,1.0,1.0,1.0,1.0,1,1
B,48914010,9,2008,11,2012,R9KCNT,R11KCNT,,,no_children,no_children,,,,,,,.k,.k
B,48962010,9,2008,11,2012,R9KCNT,R11KCNT,1.0,1.0,weekly,weekly,0.0,maintained_weekly,0.0,1.0,1.0,1.0,1,1
B,48962020,9,2008,11,2012,R9KCNT,R11KCNT,1.0,1.0,weekly,weekly,0.0,maintained_weekly,0.0,1.0,1.0,1.0,1,1
B,48970010,9,2008,11,2012,R9KCNT,R11KCNT,1.0,1.0,weekly,weekly,0.0,maintained_weekly,0.0,0.0,1.0,1.0,1,1
B,48984020,9,2008,11,2012,R9KCNT,R11KCNT,1.0,1.0,weekly,weekly,0.0,maintained_weekly,1.0,0.0,1.0,1.0,1,1
B,48988010,9,2008,11,2012,R9KCNT,R11KCNT,1.0,1.0,weekly,weekly,0.0,maintained_weekly,1.0,0.0,1.0,1.0,1,1
B,48997010,9,2008,11,2012,R9KCNT,R11KCNT,1.0,1.0,weekly,weekly,0.0,maintained_weekly,1.0,1.0,1.0,1.0,1,1
B,49053020,9,2008,11,2012,R9KCNT,R11KCNT,1.0,1.0,weekly,weekly,0.0,maintained_weekly,1.0,0.0,1.0,1.0,1,1
B,49053030,9,2008,11,2012,R9KCNT,R11KCNT,1.0,1.0,weekly,weekly,0.0,maintained_weekly,1.0,1.0,1.0,1.0,1,1
B,49059030,9,2008,11,2012,R9KCNT,R11KCNT,,1.0,leave_behind_not_completed_or_ineligible,weekly,,,,1.0,,1.0,.l,1
B,49070040,9,2008,11,2012,R9KCNT,R11KCNT,1.0,0.0,weekly,less_than_weekly,-1.0,decreased_below_weekly,0.0,0.0,1.0,0.0,1,0
B,49118020,9,2008,11,2012,R9KCNT,R11KCNT,1.0,1.0,weekly,weekly,0.0,maintained_weekly,0.0,1.0,1.0,1.0,1,1
B,49118030,9,2008,11,2012,R9KCNT,R11KCNT,1.0,1.0,weekly,weekly,0.0,maintained_weekly,0.0,1.0,1.0,1.0,1,1
B,49140010,9,2008,11,2012,R9KCNT,R11KCNT,1.0,1.0,weekly,weekly,0.0,maintained_weekly,0.0,0.0,1.0,1.0,1,1
B,49178010,9,2008,11,2012,R9KCNT,R11KCNT,1.0,1.0,weekly,weekly,0.0,maintained_weekly,1.0,1.0,1.0,1.0,1,1
B,49178040,9,2008,11,2012,R9KCNT,R11KCNT,1.0,1.0,weekly,weekly,0.0,maintained_weekly,1.0,1.0,1.0,1.0,1,1
B,49182010,9,2008,11,2012,R9KCNT,R11KCNT,1.0,1.0,weekly,weekly,0.0,maintained_weekly,1.0,0.0,1.0,1.0,1,1
B,49182020,9,2008,11,2012,R9KCNT,R11KCNT,1.0,1.0,weekly,weekly,0.0,maintained_weekly,0.0,0.0,1.0,1.0,1,1
B,49204020,9,2008,11,2012,R9KCNT,R11KCNT,1.0,1.0,weekly,weekly,0.0,maintained_weekly,1.0,0.0,1.0,1.0,1,1
B,49210020,9,2008,11,2012,R9KCNT,R11KCNT,1.0,1.0,weekly,weekly,0.0,maintained_weekly,1.0,1.0,1.0,1.0,1,1
B,49219020,9,2008,11,2012,R9KCNT,R11KCNT,0.0,0.0,less_than_weekly,less_than_weekly,0.0,persistently_below_weekly,0.0,0.0,0.0,0.0,0,0
B,49219021,9,2008,11,2012,R9KCNT,R11KCNT,1.0,0.0,weekly,less_than_weekly,-1.0,decreased_below_weekly,0.0,,1.0,0.0,1,0
B,49232020,9,2008,11,2012,R9KCNT,R11KCNT,1.0,1.0,weekly,weekly,0.0,maintained_weekly,0.0,0.0,1.0,1.0,1,1
B,49232030,9,2008,11,2012,R9KCNT,R11KCNT,0.0,1.0,less_than_weekly,weekly,1.0,increased_to_weekly,0.0,0.0,0.0,1.0,0,1
B,49237010,9,2008,11,2012,R9KCNT,R11KCNT,1.0,1.0,weekly,weekly,0.0,maintained_weekly,1.0,1.0,1.0,1.0,1,1
B,49237020,9,2008,11,2012,R9KCNT,R11KCNT,1.0,1.0,weekly,weekly,0.0,maintained_weekly,1.0,1.0,1.0,1.0,1,1
B,49242010,9,2008,11,2012,R9KCNT,R11KCNT,0.0,1.0,less_than_weekly,weekly,1.0,increased_to_weekly,0.0,0.0,0.0,1.0,0,1
B,49242020,9,2008,11,2012,R9KCNT,R11KCNT,1.0,1.0,weekly,weekly,0.0,maintained_weekly,0.0,0.0,1.0,1.0,1,1
B,49249010,9,2008,11,2012,R9KCNT,R11KCNT,1.0,1.0,weekly,weekly,0.0,maintained_weekly,1.0,1.0,0.0,0.0,1,1
B,49263010,9,2008,11,2012,R9KCNT,R11KCNT,0.0,1.0,less_than_weekly,weekly,1.0,increased_to_weekly,0.0,0.0,0.0,1.0,0,1
B,49287040,9,2008,11,2012,R9KCNT,R11KCNT,1.0,1.0,weekly,weekly,0.0,maintained_weekly,0.0,0.0,1.0,1.0,1,1
B,49378010,9,2008,11,2012,R9KCNT,R11KCNT,1.0,1.0,weekly,weekly,0.0,maintained_weekly,1.0,0.0,0.0,1.0,1,1
B,49378020,9,2008,11,2012,R9KCNT,R11KCNT,1.0,1.0,weekly,weekly,0.0,maintained_weekly,1.0,0.0,1.0,1.0,1,1
B,49393020,9,2008,11,2012,R9KCNT,R11KCNT,1.0,1.0,weekly,weekly,0.0,maintained_weekly,0.0,1.0,1.0,1.0,1,1
B,49396010,9,2008,11,2012,R9KCNT,R11KCNT,1.0,1.0,weekly,weekly,0.0,maintained_weekly,0.0,0.0,1.0,1.0,1,1
B,49396020,9,2008,11,2012,R9KCNT,R11KCNT,0.0,0.0,less_than_weekly,less_than_weekly,0.0,persistently_below_weekly,0.0,0.0,0.0,0.0,0,0
B,49455010,9,2008,11,2012,R9KCNT,R11KCNT,1.0,1.0,weekly,weekly,0.0,maintained_weekly,0.0,0.0,1.0,1.0,1,1
B,49455020,9,2008,11,2012,R9KCNT,R11KCNT,0.0,0.0,less_than_weekly,less_than_weekly,0.0,persistently_below_weekly,0.0,0.0,0.0,0.0,0,0
B,49470010,9,2008,11,2012,R9KCNT,R11KCNT,1.0,1.0,weekly,weekly,0.0,maintained_weekly,1.0,0.0,1.0,1.0,1,1
B,49470020,9,2008,11,2012,R9KCNT,R11KCNT,1.0,1.0,weekly,weekly,0.0,maintained_weekly,0.0,0.0,1.0,1.0,1,1
B,49475010,9,2008,11,2012,R9KCNT,R11KCNT,1.0,1.0,weekly,weekly,0.0,maintained_weekly,0.0,0.0,1.0,1.0,1,1
B,49489010,9,2008,11,2012,R9KCNT,R11KCNT,1.0,0.0,weekly,less_than_weekly,-1.0,decreased_below_weekly,1.0,0.0,1.0,0.0,1,0
B,49489020,9,2008,11,2012,R9KCNT,R11KCNT,1.0,1.0,weekly,weekly,0.0,maintained_weekly,0.0,1.0,1.0,0.0,1,1
B,49498020,9,2008,11,2012,R9KCNT,R11KCNT,0.0,1.0,less_than_weekly,weekly,1.0,increased_to_weekly,0.0,1.0,0.0,1.0,0,1
B,49498030,9,2008,11,2012,R9KCNT,R11KCNT,1.0,1.0,weekly,weekly,0.0,maintained_weekly,0.0,0.0,1.0,1.0,1,1
B,49511020,9,2008,11,2012,R9KCNT,R11KCNT,0.0,0.0,less_than_weekly,less_than_weekly,0.0,persistently_below_weekly,0.0,0.0,0.0,0.0,0,0
B,49528010,9,2008,11,2012,R9KCNT,R11KCNT,,,not_interviewed_or_plain_missing,no_children,,,,,,,.,.k
B,49554010,9,2008,11,2012,R9KCNT,R11KCNT,1.0,0.0,weekly,less_than_weekly,-1.0,decreased_below_weekly,0.0,0.0,1.0,0.0,1,0
B,49554020,9,2008,11,2012,R9KCNT,R11KCNT,1.0,0.0,weekly,less_than_weekly,-1.0,decreased_below_weekly,0.0,0.0,1.0,0.0,1,0
B,49648010,9,2008,11,2012,R9KCNT,R11KCNT,1.0,1.0,weekly,weekly,0.0,maintained_weekly,0.0,1.0,1.0,1.0,1,1
B,49689040,9,2008,11,2012,R9KCNT,R11KCNT,1.0,0.0,weekly,less_than_weekly,-1.0,decreased_below_weekly,0.0,0.0,1.0,0.0,1,0
B,49702020,9,2008,11,2012,R9KCNT,R11KCNT,0.0,1.0,less_than_weekly,weekly,1.0,increased_to_weekly,0.0,0.0,0.0,1.0,0,1
B,49702030,9,2008,11,2012,R9KCNT,R11KCNT,0.0,1.0,less_than_weekly,weekly,1.0,increased_to_weekly,0.0,0.0,0.0,1.0,0,1
B,49712010,9,2008,11,2012,R9KCNT,R11KCNT,1.0,,weekly,no_children,,,0.0,,1.0,,1,.k
B,49712020,9,2008,11,2012,R9KCNT,R11KCNT,1.0,1.0,weekly,weekly,0.0,maintained_weekly,0.0,0.0,1.0,1.0,1,1
B,49713010,9,2008,11,2012,R9KCNT,R11KCNT,1.0,1.0,weekly,weekly,0.0,maintained_weekly,1.0,1.0,1.0,1.0,1,1
B,49724020,9,2008,11,2012,R9KCNT,R11KCNT,1.0,1.0,weekly,weekly,0.0,maintained_weekly,0.0,1.0,1.0,1.0,1,1
B,49724030,9,2008,11,2012,R9KCNT,R11KCNT,1.0,1.0,weekly,weekly,0.0,maintained_weekly,1.0,1.0,1.0,1.0,1,1
B,49742010,9,2008,11,2012,R9KCNT,R11KCNT,1.0,1.0,weekly,weekly,0.0,maintained_weekly,0.0,1.0,1.0,1.0,1,1
B,49742020,9,2008,11,2012,R9KCNT,R11KCNT,1.0,1.0,weekly,weekly,0.0,maintained_weekly,1.0,0.0,1.0,1.0,1,1
B,49753010,9,2008,11,2012,R9KCNT,R11KCNT,0.0,1.0,less_than_weekly,weekly,1.0,increased_to_weekly,0.0,0.0,0.0,1.0,0,1
B,49766020,9,2008,11,2012,R9KCNT,R11KCNT,1.0,1.0,weekly,weekly,0.0,maintained_weekly,0.0,0.0,1.0,1.0,1,1
B,49766030,9,2008,11,2012,R9KCNT,R11KCNT,1.0,1.0,weekly,weekly,0.0,maintained_weekly,1.0,0.0,1.0,1.0,1,1
B,49779010,9,2008,11,2012,R9KCNT,R11KCNT,0.0,0.0,less_than_weekly,less_than_weekly,0.0,persistently_below_weekly,0.0,0.0,0.0,0.0,0,0
B,50117010,9,2008,11,2012,R9KCNT,R11KCNT,1.0,1.0,weekly,weekly,0.0,maintained_weekly,0.0,1.0,1.0,1.0,1,1
B,50117020,9,2008,11,2012,R9KCNT,R11KCNT,1.0,1.0,weekly,weekly,0.0,maintained_weekly,1.0,1.0,1.0,1.0,1,1
B,50145010,9,2008,11,2012,R9KCNT,R11KCNT,0.0,0.0,less_than_weekly,less_than_weekly,0.0,persistently_below_weekly,0.0,0.0,0.0,0.0,0,0
B,50145011,9,2008,11,2012,R9KCNT,R11KCNT,1.0,1.0,weekly,weekly,0.0,maintained_weekly,1.0,,1.0,1.0,1,1
B,50152031,9,2008,11,2012,R9KCNT,R11KCNT,0.0,0.0,less_than_weekly,less_than_weekly,0.0,persistently_below_weekly,0.0,0.0,0.0,0.0,0,0
B,50158010,9,2008,11,2012,R9KCNT,R11KCNT,1.0,0.0,weekly,less_than_weekly,-1.0,decreased_below_weekly,1.0,0.0,1.0,0.0,1,0
B,50158020,9,2008,11,2012,R9KCNT,R11KCNT,1.0,0.0,weekly,less_than_weekly,-1.0,decreased_below_weekly,1.0,0.0,1.0,0.0,1,0
B,50169010,9,2008,11,2012,R9KCNT,R11KCNT,1.0,1.0,weekly,weekly,0.0,maintained_weekly,1.0,0.0,1.0,1.0,1,1
B,50169040,9,2008,11,2012,R9KCNT,R11KCNT,1.0,1.0,weekly,weekly,0.0,maintained_weekly,1.0,1.0,1.0,1.0,1,1
B,50173010,9,2008,11,2012,R9KCNT,R11KCNT,1.0,1.0,weekly,weekly,0.0,maintained_weekly,1.0,0.0,1.0,1.0,1,1
B,50173040,9,2008,11,2012,R9KCNT,R11KCNT,1.0,1.0,weekly,weekly,0.0,maintained_weekly,1.0,1.0,1.0,1.0,1,1
B,50185010,9,2008,11,2012,R9KCNT,R11KCNT,1.0,1.0,weekly,weekly,0.0,maintained_weekly,0.0,1.0,1.0,1.0,1,1
B,50214010,9,2008,11,2012,R9KCNT,R11KCNT,1.0,0.0,weekly,less_than_weekly,-1.0,decreased_below_weekly,1.0,0.0,1.0,0.0,1,0
B,50216020,9,2008,11,2012,R9KCNT,R11KCNT,,0.0,no_children,less_than_weekly,,,,0.0,,0.0,.k,0
B,50229020,9,2008,11,2012,R9KCNT,R11KCNT,1.0,1.0,weekly,weekly,0.0,maintained_weekly,1.0,1.0,1.0,1.0,1,1
B,50229030,9,2008,11,2012,R9KCNT,R11KCNT,1.0,1.0,weekly,weekly,0.0,maintained_weekly,1.0,1.0,1.0,1.0,1,1
B,50233010,9,2008,11,2012,R9KCNT,R11KCNT,1.0,1.0,weekly,weekly,0.0,maintained_weekly,1.0,1.0,1.0,1.0,1,1
B,50239010,9,2008,11,2012,R9KCNT,R11KCNT,,1.0,missing_response,weekly,,,,1.0,,1.0,.m,1
B,50239020,9,2008,11,2012,R9KCNT,R11KCNT,1.0,1.0,weekly,weekly,0.0,maintained_weekly,1.0,1.0,1.0,1.0,1,1
B,50259010,9,2008,11,2012,R9KCNT,R11KCNT,1.0,1.0,weekly,weekly,0.0,maintained_weekly,1.0,0.0,1.0,1.0,1,1
B,50283020,9,2008,11,2012,R9KCNT,R11KCNT,1.0,1.0,weekly,weekly,0.0,maintained_weekly,1.0,0.0,1.0,1.0,1,1
B,50283030,9,2008,11,2012,R9KCNT,R11KCNT,1.0,1.0,weekly,weekly,0.0,maintained_weekly,0.0,0.0,1.0,1.0,1,1
B,50326020,9,2008,11,2012,R9KCNT,R11KCNT,1.0,1.0,weekly,weekly,0.0,maintained_weekly,1.0,1.0,1.0,0.0,1,1
B,50326030,9,2008,11,2012,R9KCNT,R11KCNT,1.0,1.0,weekly,weekly,0.0,maintained_weekly,1.0,1.0,1.0,1.0,1,1
B,50342010,9,2008,11,2012,R9KCNT,R11KCNT,1.0,1.0,weekly,weekly,0.0,maintained_weekly,0.0,0.0,1.0,1.0,1,1
B,50342020,9,2008,11,2012,R9KCNT,R11KCNT,0.0,0.0,less_than_weekly,less_than_weekly,0.0,persistently_below_weekly,0.0,0.0,0.0,0.0,0,0
B,50364010,9,2008,11,2012,R9KCNT,R11KCNT,1.0,1.0,weekly,weekly,0.0,maintained_weekly,0.0,0.0,1.0,1.0,1,1
B,50364040,9,2008,11,2012,R9KCNT,R11KCNT,1.0,1.0,weekly,weekly,0.0,maintained_weekly,0.0,0.0,1.0,1.0,1,1
B,50377010,9,2008,11,2012,R9KCNT,R11KCNT,1.0,1.0,weekly,weekly,0.0,maintained_weekly,1.0,1.0,1.0,1.0,1,1
B,50377040,9,2008,11,2012,R9KCNT,R11KCNT,1.0,1.0,weekly,weekly,0.0,maintained_weekly,0.0,0.0,1.0,1.0,1,1
B,50385020,9,2008,11,2012,R9KCNT,R11KCNT,0.0,1.0,less_than_weekly,weekly,1.0,increased_to_weekly,0.0,1.0,0.0,1.0,0,1
B,50419030,9,2008,11,2012,R9KCNT,R11KCNT,,,no_children,no_children,,,,,,,.k,.k
B,50530020,9,2008,11,2012,R9KCNT,R11KCNT,1.0,1.0,weekly,weekly,0.0,maintained_weekly,0.0,0.0,1.0,1.0,1,1
B,50546020,9,2008,11,2012,R9KCNT,R11KCNT,1.0,,weekly,leave_behind_not_completed_or_ineligible,,,0.0,,1.0,,1,.l
B,50571010,9,2008,11,2012,R9KCNT,R11KCNT,0.0,0.0,less_than_weekly,less_than_weekly,0.0,persistently_below_weekly,0.0,0.0,0.0,0.0,0,0
B,50591020,9,2008,11,2012,R9KCNT,R11KCNT,1.0,,weekly,not_interviewed_or_plain_missing,,,1.0,,1.0,,1,.
B,50716010,9,2008,11,2012,R9KCNT,R11KCNT,1.0,1.0,weekly,weekly,0.0,maintained_weekly,0.0,0.0,1.0,1.0,1,1
B,50716020,9,2008,11,2012,R9KCNT,R11KCNT,1.0,1.0,weekly,weekly,0.0,maintained_weekly,0.0,0.0,1.0,1.0,1,1
B,50724020,9,2008,11,2012,R9KCNT,R11KCNT,1.0,1.0,weekly,weekly,0.0,maintained_weekly,0.0,0.0,1.0,1.0,1,1
B,50726020,9,2008,11,2012,R9KCNT,R11KCNT,1.0,1.0,weekly,weekly,0.0,maintained_weekly,1.0,1.0,1.0,1.0,1,1
B,50733010,9,2008,11,2012,R9KCNT,R11KCNT,1.0,1.0,weekly,weekly,0.0,maintained_weekly,0.0,0.0,1.0,1.0,1,1
B,50763020,9,2008,11,2012,R9KCNT,R11KCNT,0.0,1.0,less_than_weekly,weekly,1.0,increased_to_weekly,0.0,0.0,0.0,1.0,0,1
B,50766010,9,2008,11,2012,R9KCNT,R11KCNT,0.0,0.0,less_than_weekly,less_than_weekly,0.0,persistently_below_weekly,0.0,0.0,0.0,0.0,0,0
B,50766040,9,2008,11,2012,R9KCNT,R11KCNT,1.0,1.0,weekly,weekly,0.0,maintained_weekly,1.0,0.0,1.0,1.0,1,1
B,50784010,9,2008,11,2012,R9KCNT,R11KCNT,1.0,1.0,weekly,weekly,0.0,maintained_weekly,1.0,0.0,1.0,1.0,1,1
B,50784020,9,2008,11,2012,R9KCNT,R11KCNT,1.0,1.0,weekly,weekly,0.0,maintained_weekly,1.0,1.0,1.0,1.0,1,1
B,50786010,9,2008,11,2012,R9KCNT,R11KCNT,1.0,1.0,weekly,weekly,0.0,maintained_weekly,1.0,0.0,1.0,1.0,1,1
B,50788010,9,2008,11,2012,R9KCNT,R11KCNT,0.0,0.0,less_than_weekly,less_than_weekly,0.0,persistently_below_weekly,0.0,0.0,0.0,0.0,0,0
B,50788020,9,2008,11,2012,R9KCNT,R11KCNT,0.0,0.0,less_than_weekly,less_than_weekly,0.0,persistently_below_weekly,0.0,0.0,0.0,0.0,0,0
B,50822010,9,2008,11,2012,R9KCNT,R11KCNT,0.0,,less_than_weekly,leave_behind_not_completed_or_ineligible,,,0.0,,0.0,,0,.l
B,50842010,9,2008,11,2012,R9KCNT,R11KCNT,1.0,,weekly,leave_behind_not_completed_or_ineligible,,,1.0,,1.0,,1,.l
B,50857010,9,2008,11,2012,R9KCNT,R11KCNT,0.0,0.0,less_than_weekly,less_than_weekly,0.0,persistently_below_weekly,0.0,0.0,0.0,0.0,0,0
B,50883010,9,2008,11,2012,R9KCNT,R11KCNT,1.0,0.0,weekly,less_than_weekly,-1.0,decreased_below_weekly,1.0,0.0,1.0,0.0,1,0
B,50883020,9,2008,11,2012,R9KCNT,R11KCNT,1.0,1.0,weekly,weekly,0.0,maintained_weekly,1.0,1.0,1.0,0.0,1,1
B,50903010,9,2008,11,2012,R9KCNT,R11KCNT,1.0,1.0,weekly,weekly,0.0,maintained_weekly,1.0,0.0,1.0,1.0,1,1
B,50906010,9,2008,11,2012,R9KCNT,R11KCNT,1.0,0.0,weekly,less_than_weekly,-1.0,decreased_below_weekly,0.0,0.0,1.0,0.0,1,0
B,50907020,9,2008,11,2012,R9KCNT,R11KCNT,1.0,1.0,weekly,weekly,0.0,maintained_weekly,1.0,1.0,1.0,1.0,1,1
B,50925010,9,2008,11,2012,R9KCNT,R11KCNT,1.0,1.0,weekly,weekly,0.0,maintained_weekly,0.0,0.0,1.0,1.0,1,1
B,50930010,9,2008,11,2012,R9KCNT,R11KCNT,,,no_children,leave_behind_not_completed_or_ineligible,,,,,,,.k,.l
B,50945040,9,2008,11,2012,R9KCNT,R11KCNT,,1.0,leave_behind_not_completed_or_ineligible,weekly,,,,0.0,,1.0,.l,1
B,50974010,9,2008,11,2012,R9KCNT,R11KCNT,1.0,1.0,weekly,weekly,0.0,maintained_weekly,1.0,1.0,1.0,1.0,1,1
B,50974020,9,2008,11,2012,R9KCNT,R11KCNT,1.0,1.0,weekly,weekly,0.0,maintained_weekly,1.0,1.0,1.0,1.0,1,1
B,51003041,9,2008,11,2012,R9KCNT,R11KCNT,1.0,1.0,weekly,weekly,0.0,maintained_weekly,1.0,1.0,1.0,1.0,1,1
B,51055010,9,2008,11,2012,R9KCNT,R11KCNT,1.0,1.0,weekly,weekly,0.0,maintained_weekly,0.0,1.0,1.0,1.0,1,1
B,51075010,9,2008,11,2012,R9KCNT,R11KCNT,1.0,1.0,weekly,weekly,0.0,maintained_weekly,0.0,,1.0,1.0,1,1
B,51184010,9,2008,11,2012,R9KCNT,R11KCNT,1.0,1.0,weekly,weekly,0.0,maintained_weekly,0.0,1.0,1.0,1.0,1,1
B,51184020,9,2008,11,2012,R9KCNT,R11KCNT,1.0,1.0,weekly,weekly,0.0,maintained_weekly,1.0,0.0,1.0,1.0,1,1
B,51270010,9,2008,11,2012,R9KCNT,R11KCNT,1.0,1.0,weekly,weekly,0.0,maintained_weekly,1.0,1.0,1.0,1.0,1,1
B,51306010,9,2008,11,2012,R9KCNT,R11KCNT,1.0,1.0,weekly,weekly,0.0,maintained_weekly,1.0,1.0,1.0,1.0,1,1
B,51318020,9,2008,11,2012,R9KCNT,R11KCNT,1.0,0.0,weekly,less_than_weekly,-1.0,decreased_below_weekly,0.0,0.0,1.0,0.0,1,0
B,51318030,9,2008,11,2012,R9KCNT,R11KCNT,1.0,1.0,weekly,weekly,0.0,maintained_weekly,0.0,0.0,1.0,1.0,1,1
B,51320010,9,2008,11,2012,R9KCNT,R11KCNT,1.0,1.0,weekly,weekly,0.0,maintained_weekly,0.0,0.0,1.0,1.0,1,1
B,51356020,9,2008,11,2012,R9KCNT,R11KCNT,1.0,1.0,weekly,weekly,0.0,maintained_weekly,1.0,1.0,0.0,1.0,1,1
B,51356030,9,2008,11,2012,R9KCNT,R11KCNT,1.0,0.0,weekly,less_than_weekly,-1.0,decreased_below_weekly,1.0,0.0,1.0,0.0,1,0
B,51387020,9,2008,11,2012,R9KCNT,R11KCNT,1.0,1.0,weekly,weekly,0.0,maintained_weekly,0.0,,1.0,1.0,1,1
B,51405010,9,2008,11,2012,R9KCNT,R11KCNT,1.0,1.0,weekly,weekly,0.0,maintained_weekly,1.0,1.0,1.0,1.0,1,1
B,51405020,9,2008,11,2012,R9KCNT,R11KCNT,1.0,1.0,weekly,weekly,0.0,maintained_weekly,1.0,1.0,1.0,1.0,1,1
B,51411010,9,2008,11,2012,R9KCNT,R11KCNT,,1.0,no_children,weekly,,,,0.0,,1.0,.k,1
B,51423010,9,2008,11,2012,R9KCNT,R11KCNT,1.0,0.0,weekly,less_than_weekly,-1.0,decreased_below_weekly,0.0,0.0,1.0,0.0,1,0
B,51456020,9,2008,11,2012,R9KCNT,R11KCNT,1.0,1.0,weekly,weekly,0.0,maintained_weekly,0.0,1.0,1.0,1.0,1,1
B,51467010,9,2008,11,2012,R9KCNT,R11KCNT,1.0,1.0,weekly,weekly,0.0,maintained_weekly,1.0,0.0,1.0,1.0,1,1
B,51470010,9,2008,11,2012,R9KCNT,R11KCNT,1.0,1.0,weekly,weekly,0.0,maintained_weekly,1.0,1.0,1.0,1.0,1,1
B,51478010,9,2008,11,2012,R9KCNT,R11KCNT,1.0,1.0,weekly,weekly,0.0,maintained_weekly,0.0,0.0,1.0,1.0,1,1
B,51489030,9,2008,11,2012,R9KCNT,R11KCNT,1.0,1.0,weekly,weekly,0.0,maintained_weekly,0.0,0.0,1.0,1.0,1,1
B,51506010,9,2008,11,2012,R9KCNT,R11KCNT,,,no_children,no_children,,,,,,,.k,.k
B,51514010,9,2008,11,2012,R9KCNT,R11KCNT,1.0,1.0,weekly,weekly,0.0,maintained_weekly,1.0,1.0,1.0,1.0,1,1
B,51542010,9,2008,11,2012,R9KCNT,R11KCNT,0.0,,less_than_weekly,leave_behind_not_completed_or_ineligible,,,0.0,,0.0,,0,.l
B,51542020,9,2008,11,2012,R9KCNT,R11KCNT,0.0,0.0,less_than_weekly,less_than_weekly,0.0,persistently_below_weekly,0.0,0.0,0.0,0.0,0,0
B,51558010,9,2008,11,2012,R9KCNT,R11KCNT,1.0,1.0,weekly,weekly,0.0,maintained_weekly,1.0,1.0,1.0,1.0,1,1
B,51589010,9,2008,11,2012,R9KCNT,R11KCNT,1.0,1.0,weekly,weekly,0.0,maintained_weekly,1.0,1.0,1.0,1.0,1,1
B,51615040,9,2008,11,2012,R9KCNT,R11KCNT,1.0,1.0,weekly,weekly,0.0,maintained_weekly,0.0,1.0,1.0,1.0,1,1
B,51698010,9,2008,11,2012,R9KCNT,R11KCNT,0.0,1.0,less_than_weekly,weekly,1.0,increased_to_weekly,0.0,1.0,0.0,1.0,0,1
B,51795010,9,2008,11,2012,R9KCNT,R11KCNT,1.0,1.0,weekly,weekly,0.0,maintained_weekly,0.0,1.0,1.0,1.0,1,1
B,51901020,9,2008,11,2012,R9KCNT,R11KCNT,1.0,1.0,weekly,weekly,0.0,maintained_weekly,0.0,1.0,1.0,1.0,1,1
B,51911010,9,2008,11,2012,R9KCNT,R11KCNT,1.0,1.0,weekly,weekly,0.0,maintained_weekly,0.0,0.0,1.0,1.0,1,1
B,51937010,9,2008,11,2012,R9KCNT,R11KCNT,0.0,,less_than_weekly,no_children,,,0.0,,0.0,,0,.k
B,51947020,9,2008,11,2012,R9KCNT,R11KCNT,1.0,0.0,weekly,less_than_weekly,-1.0,decreased_below_weekly,0.0,0.0,1.0,0.0,1,0
B,51961010,9,2008,11,2012,R9KCNT,R11KCNT,1.0,1.0,weekly,weekly,0.0,maintained_weekly,1.0,1.0,1.0,1.0,1,1
B,51975030,9,2008,11,2012,R9KCNT,R11KCNT,1.0,1.0,weekly,weekly,0.0,maintained_weekly,1.0,1.0,1.0,1.0,1,1
B,51982020,9,2008,11,2012,R9KCNT,R11KCNT,1.0,1.0,weekly,weekly,0.0,maintained_weekly,1.0,0.0,1.0,1.0,1,1
B,51983010,9,2008,11,2012,R9KCNT,R11KCNT,1.0,1.0,weekly,weekly,0.0,maintained_weekly,1.0,1.0,1.0,1.0,1,1
B,52001020,9,2008,11,2012,R9KCNT,R11KCNT,1.0,0.0,weekly,less_than_weekly,-1.0,decreased_below_weekly,0.0,0.0,1.0,0.0,1,0
B,52020010,9,2008,11,2012,R9KCNT,R11KCNT,1.0,0.0,weekly,less_than_weekly,-1.0,decreased_below_weekly,0.0,0.0,1.0,0.0,1,0
B,52020020,9,2008,11,2012,R9KCNT,R11KCNT,0.0,0.0,less_than_weekly,less_than_weekly,0.0,persistently_below_weekly,0.0,0.0,0.0,0.0,0,0
B,52103010,9,2008,11,2012,R9KCNT,R11KCNT,0.0,0.0,less_than_weekly,less_than_weekly,0.0,persistently_below_weekly,0.0,0.0,0.0,0.0,0,0
B,52118010,9,2008,11,2012,R9KCNT,R11KCNT,1.0,,weekly,leave_behind_not_completed_or_ineligible,,,1.0,,1.0,,1,.l
B,52138040,9,2008,11,2012,R9KCNT,R11KCNT,0.0,1.0,less_than_weekly,weekly,1.0,increased_to_weekly,0.0,0.0,0.0,1.0,0,1
B,52176020,9,2008,11,2012,R9KCNT,R11KCNT,1.0,1.0,weekly,weekly,0.0,maintained_weekly,1.0,1.0,1.0,1.0,1,1
B,52207020,9,2008,11,2012,R9KCNT,R11KCNT,1.0,1.0,weekly,weekly,0.0,maintained_weekly,0.0,1.0,1.0,1.0,1,1
B,52207030,9,2008,11,2012,R9KCNT,R11KCNT,1.0,1.0,weekly,weekly,0.0,maintained_weekly,0.0,1.0,1.0,1.0,1,1
B,52221010,9,2008,11,2012,R9KCNT,R11KCNT,1.0,1.0,weekly,weekly,0.0,maintained_weekly,1.0,1.0,1.0,1.0,1,1
B,52221020,9,2008,11,2012,R9KCNT,R11KCNT,1.0,1.0,weekly,weekly,0.0,maintained_weekly,1.0,1.0,1.0,1.0,1,1
B,52234010,9,2008,11,2012,R9KCNT,R11KCNT,1.0,1.0,weekly,weekly,0.0,maintained_weekly,0.0,0.0,1.0,1.0,1,1
B,52234020,9,2008,11,2012,R9KCNT,R11KCNT,1.0,1.0,weekly,weekly,0.0,maintained_weekly,0.0,0.0,1.0,1.0,1,1
B,52270020,9,2008,11,2012,R9KCNT,R11KCNT,1.0,1.0,weekly,weekly,0.0,maintained_weekly,1.0,,1.0,1.0,1,1
B,52270030,9,2008,11,2012,R9KCNT,R11KCNT,1.0,1.0,weekly,weekly,0.0,maintained_weekly,1.0,1.0,1.0,1.0,1,1
B,52289010,9,2008,11,2012,R9KCNT,R11KCNT,1.0,1.0,weekly,weekly,0.0,maintained_weekly,1.0,1.0,1.0,1.0,1,1
B,52289020,9,2008,11,2012,R9KCNT,R11KCNT,1.0,1.0,weekly,weekly,0.0,maintained_weekly,1.0,1.0,1.0,1.0,1,1
B,52313040,9,2008,11,2012,R9KCNT,R11KCNT,1.0,1.0,weekly,weekly,0.0,maintained_weekly,1.0,0.0,1.0,1.0,1,1
B,52382020,9,2008,11,2012,R9KCNT,R11KCNT,1.0,1.0,weekly,weekly,0.0,maintained_weekly,1.0,0.0,1.0,1.0,1,1
B,52413020,9,2008,11,2012,R9KCNT,R11KCNT,,1.0,leave_behind_not_completed_or_ineligible,weekly,,,,0.0,,1.0,.l,1
B,52427010,9,2008,11,2012,R9KCNT,R11KCNT,1.0,1.0,weekly,weekly,0.0,maintained_weekly,1.0,1.0,1.0,1.0,1,1
B,52441010,9,2008,11,2012,R9KCNT,R11KCNT,1.0,1.0,weekly,weekly,0.0,maintained_weekly,1.0,1.0,1.0,1.0,1,1
B,52442010,9,2008,11,2012,R9KCNT,R11KCNT,1.0,1.0,weekly,weekly,0.0,maintained_weekly,0.0,0.0,1.0,1.0,1,1
B,52442020,9,2008,11,2012,R9KCNT,R11KCNT,1.0,1.0,weekly,weekly,0.0,maintained_weekly,0.0,0.0,1.0,1.0,1,1
B,52459010,9,2008,11,2012,R9KCNT,R11KCNT,1.0,1.0,weekly,weekly,0.0,maintained_weekly,0.0,0.0,1.0,1.0,1,1
B,52460010,9,2008,11,2012,R9KCNT,R11KCNT,0.0,1.0,less_than_weekly,weekly,1.0,increased_to_weekly,0.0,0.0,0.0,1.0,0,1
B,52460020,9,2008,11,2012,R9KCNT,R11KCNT,0.0,1.0,less_than_weekly,weekly,1.0,increased_to_weekly,0.0,1.0,0.0,1.0,0,1
B,52492010,9,2008,11,2012,R9KCNT,R11KCNT,0.0,1.0,less_than_weekly,weekly,1.0,increased_to_weekly,0.0,0.0,0.0,1.0,0,1
B,52492020,9,2008,11,2012,R9KCNT,R11KCNT,1.0,1.0,weekly,weekly,0.0,maintained_weekly,1.0,0.0,1.0,1.0,1,1
B,52541010,9,2008,11,2012,R9KCNT,R11KCNT,1.0,1.0,weekly,weekly,0.0,maintained_weekly,0.0,0.0,1.0,1.0,1,1
B,52542010,9,2008,11,2012,R9KCNT,R11KCNT,,,no_children,no_children,,,,,,,.k,.k
B,52612010,9,2008,11,2012,R9KCNT,R11KCNT,1.0,1.0,weekly,weekly,0.0,maintained_weekly,0.0,0.0,1.0,1.0,1,1
B,52632041,9,2008,11,2012,R9KCNT,R11KCNT,1.0,1.0,weekly,weekly,0.0,maintained_weekly,1.0,1.0,1.0,1.0,1,1
B,52703010,9,2008,11,2012,R9KCNT,R11KCNT,0.0,0.0,less_than_weekly,less_than_weekly,0.0,persistently_below_weekly,0.0,0.0,0.0,0.0,0,0
B,52703040,9,2008,11,2012,R9KCNT,R11KCNT,0.0,1.0,less_than_weekly,weekly,1.0,increased_to_weekly,0.0,0.0,0.0,1.0,0,1
B,52745030,9,2008,11,2012,R9KCNT,R11KCNT,1.0,1.0,weekly,weekly,0.0,maintained_weekly,0.0,0.0,1.0,1.0,1,1
B,52746010,9,2008,11,2012,R9KCNT,R11KCNT,1.0,1.0,weekly,weekly,0.0,maintained_weekly,1.0,1.0,1.0,1.0,1,1
B,52749010,9,2008,11,2012,R9KCNT,R11KCNT,1.0,1.0,weekly,weekly,0.0,maintained_weekly,0.0,0.0,1.0,1.0,1,1
B,52884020,9,2008,11,2012,R9KCNT,R11KCNT,1.0,1.0,weekly,weekly,0.0,maintained_weekly,1.0,1.0,0.0,1.0,1,1
B,52894010,9,2008,11,2012,R9KCNT,R11KCNT,1.0,1.0,weekly,weekly,0.0,maintained_weekly,1.0,1.0,1.0,1.0,1,1
B,52909010,9,2008,11,2012,R9KCNT,R11KCNT,1.0,1.0,weekly,weekly,0.0,maintained_weekly,0.0,0.0,1.0,1.0,1,1
B,52926010,9,2008,11,2012,R9KCNT,R11KCNT,1.0,1.0,weekly,weekly,0.0,maintained_weekly,1.0,1.0,1.0,1.0,1,1
B,52930020,9,2008,11,2012,R9KCNT,R11KCNT,1.0,1.0,weekly,weekly,0.0,maintained_weekly,1.0,1.0,1.0,1.0,1,1
B,52985020,9,2008,11,2012,R9KCNT,R11KCNT,1.0,1.0,weekly,weekly,0.0,maintained_weekly,1.0,1.0,1.0,1.0,1,1
B,52985030,9,2008,11,2012,R9KCNT,R11KCNT,1.0,1.0,weekly,weekly,0.0,maintained_weekly,1.0,1.0,1.0,1.0,1,1
B,52987010,9,2008,11,2012,R9KCNT,R11KCNT,1.0,1.0,weekly,weekly,0.0,maintained_weekly,0.0,0.0,1.0,1.0,1,1
B,52987020,9,2008,11,2012,R9KCNT,R11KCNT,1.0,0.0,weekly,less_than_weekly,-1.0,decreased_below_weekly,1.0,0.0,1.0,0.0,1,0
B,52996010,9,2008,11,2012,R9KCNT,R11KCNT,1.0,1.0,weekly,weekly,0.0,maintained_weekly,1.0,1.0,1.0,1.0,1,1
B,53071010,9,2008,11,2012,R9KCNT,R11KCNT,0.0,1.0,less_than_weekly,weekly,1.0,increased_to_weekly,0.0,1.0,0.0,1.0,0,1
B,53071020,9,2008,11,2012,R9KCNT,R11KCNT,1.0,1.0,weekly,weekly,0.0,maintained_weekly,1.0,1.0,1.0,1.0,1,1
B,53234010,9,2008,11,2012,R9KCNT,R11KCNT,1.0,1.0,weekly,weekly,0.0,maintained_weekly,1.0,1.0,1.0,1.0,1,1
B,53237010,9,2008,11,2012,R9KCNT,R11KCNT,1.0,1.0,weekly,weekly,0.0,maintained_weekly,0.0,0.0,1.0,1.0,1,1
B,53256010,9,2008,11,2012,R9KCNT,R11KCNT,1.0,1.0,weekly,weekly,0.0,maintained_weekly,1.0,0.0,1.0,1.0,1,1
B,53256011,9,2008,11,2012,R9KCNT,R11KCNT,,1.0,not_interviewed_or_plain_missing,weekly,,,,,,1.0,.,1
B,53301020,9,2008,11,2012,R9KCNT,R11KCNT,1.0,1.0,weekly,weekly,0.0,maintained_weekly,1.0,1.0,1.0,1.0,1,1
B,53320020,9,2008,11,2012,R9KCNT,R11KCNT,,1.0,not_interviewed_or_plain_missing,weekly,,,,1.0,,1.0,.,1
B,53326010,9,2008,11,2012,R9KCNT,R11KCNT,,,no_children,no_children,,,,,,,.k,.k
B,53472020,9,2008,11,2012,R9KCNT,R11KCNT,1.0,1.0,weekly,weekly,0.0,maintained_weekly,0.0,0.0,1.0,1.0,1,1
B,53523010,9,2008,11,2012,R9KCNT,R11KCNT,1.0,1.0,weekly,weekly,0.0,maintained_weekly,1.0,0.0,1.0,1.0,1,1
B,53648010,9,2008,11,2012,R9KCNT,R11KCNT,1.0,1.0,weekly,weekly,0.0,maintained_weekly,1.0,1.0,1.0,1.0,1,1
B,53700010,9,2008,11,2012,R9KCNT,R11KCNT,,,no_children,no_children,,,,,,,.k,.k
B,53730010,9,2008,11,2012,R9KCNT,R11KCNT,1.0,1.0,weekly,weekly,0.0,maintained_weekly,1.0,0.0,1.0,1.0,1,1
B,53730020,9,2008,11,2012,R9KCNT,R11KCNT,1.0,1.0,weekly,weekly,0.0,maintained_weekly,1.0,0.0,1.0,1.0,1,1
B,53824030,9,2008,11,2012,R9KCNT,R11KCNT,,1.0,not_interviewed_or_plain_missing,weekly,,,,0.0,,1.0,.,1
B,53828020,9,2008,11,2012,R9KCNT,R11KCNT,1.0,0.0,weekly,less_than_weekly,-1.0,decreased_below_weekly,0.0,0.0,1.0,0.0,1,0
B,53828030,9,2008,11,2012,R9KCNT,R11KCNT,1.0,1.0,weekly,weekly,0.0,maintained_weekly,1.0,0.0,1.0,1.0,1,1
B,53871010,9,2008,11,2012,R9KCNT,R11KCNT,0.0,1.0,less_than_weekly,weekly,1.0,increased_to_weekly,0.0,0.0,0.0,1.0,0,1
B,53871011,9,2008,11,2012,R9KCNT,R11KCNT,1.0,1.0,weekly,weekly,0.0,maintained_weekly,0.0,0.0,1.0,1.0,1,1
B,53871020,9,2008,11,2012,R9KCNT,R11KCNT,1.0,1.0,weekly,weekly,0.0,maintained_weekly,0.0,0.0,1.0,1.0,1,1
B,53871021,9,2008,11,2012,R9KCNT,R11KCNT,1.0,1.0,weekly,weekly,0.0,maintained_weekly,0.0,0.0,1.0,1.0,1,1
B,53874010,9,2008,11,2012,R9KCNT,R11KCNT,1.0,1.0,weekly,weekly,0.0,maintained_weekly,0.0,0.0,1.0,1.0,1,1
B,53876040,9,2008,11,2012,R9KCNT,R11KCNT,1.0,1.0,weekly,weekly,0.0,maintained_weekly,1.0,0.0,1.0,1.0,1,1
B,53881010,9,2008,11,2012,R9KCNT,R11KCNT,1.0,1.0,weekly,weekly,0.0,maintained_weekly,0.0,0.0,1.0,1.0,1,1
B,53892010,9,2008,11,2012,R9KCNT,R11KCNT,0.0,0.0,less_than_weekly,less_than_weekly,0.0,persistently_below_weekly,0.0,0.0,0.0,0.0,0,0
B,53901020,9,2008,11,2012,R9KCNT,R11KCNT,1.0,0.0,weekly,less_than_weekly,-1.0,decreased_below_weekly,0.0,0.0,1.0,0.0,1,0
B,53901030,9,2008,11,2012,R9KCNT,R11KCNT,,1.0,no_children,weekly,,,,0.0,,1.0,.k,1
B,53926010,9,2008,11,2012,R9KCNT,R11KCNT,1.0,0.0,weekly,less_than_weekly,-1.0,decreased_below_weekly,0.0,0.0,1.0,0.0,1,0
B,53940010,9,2008,11,2012,R9KCNT,R11KCNT,,,no_children,no_children,,,,,,,.k,.k
B,54000010,9,2008,11,2012,R9KCNT,R11KCNT,1.0,0.0,weekly,less_than_weekly,-1.0,decreased_below_weekly,0.0,0.0,1.0,0.0,1,0
B,54113010,9,2008,11,2012,R9KCNT,R11KCNT,0.0,1.0,less_than_weekly,weekly,1.0,increased_to_weekly,0.0,,0.0,1.0,0,1
B,54114020,9,2008,11,2012,R9KCNT,R11KCNT,0.0,1.0,less_than_weekly,weekly,1.0,increased_to_weekly,0.0,0.0,0.0,1.0,0,1
B,54154020,9,2008,11,2012,R9KCNT,R11KCNT,1.0,1.0,weekly,weekly,0.0,maintained_weekly,1.0,1.0,1.0,1.0,1,1
B,54271010,9,2008,11,2012,R9KCNT,R11KCNT,1.0,1.0,weekly,weekly,0.0,maintained_weekly,1.0,1.0,1.0,1.0,1,1
B,54271020,9,2008,11,2012,R9KCNT,R11KCNT,1.0,1.0,weekly,weekly,0.0,maintained_weekly,0.0,1.0,1.0,1.0,1,1
B,54289020,9,2008,11,2012,R9KCNT,R11KCNT,1.0,0.0,weekly,less_than_weekly,-1.0,decreased_below_weekly,0.0,0.0,1.0,0.0,1,0
B,54289030,9,2008,11,2012,R9KCNT,R11KCNT,1.0,1.0,weekly,weekly,0.0,maintained_weekly,0.0,0.0,1.0,1.0,1,1
B,54298010,9,2008,11,2012,R9KCNT,R11KCNT,1.0,0.0,weekly,less_than_weekly,-1.0,decreased_below_weekly,0.0,0.0,1.0,0.0,1,0
B,54317020,9,2008,11,2012,R9KCNT,R11KCNT,,,no_children,no_children,,,,,,,.k,.k
B,54362010,9,2008,11,2012,R9KCNT,R11KCNT,0.0,1.0,less_than_weekly,weekly,1.0,increased_to_weekly,0.0,0.0,0.0,1.0,0,1
B,54384010,9,2008,11,2012,R9KCNT,R11KCNT,1.0,0.0,weekly,less_than_weekly,-1.0,decreased_below_weekly,0.0,0.0,1.0,0.0,1,0
B,54384040,9,2008,11,2012,R9KCNT,R11KCNT,0.0,1.0,less_than_weekly,weekly,1.0,increased_to_weekly,0.0,0.0,0.0,1.0,0,1
B,54387010,9,2008,11,2012,R9KCNT,R11KCNT,1.0,1.0,weekly,weekly,0.0,maintained_weekly,0.0,0.0,1.0,1.0,1,1
B,54387020,9,2008,11,2012,R9KCNT,R11KCNT,0.0,0.0,less_than_weekly,less_than_weekly,0.0,persistently_below_weekly,0.0,0.0,0.0,0.0,0,0
B,54395010,9,2008,11,2012,R9KCNT,R11KCNT,1.0,1.0,weekly,weekly,0.0,maintained_weekly,0.0,0.0,1.0,1.0,1,1
B,54406010,9,2008,11,2012,R9KCNT,R11KCNT,1.0,1.0,weekly,weekly,0.0,maintained_weekly,1.0,1.0,1.0,1.0,1,1
B,54542020,9,2008,11,2012,R9KCNT,R11KCNT,0.0,,less_than_weekly,missing_response,,,0.0,,0.0,,0,.m
B,54580010,9,2008,11,2012,R9KCNT,R11KCNT,0.0,0.0,less_than_weekly,less_than_weekly,0.0,persistently_below_weekly,0.0,0.0,0.0,0.0,0,0
B,54594010,9,2008,11,2012,R9KCNT,R11KCNT,1.0,1.0,weekly,weekly,0.0,maintained_weekly,1.0,1.0,1.0,1.0,1,1
B,54594020,9,2008,11,2012,R9KCNT,R11KCNT,1.0,1.0,weekly,weekly,0.0,maintained_weekly,0.0,0.0,1.0,1.0,1,1
B,54597010,9,2008,11,2012,R9KCNT,R11KCNT,,1.0,leave_behind_not_completed_or_ineligible,weekly,,,,0.0,,1.0,.l,1
B,54602010,9,2008,11,2012,R9KCNT,R11KCNT,1.0,1.0,weekly,weekly,0.0,maintained_weekly,1.0,1.0,1.0,1.0,1,1
B,54641010,9,2008,11,2012,R9KCNT,R11KCNT,0.0,0.0,less_than_weekly,less_than_weekly,0.0,persistently_below_weekly,0.0,0.0,0.0,0.0,0,0
B,54641020,9,2008,11,2012,R9KCNT,R11KCNT,0.0,0.0,less_than_weekly,less_than_weekly,0.0,persistently_below_weekly,0.0,0.0,0.0,0.0,0,0
B,54650010,9,2008,11,2012,R9KCNT,R11KCNT,1.0,1.0,weekly,weekly,0.0,maintained_weekly,0.0,1.0,1.0,1.0,1,1
B,54673010,9,2008,11,2012,R9KCNT,R11KCNT,1.0,1.0,weekly,weekly,0.0,maintained_weekly,1.0,1.0,1.0,,1,1
B,54673011,9,2008,11,2012,R9KCNT,R11KCNT,1.0,1.0,weekly,weekly,0.0,maintained_weekly,1.0,1.0,1.0,1.0,1,1
B,54769010,9,2008,11,2012,R9KCNT,R11KCNT,0.0,1.0,less_than_weekly,weekly,1.0,increased_to_weekly,0.0,0.0,0.0,1.0,0,1
B,54769040,9,2008,11,2012,R9KCNT,R11KCNT,0.0,1.0,less_than_weekly,weekly,1.0,increased_to_weekly,0.0,0.0,0.0,1.0,0,1
B,54772010,9,2008,11,2012,R9KCNT,R11KCNT,0.0,,less_than_weekly,no_children,,,0.0,,0.0,,0,.k
B,54772020,9,2008,11,2012,R9KCNT,R11KCNT,1.0,,weekly,no_children,,,0.0,,1.0,,1,.k
B,54795010,9,2008,11,2012,R9KCNT,R11KCNT,1.0,1.0,weekly,weekly,0.0,maintained_weekly,,0.0,1.0,1.0,1,1
B,54796010,9,2008,11,2012,R9KCNT,R11KCNT,1.0,1.0,weekly,weekly,0.0,maintained_weekly,0.0,0.0,1.0,1.0,1,1
B,54831010,9,2008,11,2012,R9KCNT,R11KCNT,1.0,1.0,weekly,weekly,0.0,maintained_weekly,0.0,0.0,1.0,1.0,1,1
B,54831020,9,2008,11,2012,R9KCNT,R11KCNT,1.0,1.0,weekly,weekly,0.0,maintained_weekly,0.0,0.0,1.0,1.0,1,1
B,55012030,9,2008,11,2012,R9KCNT,R11KCNT,0.0,0.0,less_than_weekly,less_than_weekly,0.0,persistently_below_weekly,0.0,0.0,0.0,0.0,0,0
B,55045010,9,2008,11,2012,R9KCNT,R11KCNT,1.0,1.0,weekly,weekly,0.0,maintained_weekly,1.0,1.0,1.0,1.0,1,1
B,55088020,9,2008,11,2012,R9KCNT,R11KCNT,1.0,1.0,weekly,weekly,0.0,maintained_weekly,1.0,1.0,1.0,1.0,1,1
B,55096020,9,2008,11,2012,R9KCNT,R11KCNT,1.0,1.0,weekly,weekly,0.0,maintained_weekly,0.0,0.0,1.0,1.0,1,1
B,55120011,9,2008,11,2012,R9KCNT,R11KCNT,0.0,1.0,less_than_weekly,weekly,1.0,increased_to_weekly,0.0,0.0,0.0,1.0,0,1
B,55151010,9,2008,11,2012,R9KCNT,R11KCNT,1.0,1.0,weekly,weekly,0.0,maintained_weekly,0.0,0.0,1.0,1.0,1,1
B,55151020,9,2008,11,2012,R9KCNT,R11KCNT,1.0,1.0,weekly,weekly,0.0,maintained_weekly,0.0,0.0,1.0,1.0,1,1
B,55185010,9,2008,11,2012,R9KCNT,R11KCNT,0.0,0.0,less_than_weekly,less_than_weekly,0.0,persistently_below_weekly,0.0,0.0,0.0,0.0,0,0
B,55212010,9,2008,11,2012,R9KCNT,R11KCNT,0.0,1.0,less_than_weekly,weekly,1.0,increased_to_weekly,0.0,0.0,0.0,1.0,0,1
B,55212040,9,2008,11,2012,R9KCNT,R11KCNT,1.0,1.0,weekly,weekly,0.0,maintained_weekly,0.0,0.0,1.0,1.0,1,1
B,55250010,9,2008,11,2012,R9KCNT,R11KCNT,0.0,0.0,less_than_weekly,less_than_weekly,0.0,persistently_below_weekly,0.0,0.0,0.0,0.0,0,0
B,55292010,9,2008,11,2012,R9KCNT,R11KCNT,1.0,0.0,weekly,less_than_weekly,-1.0,decreased_below_weekly,1.0,0.0,1.0,0.0,1,0
B,55369010,9,2008,11,2012,R9KCNT,R11KCNT,,,leave_behind_not_completed_or_ineligible,no_children,,,,,,,.l,.k
B,55394010,9,2008,11,2012,R9KCNT,R11KCNT,1.0,0.0,weekly,less_than_weekly,-1.0,decreased_below_weekly,0.0,0.0,1.0,0.0,1,0
B,55394020,9,2008,11,2012,R9KCNT,R11KCNT,1.0,1.0,weekly,weekly,0.0,maintained_weekly,0.0,0.0,1.0,1.0,1,1
B,55574020,9,2008,11,2012,R9KCNT,R11KCNT,1.0,1.0,weekly,weekly,0.0,maintained_weekly,1.0,1.0,1.0,1.0,1,1
B,55607010,9,2008,11,2012,R9KCNT,R11KCNT,,,no_children,no_children,,,,,,,.k,.k
B,55630030,9,2008,11,2012,R9KCNT,R11KCNT,1.0,1.0,weekly,weekly,0.0,maintained_weekly,1.0,0.0,1.0,1.0,1,1
B,55654010,9,2008,11,2012,R9KCNT,R11KCNT,1.0,1.0,weekly,weekly,0.0,maintained_weekly,1.0,1.0,1.0,1.0,1,1
B,55654020,9,2008,11,2012,R9KCNT,R11KCNT,1.0,1.0,weekly,weekly,0.0,maintained_weekly,0.0,1.0,1.0,1.0,1,1
B,55737040,9,2008,11,2012,R9KCNT,R11KCNT,0.0,1.0,less_than_weekly,weekly,1.0,increased_to_weekly,0.0,0.0,0.0,1.0,0,1
B,55884010,9,2008,11,2012,R9KCNT,R11KCNT,1.0,1.0,weekly,weekly,0.0,maintained_weekly,1.0,1.0,1.0,1.0,1,1
B,56038020,9,2008,11,2012,R9KCNT,R11KCNT,1.0,1.0,weekly,weekly,0.0,maintained_weekly,0.0,0.0,1.0,1.0,1,1
B,56041010,9,2008,11,2012,R9KCNT,R11KCNT,1.0,1.0,weekly,weekly,0.0,maintained_weekly,0.0,0.0,1.0,1.0,1,1
B,56076010,9,2008,11,2012,R9KCNT,R11KCNT,1.0,1.0,weekly,weekly,0.0,maintained_weekly,0.0,1.0,1.0,1.0,1,1
B,56082010,9,2008,11,2012,R9KCNT,R11KCNT,1.0,1.0,weekly,weekly,0.0,maintained_weekly,1.0,1.0,1.0,1.0,1,1
B,56087020,9,2008,11,2012,R9KCNT,R11KCNT,1.0,1.0,weekly,weekly,0.0,maintained_weekly,0.0,0.0,1.0,1.0,1,1
B,56089010,9,2008,11,2012,R9KCNT,R11KCNT,0.0,1.0,less_than_weekly,weekly,1.0,increased_to_weekly,0.0,0.0,0.0,1.0,0,1
B,56092010,9,2008,11,2012,R9KCNT,R11KCNT,1.0,1.0,weekly,weekly,0.0,maintained_weekly,0.0,0.0,1.0,1.0,1,1
B,56132010,9,2008,11,2012,R9KCNT,R11KCNT,0.0,1.0,less_than_weekly,weekly,1.0,increased_to_weekly,0.0,0.0,0.0,1.0,0,1
B,56132020,9,2008,11,2012,R9KCNT,R11KCNT,1.0,1.0,weekly,weekly,0.0,maintained_weekly,0.0,0.0,1.0,1.0,1,1
B,56134010,9,2008,11,2012,R9KCNT,R11KCNT,1.0,0.0,weekly,less_than_weekly,-1.0,decreased_below_weekly,1.0,0.0,1.0,0.0,1,0
B,56138010,9,2008,11,2012,R9KCNT,R11KCNT,1.0,1.0,weekly,weekly,0.0,maintained_weekly,1.0,1.0,1.0,1.0,1,1
B,56140020,9,2008,11,2012,R9KCNT,R11KCNT,1.0,1.0,weekly,weekly,0.0,maintained_weekly,0.0,1.0,1.0,1.0,1,1
B,56182020,9,2008,11,2012,R9KCNT,R11KCNT,,1.0,no_children,weekly,,,,1.0,,1.0,.k,1
B,56274010,9,2008,11,2012,R9KCNT,R11KCNT,1.0,,weekly,not_interviewed_or_plain_missing,,,0.0,,1.0,,1,.
B,56298010,9,2008,11,2012,R9KCNT,R11KCNT,1.0,1.0,weekly,weekly,0.0,maintained_weekly,0.0,1.0,1.0,1.0,1,1
B,56298020,9,2008,11,2012,R9KCNT,R11KCNT,1.0,1.0,weekly,weekly,0.0,maintained_weekly,0.0,1.0,1.0,1.0,1,1
B,56318010,9,2008,11,2012,R9KCNT,R11KCNT,1.0,0.0,weekly,less_than_weekly,-1.0,decreased_below_weekly,1.0,0.0,0.0,0.0,1,0
B,56461040,9,2008,11,2012,R9KCNT,R11KCNT,1.0,1.0,weekly,weekly,0.0,maintained_weekly,1.0,1.0,1.0,1.0,1,1
B,56469010,9,2008,11,2012,R9KCNT,R11KCNT,1.0,,weekly,no_children,,,1.0,,1.0,,1,.k
B,56560010,9,2008,11,2012,R9KCNT,R11KCNT,1.0,1.0,weekly,weekly,0.0,maintained_weekly,0.0,0.0,1.0,1.0,1,1
B,56564020,9,2008,11,2012,R9KCNT,R11KCNT,1.0,1.0,weekly,weekly,0.0,maintained_weekly,0.0,,1.0,1.0,1,1
B,56567010,9,2008,11,2012,R9KCNT,R11KCNT,1.0,1.0,weekly,weekly,0.0,maintained_weekly,1.0,1.0,1.0,1.0,1,1
B,56567020,9,2008,11,2012,R9KCNT,R11KCNT,1.0,1.0,weekly,weekly,0.0,maintained_weekly,1.0,0.0,1.0,1.0,1,1
B,56610010,9,2008,11,2012,R9KCNT,R11KCNT,1.0,0.0,weekly,less_than_weekly,-1.0,decreased_below_weekly,,0.0,1.0,0.0,1,0
B,56703010,9,2008,11,2012,R9KCNT,R11KCNT,0.0,0.0,less_than_weekly,less_than_weekly,0.0,persistently_below_weekly,0.0,0.0,0.0,0.0,0,0
B,56714020,9,2008,11,2012,R9KCNT,R11KCNT,1.0,1.0,weekly,weekly,0.0,maintained_weekly,0.0,0.0,1.0,1.0,1,1
B,56721010,9,2008,11,2012,R9KCNT,R11KCNT,0.0,0.0,less_than_weekly,less_than_weekly,0.0,persistently_below_weekly,0.0,0.0,0.0,0.0,0,0
B,56853010,9,2008,11,2012,R9KCNT,R11KCNT,1.0,1.0,weekly,weekly,0.0,maintained_weekly,0.0,0.0,1.0,1.0,1,1
B,56955010,9,2008,11,2012,R9KCNT,R11KCNT,1.0,,weekly,missing_response,,,0.0,,1.0,,1,.m
B,56966010,9,2008,11,2012,R9KCNT,R11KCNT,,1.0,no_children,weekly,,,,0.0,,1.0,.k,1
B,56966040,9,2008,11,2012,R9KCNT,R11KCNT,1.0,1.0,weekly,weekly,0.0,maintained_weekly,0.0,0.0,1.0,1.0,1,1
B,57092010,9,2008,11,2012,R9KCNT,R11KCNT,1.0,1.0,weekly,weekly,0.0,maintained_weekly,0.0,0.0,1.0,1.0,1,1
B,57099010,9,2008,11,2012,R9KCNT,R11KCNT,1.0,1.0,weekly,weekly,0.0,maintained_weekly,0.0,1.0,1.0,1.0,1,1
B,57099011,9,2008,11,2012,R9KCNT,R11KCNT,1.0,1.0,weekly,weekly,0.0,maintained_weekly,0.0,1.0,1.0,1.0,1,1
B,57226010,9,2008,11,2012,R9KCNT,R11KCNT,,,no_children,leave_behind_not_completed_or_ineligible,,,,,,,.k,.l
B,57226011,9,2008,11,2012,R9KCNT,R11KCNT,,,no_children,no_children,,,,,,,.k,.k
B,57244020,9,2008,11,2012,R9KCNT,R11KCNT,1.0,1.0,weekly,weekly,0.0,maintained_weekly,1.0,1.0,1.0,1.0,1,1
B,57253010,9,2008,11,2012,R9KCNT,R11KCNT,,,no_children,no_children,,,,,,,.k,.k
B,57253020,9,2008,11,2012,R9KCNT,R11KCNT,,,no_children,no_children,,,,,,,.k,.k
B,57306020,9,2008,11,2012,R9KCNT,R11KCNT,1.0,1.0,weekly,weekly,0.0,maintained_weekly,1.0,1.0,1.0,1.0,1,1
B,57306030,9,2008,11,2012,R9KCNT,R11KCNT,1.0,1.0,weekly,weekly,0.0,maintained_weekly,1.0,1.0,1.0,1.0,1,1
B,57339010,9,2008,11,2012,R9KCNT,R11KCNT,1.0,1.0,weekly,weekly,0.0,maintained_weekly,1.0,1.0,1.0,1.0,1,1
B,57341010,9,2008,11,2012,R9KCNT,R11KCNT,,1.0,leave_behind_not_completed_or_ineligible,weekly,,,,0.0,,1.0,.l,1
B,57364040,9,2008,11,2012,R9KCNT,R11KCNT,1.0,1.0,weekly,weekly,0.0,maintained_weekly,1.0,0.0,1.0,1.0,1,1
B,57376010,9,2008,11,2012,R9KCNT,R11KCNT,1.0,1.0,weekly,weekly,0.0,maintained_weekly,1.0,1.0,1.0,1.0,1,1
B,57388010,9,2008,11,2012,R9KCNT,R11KCNT,1.0,1.0,weekly,weekly,0.0,maintained_weekly,0.0,0.0,1.0,1.0,1,1
B,57461021,9,2008,11,2012,R9KCNT,R11KCNT,1.0,1.0,weekly,weekly,0.0,maintained_weekly,0.0,1.0,1.0,1.0,1,1
B,57499010,9,2008,11,2012,R9KCNT,R11KCNT,,,no_children,leave_behind_not_completed_or_ineligible,,,,,,,.k,.l
B,57541010,9,2008,11,2012,R9KCNT,R11KCNT,1.0,0.0,weekly,less_than_weekly,-1.0,decreased_below_weekly,0.0,0.0,1.0,0.0,1,0
B,57544020,9,2008,11,2012,R9KCNT,R11KCNT,,0.0,missing_response,less_than_weekly,,,,0.0,,0.0,.m,0
B,57624010,9,2008,11,2012,R9KCNT,R11KCNT,1.0,1.0,weekly,weekly,0.0,maintained_weekly,0.0,0.0,1.0,1.0,1,1
B,57627010,9,2008,11,2012,R9KCNT,R11KCNT,1.0,1.0,weekly,weekly,0.0,maintained_weekly,1.0,1.0,1.0,1.0,1,1
B,57627020,9,2008,11,2012,R9KCNT,R11KCNT,1.0,1.0,weekly,weekly,0.0,maintained_weekly,1.0,1.0,1.0,1.0,1,1
B,57630010,9,2008,11,2012,R9KCNT,R11KCNT,,0.0,no_children,less_than_weekly,,,,0.0,,0.0,.k,0
B,57639010,9,2008,11,2012,R9KCNT,R11KCNT,1.0,1.0,weekly,weekly,0.0,maintained_weekly,1.0,1.0,1.0,,1,1
B,57717010,9,2008,11,2012,R9KCNT,R11KCNT,1.0,1.0,weekly,weekly,0.0,maintained_weekly,1.0,1.0,1.0,1.0,1,1
B,57721030,9,2008,11,2012,R9KCNT,R11KCNT,,1.0,not_interviewed_or_plain_missing,weekly,,,,1.0,,1.0,.,1
B,57792010,9,2008,11,2012,R9KCNT,R11KCNT,1.0,1.0,weekly,weekly,0.0,maintained_weekly,0.0,1.0,1.0,1.0,1,1
B,57915010,9,2008,11,2012,R9KCNT,R11KCNT,,,no_children,no_children,,,,,,,.k,.k
B,57921010,9,2008,11,2012,R9KCNT,R11KCNT,1.0,1.0,weekly,weekly,0.0,maintained_weekly,0.0,0.0,1.0,1.0,1,1
B,57941010,9,2008,11,2012,R9KCNT,R11KCNT,1.0,1.0,weekly,weekly,0.0,maintained_weekly,0.0,0.0,1.0,1.0,1,1
B,57946010,9,2008,11,2012,R9KCNT,R11KCNT,,1.0,not_interviewed_or_plain_missing,weekly,,,,0.0,,1.0,.,1
B,57946011,9,2008,11,2012,R9KCNT,R11KCNT,,1.0,not_interviewed_or_plain_missing,weekly,,,,1.0,,1.0,.,1
B,57960010,9,2008,11,2012,R9KCNT,R11KCNT,,1.0,no_children,weekly,,,,0.0,,1.0,.k,1
B,58024020,9,2008,11,2012,R9KCNT,R11KCNT,1.0,1.0,weekly,weekly,0.0,maintained_weekly,0.0,0.0,1.0,1.0,1,1
B,58093010,9,2008,11,2012,R9KCNT,R11KCNT,1.0,,weekly,leave_behind_not_completed_or_ineligible,,,0.0,,1.0,,1,.l
B,58105020,9,2008,11,2012,R9KCNT,R11KCNT,1.0,1.0,weekly,weekly,0.0,maintained_weekly,1.0,1.0,1.0,1.0,1,1
B,58122010,9,2008,11,2012,R9KCNT,R11KCNT,1.0,1.0,weekly,weekly,0.0,maintained_weekly,0.0,0.0,1.0,1.0,1,1
B,58122020,9,2008,11,2012,R9KCNT,R11KCNT,1.0,1.0,weekly,weekly,0.0,maintained_weekly,0.0,0.0,1.0,1.0,1,1
B,58125010,9,2008,11,2012,R9KCNT,R11KCNT,1.0,1.0,weekly,weekly,0.0,maintained_weekly,0.0,0.0,1.0,1.0,1,1
B,58125020,9,2008,11,2012,R9KCNT,R11KCNT,1.0,1.0,weekly,weekly,0.0,maintained_weekly,0.0,0.0,1.0,1.0,1,1
B,58392010,9,2008,11,2012,R9KCNT,R11KCNT,1.0,1.0,weekly,weekly,0.0,maintained_weekly,1.0,1.0,1.0,1.0,1,1
B,58459010,9,2008,11,2012,R9KCNT,R11KCNT,1.0,1.0,weekly,weekly,0.0,maintained_weekly,1.0,1.0,1.0,1.0,1,1
B,58466010,9,2008,11,2012,R9KCNT,R11KCNT,,0.0,no_children,less_than_weekly,,,,0.0,,0.0,.k,0
B,58486010,9,2008,11,2012,R9KCNT,R11KCNT,1.0,1.0,weekly,weekly,0.0,maintained_weekly,0.0,0.0,1.0,1.0,1,1
B,58501010,9,2008,11,2012,R9KCNT,R11KCNT,1.0,1.0,weekly,weekly,0.0,maintained_weekly,1.0,1.0,1.0,1.0,1,1
B,58508010,9,2008,11,2012,R9KCNT,R11KCNT,0.0,0.0,less_than_weekly,less_than_weekly,0.0,persistently_below_weekly,0.0,0.0,0.0,0.0,0,0
B,58508020,9,2008,11,2012,R9KCNT,R11KCNT,0.0,0.0,less_than_weekly,less_than_weekly,0.0,persistently_below_weekly,0.0,0.0,0.0,0.0,0,0
B,58589020,9,2008,11,2012,R9KCNT,R11KCNT,0.0,1.0,less_than_weekly,weekly,1.0,increased_to_weekly,0.0,1.0,0.0,1.0,0,1
B,58605010,9,2008,11,2012,R9KCNT,R11KCNT,1.0,1.0,weekly,weekly,0.0,maintained_weekly,1.0,,1.0,1.0,1,1
B,58608010,9,2008,11,2012,R9KCNT,R11KCNT,1.0,0.0,weekly,less_than_weekly,-1.0,decreased_below_weekly,0.0,0.0,1.0,0.0,1,0
B,58640030,9,2008,11,2012,R9KCNT,R11KCNT,1.0,,weekly,not_interviewed_or_plain_missing,,,0.0,,1.0,,1,.
B,58648010,9,2008,11,2012,R9KCNT,R11KCNT,1.0,1.0,weekly,weekly,0.0,maintained_weekly,1.0,0.0,1.0,1.0,1,1
B,58804010,9,2008,11,2012,R9KCNT,R11KCNT,1.0,1.0,weekly,weekly,0.0,maintained_weekly,1.0,1.0,1.0,1.0,1,1
B,58804020,9,2008,11,2012,R9KCNT,R11KCNT,1.0,,weekly,missing_response,,,1.0,,0.0,,1,.m
B,58895020,9,2008,11,2012,R9KCNT,R11KCNT,1.0,1.0,weekly,weekly,0.0,maintained_weekly,0.0,0.0,1.0,1.0,1,1
B,58900010,9,2008,11,2012,R9KCNT,R11KCNT,1.0,1.0,weekly,weekly,0.0,maintained_weekly,,0.0,1.0,1.0,1,1
B,58974010,9,2008,11,2012,R9KCNT,R11KCNT,1.0,1.0,weekly,weekly,0.0,maintained_weekly,0.0,0.0,1.0,1.0,1,1
B,58974020,9,2008,11,2012,R9KCNT,R11KCNT,1.0,1.0,weekly,weekly,0.0,maintained_weekly,0.0,0.0,1.0,1.0,1,1
B,58979010,9,2008,11,2012,R9KCNT,R11KCNT,1.0,1.0,weekly,weekly,0.0,maintained_weekly,1.0,1.0,1.0,1.0,1,1
B,59024010,9,2008,11,2012,R9KCNT,R11KCNT,1.0,1.0,weekly,weekly,0.0,maintained_weekly,0.0,0.0,1.0,1.0,1,1
B,59024041,9,2008,11,2012,R9KCNT,R11KCNT,,1.0,not_interviewed_or_plain_missing,weekly,,,,0.0,,1.0,.,1
B,59035010,9,2008,11,2012,R9KCNT,R11KCNT,1.0,1.0,weekly,weekly,0.0,maintained_weekly,1.0,0.0,1.0,1.0,1,1
B,59063010,9,2008,11,2012,R9KCNT,R11KCNT,1.0,1.0,weekly,weekly,0.0,maintained_weekly,0.0,1.0,1.0,1.0,1,1
B,59072010,9,2008,11,2012,R9KCNT,R11KCNT,1.0,1.0,weekly,weekly,0.0,maintained_weekly,0.0,0.0,1.0,1.0,1,1
B,59179010,9,2008,11,2012,R9KCNT,R11KCNT,1.0,,weekly,leave_behind_not_completed_or_ineligible,,,1.0,,1.0,,1,.l
B,59278010,9,2008,11,2012,R9KCNT,R11KCNT,1.0,,weekly,leave_behind_not_completed_or_ineligible,,,1.0,,1.0,,1,.l
B,59279010,9,2008,11,2012,R9KCNT,R11KCNT,1.0,1.0,weekly,weekly,0.0,maintained_weekly,0.0,0.0,1.0,1.0,1,1
B,59331010,9,2008,11,2012,R9KCNT,R11KCNT,,0.0,not_interviewed_or_plain_missing,less_than_weekly,,,,,,0.0,.,0
B,59355011,9,2008,11,2012,R9KCNT,R11KCNT,1.0,1.0,weekly,weekly,0.0,maintained_weekly,1.0,1.0,1.0,1.0,1,1
B,59359010,9,2008,11,2012,R9KCNT,R11KCNT,,1.0,leave_behind_not_completed_or_ineligible,weekly,,,,0.0,,1.0,.l,1
B,59359040,9,2008,11,2012,R9KCNT,R11KCNT,1.0,1.0,weekly,weekly,0.0,maintained_weekly,1.0,1.0,1.0,1.0,1,1
B,59368010,9,2008,11,2012,R9KCNT,R11KCNT,1.0,1.0,weekly,weekly,0.0,maintained_weekly,1.0,1.0,1.0,1.0,1,1
B,59403010,9,2008,11,2012,R9KCNT,R11KCNT,1.0,1.0,weekly,weekly,0.0,maintained_weekly,0.0,0.0,1.0,1.0,1,1
B,59574011,9,2008,11,2012,R9KCNT,R11KCNT,,1.0,not_interviewed_or_plain_missing,weekly,,,,0.0,,1.0,.,1
B,59580040,9,2008,11,2012,R9KCNT,R11KCNT,1.0,1.0,weekly,weekly,0.0,maintained_weekly,1.0,0.0,1.0,1.0,1,1
B,59605010,9,2008,11,2012,R9KCNT,R11KCNT,,1.0,leave_behind_not_completed_or_ineligible,weekly,,,,1.0,,1.0,.l,1
B,59779010,9,2008,11,2012,R9KCNT,R11KCNT,1.0,1.0,weekly,weekly,0.0,maintained_weekly,1.0,1.0,1.0,1.0,1,1
B,59891020,9,2008,11,2012,R9KCNT,R11KCNT,1.0,,weekly,no_children,,,0.0,,1.0,,1,.k
B,59897010,9,2008,11,2012,R9KCNT,R11KCNT,1.0,1.0,weekly,weekly,0.0,maintained_weekly,1.0,1.0,1.0,1.0,1,1
B,59897020,9,2008,11,2012,R9KCNT,R11KCNT,1.0,1.0,weekly,weekly,0.0,maintained_weekly,1.0,1.0,1.0,1.0,1,1
B,59930010,9,2008,11,2012,R9KCNT,R11KCNT,1.0,1.0,weekly,weekly,0.0,maintained_weekly,1.0,0.0,1.0,1.0,1,1
B,59954010,9,2008,11,2012,R9KCNT,R11KCNT,0.0,0.0,less_than_weekly,less_than_weekly,0.0,persistently_below_weekly,0.0,0.0,0.0,0.0,0,0
B,59954040,9,2008,11,2012,R9KCNT,R11KCNT,,,no_children,no_children,,,,,,,.k,.k
B,59955010,9,2008,11,2012,R9KCNT,R11KCNT,1.0,1.0,weekly,weekly,0.0,maintained_weekly,1.0,,1.0,1.0,1,1
B,59955020,9,2008,11,2012,R9KCNT,R11KCNT,1.0,1.0,weekly,weekly,0.0,maintained_weekly,1.0,,1.0,1.0,1,1
B,59961010,9,2008,11,2012,R9KCNT,R11KCNT,1.0,1.0,weekly,weekly,0.0,maintained_weekly,1.0,1.0,1.0,1.0,1,1
B,59961020,9,2008,11,2012,R9KCNT,R11KCNT,1.0,1.0,weekly,weekly,0.0,maintained_weekly,1.0,1.0,1.0,1.0,1,1
B,59966020,9,2008,11,2012,R9KCNT,R11KCNT,1.0,1.0,weekly,weekly,0.0,maintained_weekly,1.0,1.0,1.0,1.0,1,1
B,60027010,9,2008,11,2012,R9KCNT,R11KCNT,1.0,1.0,weekly,weekly,0.0,maintained_weekly,0.0,1.0,1.0,1.0,1,1
B,60072010,9,2008,11,2012,R9KCNT,R11KCNT,0.0,1.0,less_than_weekly,weekly,1.0,increased_to_weekly,,,0.0,1.0,0,1
B,60077010,9,2008,11,2012,R9KCNT,R11KCNT,1.0,1.0,weekly,weekly,0.0,maintained_weekly,0.0,1.0,1.0,1.0,1,1
B,60077020,9,2008,11,2012,R9KCNT,R11KCNT,1.0,1.0,weekly,weekly,0.0,maintained_weekly,1.0,1.0,1.0,1.0,1,1
B,60082010,9,2008,11,2012,R9KCNT,R11KCNT,1.0,1.0,weekly,weekly,0.0,maintained_weekly,0.0,0.0,1.0,1.0,1,1
B,60112010,9,2008,11,2012,R9KCNT,R11KCNT,1.0,1.0,weekly,weekly,0.0,maintained_weekly,1.0,0.0,1.0,1.0,1,1
B,60141020,9,2008,11,2012,R9KCNT,R11KCNT,1.0,1.0,weekly,weekly,0.0,maintained_weekly,1.0,1.0,1.0,1.0,1,1
B,60214010,9,2008,11,2012,R9KCNT,R11KCNT,0.0,,less_than_weekly,no_children,,,0.0,,0.0,,0,.k
B,60278020,9,2008,11,2012,R9KCNT,R11KCNT,1.0,1.0,weekly,weekly,0.0,maintained_weekly,1.0,1.0,1.0,1.0,1,1
B,60297010,9,2008,11,2012,R9KCNT,R11KCNT,,,no_children,no_children,,,,,,,.k,.k
B,60297011,9,2008,11,2012,R9KCNT,R11KCNT,,,no_children,no_children,,,,,,,.k,.k
B,60311010,9,2008,11,2012,R9KCNT,R11KCNT,1.0,1.0,weekly,weekly,0.0,maintained_weekly,1.0,1.0,1.0,1.0,1,1
B,60311020,9,2008,11,2012,R9KCNT,R11KCNT,1.0,1.0,weekly,weekly,0.0,maintained_weekly,0.0,1.0,1.0,1.0,1,1
B,60316040,9,2008,11,2012,R9KCNT,R11KCNT,,1.0,no_children,weekly,,,,0.0,,1.0,.k,1
B,60330020,9,2008,11,2012,R9KCNT,R11KCNT,1.0,1.0,weekly,weekly,0.0,maintained_weekly,0.0,0.0,1.0,1.0,1,1
B,60347010,9,2008,11,2012,R9KCNT,R11KCNT,1.0,1.0,weekly,weekly,0.0,maintained_weekly,0.0,0.0,1.0,1.0,1,1
B,60347020,9,2008,11,2012,R9KCNT,R11KCNT,0.0,1.0,less_than_weekly,weekly,1.0,increased_to_weekly,0.0,0.0,0.0,1.0,0,1
B,60353010,9,2008,11,2012,R9KCNT,R11KCNT,1.0,1.0,weekly,weekly,0.0,maintained_weekly,1.0,1.0,1.0,1.0,1,1
B,60353020,9,2008,11,2012,R9KCNT,R11KCNT,1.0,1.0,weekly,weekly,0.0,maintained_weekly,1.0,1.0,1.0,1.0,1,1
B,60360010,9,2008,11,2012,R9KCNT,R11KCNT,1.0,1.0,weekly,weekly,0.0,maintained_weekly,1.0,1.0,1.0,1.0,1,1
B,60360020,9,2008,11,2012,R9KCNT,R11KCNT,1.0,1.0,weekly,weekly,0.0,maintained_weekly,1.0,1.0,1.0,1.0,1,1
B,60383010,9,2008,11,2012,R9KCNT,R11KCNT,1.0,1.0,weekly,weekly,0.0,maintained_weekly,0.0,0.0,1.0,1.0,1,1
B,60386020,9,2008,11,2012,R9KCNT,R11KCNT,1.0,0.0,weekly,less_than_weekly,-1.0,decreased_below_weekly,1.0,0.0,1.0,0.0,1,0
B,60386030,9,2008,11,2012,R9KCNT,R11KCNT,1.0,1.0,weekly,weekly,0.0,maintained_weekly,1.0,0.0,1.0,1.0,1,1
B,60403020,9,2008,11,2012,R9KCNT,R11KCNT,1.0,1.0,weekly,weekly,0.0,maintained_weekly,1.0,1.0,1.0,1.0,1,1
B,60403030,9,2008,11,2012,R9KCNT,R11KCNT,1.0,1.0,weekly,weekly,0.0,maintained_weekly,1.0,1.0,1.0,1.0,1,1
B,60427010,9,2008,11,2012,R9KCNT,R11KCNT,1.0,1.0,weekly,weekly,0.0,maintained_weekly,0.0,0.0,1.0,1.0,1,1
B,60427020,9,2008,11,2012,R9KCNT,R11KCNT,1.0,1.0,weekly,weekly,0.0,maintained_weekly,0.0,0.0,1.0,1.0,1,1
B,60436010,9,2008,11,2012,R9KCNT,R11KCNT,1.0,1.0,weekly,weekly,0.0,maintained_weekly,1.0,1.0,1.0,1.0,1,1
B,60440030,9,2008,11,2012,R9KCNT,R11KCNT,0.0,1.0,less_than_weekly,weekly,1.0,increased_to_weekly,0.0,1.0,0.0,1.0,0,1
B,60446010,9,2008,11,2012,R9KCNT,R11KCNT,1.0,0.0,weekly,less_than_weekly,-1.0,decreased_below_weekly,0.0,0.0,1.0,0.0,1,0
B,60446020,9,2008,11,2012,R9KCNT,R11KCNT,1.0,1.0,weekly,weekly,0.0,maintained_weekly,1.0,0.0,1.0,1.0,1,1
B,60492010,9,2008,11,2012,R9KCNT,R11KCNT,1.0,1.0,weekly,weekly,0.0,maintained_weekly,1.0,1.0,1.0,1.0,1,1
B,60492011,9,2008,11,2012,R9KCNT,R11KCNT,1.0,1.0,weekly,weekly,0.0,maintained_weekly,0.0,0.0,1.0,1.0,1,1
B,60516010,9,2008,11,2012,R9KCNT,R11KCNT,1.0,1.0,weekly,weekly,0.0,maintained_weekly,1.0,1.0,1.0,1.0,1,1
B,60537020,9,2008,11,2012,R9KCNT,R11KCNT,1.0,1.0,weekly,weekly,0.0,maintained_weekly,0.0,0.0,1.0,1.0,1,1
B,60539010,9,2008,11,2012,R9KCNT,R11KCNT,1.0,0.0,weekly,less_than_weekly,-1.0,decreased_below_weekly,0.0,0.0,1.0,0.0,1,0
B,60539011,9,2008,11,2012,R9KCNT,R11KCNT,1.0,1.0,weekly,weekly,0.0,maintained_weekly,0.0,1.0,1.0,1.0,1,1
B,60547040,9,2008,11,2012,R9KCNT,R11KCNT,1.0,1.0,weekly,weekly,0.0,maintained_weekly,1.0,1.0,1.0,1.0,1,1
B,60638040,9,2008,11,2012,R9KCNT,R11KCNT,1.0,1.0,weekly,weekly,0.0,maintained_weekly,1.0,1.0,1.0,1.0,1,1
B,60688020,9,2008,11,2012,R9KCNT,R11KCNT,1.0,1.0,weekly,weekly,0.0,maintained_weekly,0.0,0.0,1.0,1.0,1,1
B,60701010,9,2008,11,2012,R9KCNT,R11KCNT,,,no_children,no_children,,,,,,,.k,.k
B,60723010,9,2008,11,2012,R9KCNT,R11KCNT,1.0,0.0,weekly,less_than_weekly,-1.0,decreased_below_weekly,1.0,0.0,1.0,0.0,1,0
B,60723020,9,2008,11,2012,R9KCNT,R11KCNT,1.0,1.0,weekly,weekly,0.0,maintained_weekly,0.0,0.0,1.0,1.0,1,1
B,60768020,9,2008,11,2012,R9KCNT,R11KCNT,1.0,1.0,weekly,weekly,0.0,maintained_weekly,1.0,1.0,1.0,1.0,1,1
B,60788010,9,2008,11,2012,R9KCNT,R11KCNT,0.0,0.0,less_than_weekly,less_than_weekly,0.0,persistently_below_weekly,0.0,0.0,0.0,0.0,0,0
B,60793040,9,2008,11,2012,R9KCNT,R11KCNT,1.0,1.0,weekly,weekly,0.0,maintained_weekly,1.0,1.0,1.0,1.0,1,1
B,60807010,9,2008,11,2012,R9KCNT,R11KCNT,1.0,1.0,weekly,weekly,0.0,maintained_weekly,0.0,0.0,1.0,1.0,1,1
B,60807020,9,2008,11,2012,R9KCNT,R11KCNT,1.0,0.0,weekly,less_than_weekly,-1.0,decreased_below_weekly,0.0,0.0,1.0,0.0,1,0
B,60880010,9,2008,11,2012,R9KCNT,R11KCNT,1.0,1.0,weekly,weekly,0.0,maintained_weekly,0.0,0.0,1.0,1.0,1,1
B,60880020,9,2008,11,2012,R9KCNT,R11KCNT,1.0,1.0,weekly,weekly,0.0,maintained_weekly,0.0,0.0,1.0,1.0,1,1
B,60894010,9,2008,11,2012,R9KCNT,R11KCNT,0.0,1.0,less_than_weekly,weekly,1.0,increased_to_weekly,0.0,1.0,0.0,0.0,0,1
B,60894040,9,2008,11,2012,R9KCNT,R11KCNT,1.0,1.0,weekly,weekly,0.0,maintained_weekly,0.0,0.0,1.0,1.0,1,1
B,60956020,9,2008,11,2012,R9KCNT,R11KCNT,1.0,1.0,weekly,weekly,0.0,maintained_weekly,1.0,0.0,1.0,1.0,1,1
B,60956030,9,2008,11,2012,R9KCNT,R11KCNT,1.0,1.0,weekly,weekly,0.0,maintained_weekly,1.0,0.0,1.0,1.0,1,1
B,61015030,9,2008,11,2012,R9KCNT,R11KCNT,0.0,0.0,less_than_weekly,less_than_weekly,0.0,persistently_below_weekly,0.0,0.0,0.0,0.0,0,0
B,61050020,9,2008,11,2012,R9KCNT,R11KCNT,1.0,1.0,weekly,weekly,0.0,maintained_weekly,1.0,1.0,1.0,1.0,1,1
B,61050021,9,2008,11,2012,R9KCNT,R11KCNT,1.0,0.0,weekly,less_than_weekly,-1.0,decreased_below_weekly,0.0,0.0,1.0,0.0,1,0
B,61060010,9,2008,11,2012,R9KCNT,R11KCNT,1.0,1.0,weekly,weekly,0.0,maintained_weekly,1.0,1.0,1.0,1.0,1,1
B,61084010,9,2008,11,2012,R9KCNT,R11KCNT,1.0,1.0,weekly,weekly,0.0,maintained_weekly,0.0,1.0,1.0,1.0,1,1
B,61084020,9,2008,11,2012,R9KCNT,R11KCNT,1.0,1.0,weekly,weekly,0.0,maintained_weekly,1.0,0.0,1.0,1.0,1,1
B,61086020,9,2008,11,2012,R9KCNT,R11KCNT,,1.0,missing_response,weekly,,,,0.0,,1.0,.m,1
B,61145020,9,2008,11,2012,R9KCNT,R11KCNT,1.0,1.0,weekly,weekly,0.0,maintained_weekly,1.0,0.0,1.0,1.0,1,1
B,61153010,9,2008,11,2012,R9KCNT,R11KCNT,1.0,1.0,weekly,weekly,0.0,maintained_weekly,0.0,0.0,1.0,1.0,1,1
B,61213010,9,2008,11,2012,R9KCNT,R11KCNT,0.0,1.0,less_than_weekly,weekly,1.0,increased_to_weekly,0.0,1.0,0.0,1.0,0,1
B,61226010,9,2008,11,2012,R9KCNT,R11KCNT,1.0,1.0,weekly,weekly,0.0,maintained_weekly,1.0,1.0,1.0,1.0,1,1
B,61226020,9,2008,11,2012,R9KCNT,R11KCNT,1.0,1.0,weekly,weekly,0.0,maintained_weekly,,0.0,1.0,1.0,1,1
B,61230010,9,2008,11,2012,R9KCNT,R11KCNT,1.0,1.0,weekly,weekly,0.0,maintained_weekly,1.0,1.0,1.0,1.0,1,1
B,61230040,9,2008,11,2012,R9KCNT,R11KCNT,,,no_children,no_children,,,,,,,.k,.k
B,61249010,9,2008,11,2012,R9KCNT,R11KCNT,,,no_children,no_children,,,,,,,.k,.k
B,61251010,9,2008,11,2012,R9KCNT,R11KCNT,0.0,1.0,less_than_weekly,weekly,1.0,increased_to_weekly,0.0,0.0,0.0,1.0,0,1
B,61298010,9,2008,11,2012,R9KCNT,R11KCNT,1.0,0.0,weekly,less_than_weekly,-1.0,decreased_below_weekly,0.0,0.0,1.0,0.0,1,0
B,61302020,9,2008,11,2012,R9KCNT,R11KCNT,1.0,1.0,weekly,weekly,0.0,maintained_weekly,1.0,1.0,1.0,1.0,1,1
B,61302021,9,2008,11,2012,R9KCNT,R11KCNT,1.0,1.0,weekly,weekly,0.0,maintained_weekly,1.0,1.0,1.0,1.0,1,1
B,62129010,9,2008,11,2012,R9KCNT,R11KCNT,1.0,0.0,weekly,less_than_weekly,-1.0,decreased_below_weekly,0.0,0.0,1.0,0.0,1,0
B,62295010,9,2008,11,2012,R9KCNT,R11KCNT,0.0,0.0,less_than_weekly,less_than_weekly,0.0,persistently_below_weekly,0.0,0.0,0.0,0.0,0,0
B,62295020,9,2008,11,2012,R9KCNT,R11KCNT,1.0,1.0,weekly,weekly,0.0,maintained_weekly,1.0,0.0,1.0,1.0,1,1
B,62521010,9,2008,11,2012,R9KCNT,R11KCNT,1.0,1.0,weekly,weekly,0.0,maintained_weekly,1.0,0.0,1.0,1.0,1,1
B,62521040,9,2008,11,2012,R9KCNT,R11KCNT,1.0,1.0,weekly,weekly,0.0,maintained_weekly,1.0,1.0,1.0,1.0,1,1
B,62897010,9,2008,11,2012,R9KCNT,R11KCNT,1.0,1.0,weekly,weekly,0.0,maintained_weekly,0.0,0.0,1.0,1.0,1,1
B,62897020,9,2008,11,2012,R9KCNT,R11KCNT,1.0,1.0,weekly,weekly,0.0,maintained_weekly,0.0,0.0,1.0,1.0,1,1
B,63243040,9,2008,11,2012,R9KCNT,R11KCNT,1.0,1.0,weekly,weekly,0.0,maintained_weekly,1.0,0.0,1.0,1.0,1,1
B,63263010,9,2008,11,2012,R9KCNT,R11KCNT,1.0,1.0,weekly,weekly,0.0,maintained_weekly,,0.0,1.0,1.0,1,1
B,63550010,9,2008,11,2012,R9KCNT,R11KCNT,1.0,,weekly,leave_behind_not_completed_or_ineligible,,,0.0,,1.0,,1,.l
B,63559020,9,2008,11,2012,R9KCNT,R11KCNT,1.0,1.0,weekly,weekly,0.0,maintained_weekly,1.0,0.0,1.0,1.0,1,1
B,63559030,9,2008,11,2012,R9KCNT,R11KCNT,1.0,,weekly,missing_response,,,1.0,,1.0,,1,.m
B,63733010,9,2008,11,2012,R9KCNT,R11KCNT,1.0,1.0,weekly,weekly,0.0,maintained_weekly,0.0,0.0,1.0,1.0,1,1
B,64343010,9,2008,11,2012,R9KCNT,R11KCNT,0.0,0.0,less_than_weekly,less_than_weekly,0.0,persistently_below_weekly,0.0,0.0,0.0,0.0,0,0
B,64343020,9,2008,11,2012,R9KCNT,R11KCNT,0.0,0.0,less_than_weekly,less_than_weekly,0.0,persistently_below_weekly,0.0,0.0,0.0,0.0,0,0
B,64372010,9,2008,11,2012,R9KCNT,R11KCNT,1.0,,weekly,leave_behind_not_completed_or_ineligible,,,0.0,,1.0,,1,.l
B,64386020,9,2008,11,2012,R9KCNT,R11KCNT,1.0,0.0,weekly,less_than_weekly,-1.0,decreased_below_weekly,0.0,0.0,1.0,0.0,1,0
B,64391010,9,2008,11,2012,R9KCNT,R11KCNT,,1.0,no_children,weekly,,,,0.0,,1.0,.k,1
B,64391040,9,2008,11,2012,R9KCNT,R11KCNT,1.0,1.0,weekly,weekly,0.0,maintained_weekly,0.0,0.0,1.0,1.0,1,1
B,64393010,9,2008,11,2012,R9KCNT,R11KCNT,1.0,1.0,weekly,weekly,0.0,maintained_weekly,1.0,0.0,1.0,1.0,1,1
B,64491010,9,2008,11,2012,R9KCNT,R11KCNT,1.0,,weekly,leave_behind_not_completed_or_ineligible,,,0.0,,1.0,,1,.l
B,64536020,9,2008,11,2012,R9KCNT,R11KCNT,0.0,1.0,less_than_weekly,weekly,1.0,increased_to_weekly,0.0,0.0,0.0,1.0,0,1
B,64536030,9,2008,11,2012,R9KCNT,R11KCNT,,1.0,not_interviewed_or_plain_missing,weekly,,,,1.0,,1.0,.,1
B,64609010,9,2008,11,2012,R9KCNT,R11KCNT,0.0,0.0,less_than_weekly,less_than_weekly,0.0,persistently_below_weekly,0.0,0.0,0.0,0.0,0,0
B,64739010,9,2008,11,2012,R9KCNT,R11KCNT,1.0,,weekly,missing_response,,,1.0,,1.0,,1,.m
B,64812010,9,2008,11,2012,R9KCNT,R11KCNT,1.0,1.0,weekly,weekly,0.0,maintained_weekly,0.0,0.0,1.0,1.0,1,1
B,64868020,9,2008,11,2012,R9KCNT,R11KCNT,1.0,1.0,weekly,weekly,0.0,maintained_weekly,1.0,0.0,1.0,1.0,1,1
B,64887010,9,2008,11,2012,R9KCNT,R11KCNT,1.0,1.0,weekly,weekly,0.0,maintained_weekly,0.0,1.0,1.0,1.0,1,1
B,64992020,9,2008,11,2012,R9KCNT,R11KCNT,1.0,1.0,weekly,weekly,0.0,maintained_weekly,1.0,1.0,1.0,1.0,1,1
B,65015010,9,2008,11,2012,R9KCNT,R11KCNT,1.0,1.0,weekly,weekly,0.0,maintained_weekly,0.0,1.0,1.0,1.0,1,1
B,65111010,9,2008,11,2012,R9KCNT,R11KCNT,1.0,1.0,weekly,weekly,0.0,maintained_weekly,0.0,0.0,1.0,1.0,1,1
B,65116010,9,2008,11,2012,R9KCNT,R11KCNT,1.0,0.0,weekly,less_than_weekly,-1.0,decreased_below_weekly,0.0,0.0,1.0,,1,0
B,65169010,9,2008,11,2012,R9KCNT,R11KCNT,,,no_children,no_children,,,,,,,.k,.k
B,65196020,9,2008,11,2012,R9KCNT,R11KCNT,,0.0,leave_behind_not_completed_or_ineligible,less_than_weekly,,,,0.0,,0.0,.l,0
B,65250010,9,2008,11,2012,R9KCNT,R11KCNT,1.0,1.0,weekly,weekly,0.0,maintained_weekly,0.0,1.0,1.0,1.0,1,1
B,65428010,9,2008,11,2012,R9KCNT,R11KCNT,0.0,0.0,less_than_weekly,less_than_weekly,0.0,persistently_below_weekly,0.0,0.0,0.0,0.0,0,0
B,65428020,9,2008,11,2012,R9KCNT,R11KCNT,1.0,1.0,weekly,weekly,0.0,maintained_weekly,0.0,0.0,1.0,1.0,1,1
B,65511010,9,2008,11,2012,R9KCNT,R11KCNT,0.0,0.0,less_than_weekly,less_than_weekly,0.0,persistently_below_weekly,0.0,0.0,0.0,0.0,0,0
B,65586010,9,2008,11,2012,R9KCNT,R11KCNT,1.0,1.0,weekly,weekly,0.0,maintained_weekly,0.0,0.0,1.0,1.0,1,1
B,65586040,9,2008,11,2012,R9KCNT,R11KCNT,1.0,1.0,weekly,weekly,0.0,maintained_weekly,0.0,1.0,1.0,1.0,1,1
B,65590020,9,2008,11,2012,R9KCNT,R11KCNT,1.0,0.0,weekly,less_than_weekly,-1.0,decreased_below_weekly,0.0,0.0,1.0,0.0,1,0
B,65591010,9,2008,11,2012,R9KCNT,R11KCNT,1.0,1.0,weekly,weekly,0.0,maintained_weekly,0.0,0.0,1.0,1.0,1,1
B,65761010,9,2008,11,2012,R9KCNT,R11KCNT,1.0,1.0,weekly,weekly,0.0,maintained_weekly,1.0,1.0,1.0,1.0,1,1
B,65822010,9,2008,11,2012,R9KCNT,R11KCNT,1.0,1.0,weekly,weekly,0.0,maintained_weekly,1.0,1.0,1.0,1.0,1,1
B,65831020,9,2008,11,2012,R9KCNT,R11KCNT,1.0,1.0,weekly,weekly,0.0,maintained_weekly,0.0,0.0,1.0,1.0,1,1
B,65861010,9,2008,11,2012,R9KCNT,R11KCNT,1.0,1.0,weekly,weekly,0.0,maintained_weekly,0.0,,1.0,1.0,1,1
B,65881020,9,2008,11,2012,R9KCNT,R11KCNT,1.0,1.0,weekly,weekly,0.0,maintained_weekly,0.0,1.0,1.0,1.0,1,1
B,65881030,9,2008,11,2012,R9KCNT,R11KCNT,1.0,1.0,weekly,weekly,0.0,maintained_weekly,1.0,1.0,1.0,1.0,1,1
B,65996010,9,2008,11,2012,R9KCNT,R11KCNT,,1.0,missing_response,weekly,,,,0.0,,1.0,.m,1
B,66011010,9,2008,11,2012,R9KCNT,R11KCNT,1.0,0.0,weekly,less_than_weekly,-1.0,decreased_below_weekly,0.0,0.0,1.0,0.0,1,0
B,66031010,9,2008,11,2012,R9KCNT,R11KCNT,0.0,1.0,less_than_weekly,weekly,1.0,increased_to_weekly,0.0,0.0,0.0,1.0,0,1
B,66096010,9,2008,11,2012,R9KCNT,R11KCNT,0.0,1.0,less_than_weekly,weekly,1.0,increased_to_weekly,0.0,0.0,0.0,1.0,0,1
B,71009030,9,2008,11,2012,R9KCNT,R11KCNT,1.0,1.0,weekly,weekly,0.0,maintained_weekly,0.0,0.0,1.0,1.0,1,1
B,71021020,9,2008,11,2012,R9KCNT,R11KCNT,,,no_children,no_children,,,,,,,.k,.k
B,71057020,9,2008,11,2012,R9KCNT,R11KCNT,1.0,0.0,weekly,less_than_weekly,-1.0,decreased_below_weekly,1.0,0.0,1.0,0.0,1,0
B,71075010,9,2008,11,2012,R9KCNT,R11KCNT,1.0,1.0,weekly,weekly,0.0,maintained_weekly,1.0,0.0,1.0,1.0,1,1
B,71075020,9,2008,11,2012,R9KCNT,R11KCNT,0.0,1.0,less_than_weekly,weekly,1.0,increased_to_weekly,0.0,1.0,0.0,1.0,0,1
B,71179010,9,2008,11,2012,R9KCNT,R11KCNT,1.0,1.0,weekly,weekly,0.0,maintained_weekly,1.0,1.0,1.0,1.0,1,1
B,71201010,9,2008,11,2012,R9KCNT,R11KCNT,0.0,1.0,less_than_weekly,weekly,1.0,increased_to_weekly,0.0,0.0,0.0,1.0,0,1
B,71202010,9,2008,11,2012,R9KCNT,R11KCNT,0.0,0.0,less_than_weekly,less_than_weekly,0.0,persistently_below_weekly,0.0,0.0,0.0,0.0,0,0
B,71229010,9,2008,11,2012,R9KCNT,R11KCNT,1.0,1.0,weekly,weekly,0.0,maintained_weekly,1.0,0.0,1.0,1.0,1,1
B,71258010,9,2008,11,2012,R9KCNT,R11KCNT,1.0,0.0,weekly,less_than_weekly,-1.0,decreased_below_weekly,0.0,0.0,1.0,0.0,1,0
B,71258020,9,2008,11,2012,R9KCNT,R11KCNT,1.0,1.0,weekly,weekly,0.0,maintained_weekly,0.0,0.0,1.0,1.0,1,1
B,71272010,9,2008,11,2012,R9KCNT,R11KCNT,1.0,1.0,weekly,weekly,0.0,maintained_weekly,0.0,1.0,1.0,1.0,1,1
B,71305010,9,2008,11,2012,R9KCNT,R11KCNT,1.0,1.0,weekly,weekly,0.0,maintained_weekly,0.0,0.0,1.0,1.0,1,1
B,71483020,9,2008,11,2012,R9KCNT,R11KCNT,1.0,1.0,weekly,weekly,0.0,maintained_weekly,0.0,1.0,1.0,1.0,1,1
B,71483030,9,2008,11,2012,R9KCNT,R11KCNT,1.0,1.0,weekly,weekly,0.0,maintained_weekly,1.0,1.0,1.0,1.0,1,1
B,71594020,9,2008,11,2012,R9KCNT,R11KCNT,,,no_children,no_children,,,,,,,.k,.k
B,71724010,9,2008,11,2012,R9KCNT,R11KCNT,1.0,1.0,weekly,weekly,0.0,maintained_weekly,1.0,0.0,1.0,1.0,1,1
B,71962010,9,2008,11,2012,R9KCNT,R11KCNT,1.0,0.0,weekly,less_than_weekly,-1.0,decreased_below_weekly,0.0,0.0,1.0,0.0,1,0
B,72000030,9,2008,11,2012,R9KCNT,R11KCNT,1.0,0.0,weekly,less_than_weekly,-1.0,decreased_below_weekly,1.0,0.0,1.0,0.0,1,0
B,72009010,9,2008,11,2012,R9KCNT,R11KCNT,0.0,,less_than_weekly,missing_response,,,0.0,,0.0,,0,.m
B,72133010,9,2008,11,2012,R9KCNT,R11KCNT,1.0,0.0,weekly,less_than_weekly,-1.0,decreased_below_weekly,1.0,0.0,1.0,0.0,1,0
B,72218040,9,2008,11,2012,R9KCNT,R11KCNT,0.0,1.0,less_than_weekly,weekly,1.0,increased_to_weekly,0.0,0.0,0.0,1.0,0,1
B,72350010,9,2008,11,2012,R9KCNT,R11KCNT,1.0,0.0,weekly,less_than_weekly,-1.0,decreased_below_weekly,0.0,0.0,1.0,0.0,1,0
B,72431010,9,2008,11,2012,R9KCNT,R11KCNT,,0.0,leave_behind_not_completed_or_ineligible,less_than_weekly,,,,0.0,,0.0,.l,0
B,72510010,9,2008,11,2012,R9KCNT,R11KCNT,1.0,1.0,weekly,weekly,0.0,maintained_weekly,1.0,1.0,1.0,1.0,1,1
B,72544010,9,2008,11,2012,R9KCNT,R11KCNT,1.0,1.0,weekly,weekly,0.0,maintained_weekly,1.0,1.0,1.0,1.0,1,1
B,72617010,9,2008,11,2012,R9KCNT,R11KCNT,1.0,1.0,weekly,weekly,0.0,maintained_weekly,0.0,0.0,1.0,1.0,1,1
B,72754010,9,2008,11,2012,R9KCNT,R11KCNT,1.0,1.0,weekly,weekly,0.0,maintained_weekly,1.0,1.0,1.0,1.0,1,1
B,72754020,9,2008,11,2012,R9KCNT,R11KCNT,1.0,1.0,weekly,weekly,0.0,maintained_weekly,1.0,1.0,1.0,1.0,1,1
B,72756010,9,2008,11,2012,R9KCNT,R11KCNT,1.0,1.0,weekly,weekly,0.0,maintained_weekly,0.0,1.0,1.0,1.0,1,1
B,72756020,9,2008,11,2012,R9KCNT,R11KCNT,1.0,1.0,weekly,weekly,0.0,maintained_weekly,1.0,1.0,1.0,1.0,1,1
B,72859020,9,2008,11,2012,R9KCNT,R11KCNT,0.0,1.0,less_than_weekly,weekly,1.0,increased_to_weekly,0.0,1.0,0.0,1.0,0,1
B,72942010,9,2008,11,2012,R9KCNT,R11KCNT,1.0,1.0,weekly,weekly,0.0,maintained_weekly,1.0,,1.0,1.0,1,1
B,72942020,9,2008,11,2012,R9KCNT,R11KCNT,1.0,0.0,weekly,less_than_weekly,-1.0,decreased_below_weekly,0.0,,1.0,0.0,1,0
B,72954020,9,2008,11,2012,R9KCNT,R11KCNT,1.0,1.0,weekly,weekly,0.0,maintained_weekly,0.0,0.0,1.0,1.0,1,1
B,72954021,9,2008,11,2012,R9KCNT,R11KCNT,,0.0,not_interviewed_or_plain_missing,less_than_weekly,,,,0.0,,0.0,.,0
B,72967010,9,2008,11,2012,R9KCNT,R11KCNT,1.0,1.0,weekly,weekly,0.0,maintained_weekly,0.0,0.0,1.0,1.0,1,1
B,73025010,9,2008,11,2012,R9KCNT,R11KCNT,1.0,1.0,weekly,weekly,0.0,maintained_weekly,0.0,0.0,1.0,1.0,1,1
B,73025020,9,2008,11,2012,R9KCNT,R11KCNT,1.0,1.0,weekly,weekly,0.0,maintained_weekly,0.0,0.0,1.0,1.0,1,1
B,73026010,9,2008,11,2012,R9KCNT,R11KCNT,1.0,1.0,weekly,weekly,0.0,maintained_weekly,0.0,0.0,1.0,1.0,1,1
B,73026020,9,2008,11,2012,R9KCNT,R11KCNT,0.0,1.0,less_than_weekly,weekly,1.0,increased_to_weekly,0.0,0.0,0.0,1.0,0,1
B,73049020,9,2008,11,2012,R9KCNT,R11KCNT,,1.0,no_children,weekly,,,,0.0,,1.0,.k,1
B,73050020,9,2008,11,2012,R9KCNT,R11KCNT,1.0,1.0,weekly,weekly,0.0,maintained_weekly,1.0,1.0,1.0,1.0,1,1
B,73058010,9,2008,11,2012,R9KCNT,R11KCNT,1.0,1.0,weekly,weekly,0.0,maintained_weekly,0.0,0.0,1.0,1.0,1,1
B,73093010,9,2008,11,2012,R9KCNT,R11KCNT,1.0,1.0,weekly,weekly,0.0,maintained_weekly,0.0,0.0,1.0,1.0,1,1
B,73093040,9,2008,11,2012,R9KCNT,R11KCNT,1.0,1.0,weekly,weekly,0.0,maintained_weekly,0.0,1.0,1.0,0.0,1,1
B,73108011,9,2008,11,2012,R9KCNT,R11KCNT,1.0,1.0,weekly,weekly,0.0,maintained_weekly,0.0,0.0,1.0,1.0,1,1
B,73111020,9,2008,11,2012,R9KCNT,R11KCNT,1.0,1.0,weekly,weekly,0.0,maintained_weekly,0.0,0.0,1.0,1.0,1,1
B,73118020,9,2008,11,2012,R9KCNT,R11KCNT,1.0,1.0,weekly,weekly,0.0,maintained_weekly,1.0,1.0,1.0,1.0,1,1
B,73119030,9,2008,11,2012,R9KCNT,R11KCNT,1.0,1.0,weekly,weekly,0.0,maintained_weekly,1.0,1.0,1.0,1.0,1,1
B,73331010,9,2008,11,2012,R9KCNT,R11KCNT,,,no_children,no_children,,,,,,,.k,.k
B,73332010,9,2008,11,2012,R9KCNT,R11KCNT,1.0,1.0,weekly,weekly,0.0,maintained_weekly,1.0,1.0,1.0,0.0,1,1
B,73361010,9,2008,11,2012,R9KCNT,R11KCNT,1.0,1.0,weekly,weekly,0.0,maintained_weekly,0.0,1.0,1.0,1.0,1,1
B,73406010,9,2008,11,2012,R9KCNT,R11KCNT,1.0,1.0,weekly,weekly,0.0,maintained_weekly,0.0,0.0,1.0,1.0,1,1
B,73410020,9,2008,11,2012,R9KCNT,R11KCNT,1.0,1.0,weekly,weekly,0.0,maintained_weekly,1.0,0.0,1.0,1.0,1,1
B,73457020,9,2008,11,2012,R9KCNT,R11KCNT,1.0,1.0,weekly,weekly,0.0,maintained_weekly,0.0,0.0,1.0,1.0,1,1
B,73504010,9,2008,11,2012,R9KCNT,R11KCNT,1.0,1.0,weekly,weekly,0.0,maintained_weekly,0.0,0.0,1.0,1.0,1,1
B,73504040,9,2008,11,2012,R9KCNT,R11KCNT,1.0,1.0,weekly,weekly,0.0,maintained_weekly,1.0,1.0,1.0,1.0,1,1
B,73528010,9,2008,11,2012,R9KCNT,R11KCNT,1.0,1.0,weekly,weekly,0.0,maintained_weekly,0.0,0.0,1.0,1.0,1,1
B,73575020,9,2008,11,2012,R9KCNT,R11KCNT,1.0,1.0,weekly,weekly,0.0,maintained_weekly,1.0,1.0,1.0,1.0,1,1
B,73575030,9,2008,11,2012,R9KCNT,R11KCNT,1.0,1.0,weekly,weekly,0.0,maintained_weekly,1.0,1.0,1.0,1.0,1,1
B,73576011,9,2008,11,2012,R9KCNT,R11KCNT,1.0,,weekly,leave_behind_not_completed_or_ineligible,,,,,1.0,,1,.l
B,73604010,9,2008,11,2012,R9KCNT,R11KCNT,1.0,0.0,weekly,less_than_weekly,-1.0,decreased_below_weekly,1.0,0.0,1.0,0.0,1,0
B,73604040,9,2008,11,2012,R9KCNT,R11KCNT,1.0,0.0,weekly,less_than_weekly,-1.0,decreased_below_weekly,0.0,0.0,1.0,0.0,1,0
B,73718010,9,2008,11,2012,R9KCNT,R11KCNT,1.0,1.0,weekly,weekly,0.0,maintained_weekly,1.0,1.0,1.0,1.0,1,1
B,73756010,9,2008,11,2012,R9KCNT,R11KCNT,0.0,1.0,less_than_weekly,weekly,1.0,increased_to_weekly,0.0,0.0,0.0,1.0,0,1
B,73756020,9,2008,11,2012,R9KCNT,R11KCNT,0.0,1.0,less_than_weekly,weekly,1.0,increased_to_weekly,0.0,0.0,0.0,1.0,0,1
B,73853010,9,2008,11,2012,R9KCNT,R11KCNT,1.0,1.0,weekly,weekly,0.0,maintained_weekly,1.0,1.0,1.0,1.0,1,1
B,73878010,9,2008,11,2012,R9KCNT,R11KCNT,,,no_children,no_children,,,,,,,.k,.k
B,73878011,9,2008,11,2012,R9KCNT,R11KCNT,1.0,0.0,weekly,less_than_weekly,-1.0,decreased_below_weekly,0.0,0.0,1.0,0.0,1,0
B,73906010,9,2008,11,2012,R9KCNT,R11KCNT,1.0,1.0,weekly,weekly,0.0,maintained_weekly,1.0,0.0,1.0,1.0,1,1
B,73915010,9,2008,11,2012,R9KCNT,R11KCNT,1.0,1.0,weekly,weekly,0.0,maintained_weekly,1.0,0.0,1.0,1.0,1,1
B,73920010,9,2008,11,2012,R9KCNT,R11KCNT,1.0,,weekly,no_children,,,0.0,,1.0,,1,.k
B,73920020,9,2008,11,2012,R9KCNT,R11KCNT,1.0,1.0,weekly,weekly,0.0,maintained_weekly,1.0,1.0,1.0,1.0,1,1
B,73943010,9,2008,11,2012,R9KCNT,R11KCNT,1.0,1.0,weekly,weekly,0.0,maintained_weekly,1.0,1.0,1.0,1.0,1,1
B,73961040,9,2008,11,2012,R9KCNT,R11KCNT,,1.0,not_interviewed_or_plain_missing,weekly,,,,0.0,,1.0,.,1
B,74034010,9,2008,11,2012,R9KCNT,R11KCNT,1.0,0.0,weekly,less_than_weekly,-1.0,decreased_below_weekly,1.0,0.0,1.0,0.0,1,0
B,74053010,9,2008,11,2012,R9KCNT,R11KCNT,1.0,1.0,weekly,weekly,0.0,maintained_weekly,0.0,0.0,1.0,1.0,1,1
B,74105010,9,2008,11,2012,R9KCNT,R11KCNT,1.0,1.0,weekly,weekly,0.0,maintained_weekly,0.0,0.0,1.0,1.0,1,1
B,74105020,9,2008,11,2012,R9KCNT,R11KCNT,1.0,1.0,weekly,weekly,0.0,maintained_weekly,0.0,0.0,1.0,1.0,1,1
B,74220020,9,2008,11,2012,R9KCNT,R11KCNT,1.0,,weekly,leave_behind_not_completed_or_ineligible,,,1.0,,1.0,,1,.l
B,74243010,9,2008,11,2012,R9KCNT,R11KCNT,1.0,,weekly,leave_behind_not_completed_or_ineligible,,,1.0,,1.0,,1,.l
B,74258010,9,2008,11,2012,R9KCNT,R11KCNT,0.0,1.0,less_than_weekly,weekly,1.0,increased_to_weekly,0.0,0.0,0.0,1.0,0,1
B,74258020,9,2008,11,2012,R9KCNT,R11KCNT,1.0,1.0,weekly,weekly,0.0,maintained_weekly,0.0,0.0,1.0,1.0,1,1
B,74297010,9,2008,11,2012,R9KCNT,R11KCNT,0.0,1.0,less_than_weekly,weekly,1.0,increased_to_weekly,0.0,1.0,0.0,0.0,0,1
B,74321010,9,2008,11,2012,R9KCNT,R11KCNT,1.0,1.0,weekly,weekly,0.0,maintained_weekly,0.0,0.0,1.0,1.0,1,1
B,74321020,9,2008,11,2012,R9KCNT,R11KCNT,1.0,1.0,weekly,weekly,0.0,maintained_weekly,0.0,0.0,1.0,1.0,1,1
B,74331010,9,2008,11,2012,R9KCNT,R11KCNT,,,no_children,no_children,,,,,,,.k,.k
B,74331011,9,2008,11,2012,R9KCNT,R11KCNT,1.0,1.0,weekly,weekly,0.0,maintained_weekly,0.0,0.0,1.0,1.0,1,1
B,74359010,9,2008,11,2012,R9KCNT,R11KCNT,1.0,1.0,weekly,weekly,0.0,maintained_weekly,0.0,0.0,1.0,1.0,1,1
B,74494010,9,2008,11,2012,R9KCNT,R11KCNT,0.0,0.0,less_than_weekly,less_than_weekly,0.0,persistently_below_weekly,0.0,0.0,0.0,0.0,0,0
B,74496020,9,2008,11,2012,R9KCNT,R11KCNT,,,no_children,no_children,,,,,,,.k,.k
B,74660010,9,2008,11,2012,R9KCNT,R11KCNT,0.0,,less_than_weekly,leave_behind_not_completed_or_ineligible,,,0.0,,0.0,,0,.l
B,74922020,9,2008,11,2012,R9KCNT,R11KCNT,1.0,1.0,weekly,weekly,0.0,maintained_weekly,0.0,,1.0,1.0,1,1
B,74962020,9,2008,11,2012,R9KCNT,R11KCNT,1.0,1.0,weekly,weekly,0.0,maintained_weekly,,1.0,1.0,1.0,1,1
B,74995010,9,2008,11,2012,R9KCNT,R11KCNT,1.0,1.0,weekly,weekly,0.0,maintained_weekly,0.0,0.0,1.0,1.0,1,1
B,75031010,9,2008,11,2012,R9KCNT,R11KCNT,1.0,1.0,weekly,weekly,0.0,maintained_weekly,0.0,0.0,1.0,1.0,1,1
B,75061020,9,2008,11,2012,R9KCNT,R11KCNT,1.0,1.0,weekly,weekly,0.0,maintained_weekly,0.0,0.0,1.0,1.0,1,1
B,75266010,9,2008,11,2012,R9KCNT,R11KCNT,1.0,1.0,weekly,weekly,0.0,maintained_weekly,0.0,0.0,1.0,1.0,1,1
B,75266040,9,2008,11,2012,R9KCNT,R11KCNT,1.0,1.0,weekly,weekly,0.0,maintained_weekly,0.0,0.0,1.0,1.0,1,1
B,75371010,9,2008,11,2012,R9KCNT,R11KCNT,1.0,1.0,weekly,weekly,0.0,maintained_weekly,1.0,1.0,1.0,1.0,1,1
B,75406010,9,2008,11,2012,R9KCNT,R11KCNT,1.0,1.0,weekly,weekly,0.0,maintained_weekly,1.0,1.0,1.0,1.0,1,1
B,75406040,9,2008,11,2012,R9KCNT,R11KCNT,1.0,1.0,weekly,weekly,0.0,maintained_weekly,1.0,1.0,1.0,1.0,1,1
B,75409010,9,2008,11,2012,R9KCNT,R11KCNT,1.0,1.0,weekly,weekly,0.0,maintained_weekly,0.0,0.0,1.0,1.0,1,1
B,75417010,9,2008,11,2012,R9KCNT,R11KCNT,0.0,0.0,less_than_weekly,less_than_weekly,0.0,persistently_below_weekly,0.0,0.0,0.0,0.0,0,0
B,75456010,9,2008,11,2012,R9KCNT,R11KCNT,1.0,1.0,weekly,weekly,0.0,maintained_weekly,1.0,1.0,1.0,1.0,1,1
B,75513010,9,2008,11,2012,R9KCNT,R11KCNT,1.0,1.0,weekly,weekly,0.0,maintained_weekly,1.0,1.0,1.0,1.0,1,1
B,75549010,9,2008,11,2012,R9KCNT,R11KCNT,1.0,1.0,weekly,weekly,0.0,maintained_weekly,0.0,1.0,1.0,1.0,1,1
B,75596010,9,2008,11,2012,R9KCNT,R11KCNT,1.0,1.0,weekly,weekly,0.0,maintained_weekly,0.0,0.0,1.0,1.0,1,1
B,75596020,9,2008,11,2012,R9KCNT,R11KCNT,1.0,1.0,weekly,weekly,0.0,maintained_weekly,1.0,0.0,1.0,1.0,1,1
B,75624010,9,2008,11,2012,R9KCNT,R11KCNT,1.0,1.0,weekly,weekly,0.0,maintained_weekly,1.0,0.0,1.0,1.0,1,1
B,75686010,9,2008,11,2012,R9KCNT,R11KCNT,1.0,0.0,weekly,less_than_weekly,-1.0,decreased_below_weekly,0.0,0.0,1.0,0.0,1,0
B,75765010,9,2008,11,2012,R9KCNT,R11KCNT,1.0,1.0,weekly,weekly,0.0,maintained_weekly,1.0,1.0,1.0,1.0,1,1
B,75765020,9,2008,11,2012,R9KCNT,R11KCNT,1.0,1.0,weekly,weekly,0.0,maintained_weekly,,0.0,1.0,1.0,1,1
B,75779010,9,2008,11,2012,R9KCNT,R11KCNT,0.0,1.0,less_than_weekly,weekly,1.0,increased_to_weekly,0.0,0.0,0.0,1.0,0,1
B,75821020,9,2008,11,2012,R9KCNT,R11KCNT,0.0,0.0,less_than_weekly,less_than_weekly,0.0,persistently_below_weekly,0.0,0.0,0.0,0.0,0,0
B,75821030,9,2008,11,2012,R9KCNT,R11KCNT,0.0,0.0,less_than_weekly,less_than_weekly,0.0,persistently_below_weekly,0.0,0.0,0.0,0.0,0,0
B,75831010,9,2008,11,2012,R9KCNT,R11KCNT,1.0,1.0,weekly,weekly,0.0,maintained_weekly,0.0,0.0,1.0,1.0,1,1
B,75831040,9,2008,11,2012,R9KCNT,R11KCNT,1.0,1.0,weekly,weekly,0.0,maintained_weekly,0.0,0.0,1.0,1.0,1,1
B,75871010,9,2008,11,2012,R9KCNT,R11KCNT,1.0,0.0,weekly,less_than_weekly,-1.0,decreased_below_weekly,0.0,0.0,1.0,0.0,1,0
B,75871020,9,2008,11,2012,R9KCNT,R11KCNT,0.0,0.0,less_than_weekly,less_than_weekly,0.0,persistently_below_weekly,0.0,0.0,0.0,0.0,0,0
B,75897030,9,2008,11,2012,R9KCNT,R11KCNT,1.0,1.0,weekly,weekly,0.0,maintained_weekly,0.0,1.0,1.0,1.0,1,1
B,75927010,9,2008,11,2012,R9KCNT,R11KCNT,0.0,1.0,less_than_weekly,weekly,1.0,increased_to_weekly,0.0,0.0,0.0,1.0,0,1
B,75932010,9,2008,11,2012,R9KCNT,R11KCNT,1.0,1.0,weekly,weekly,0.0,maintained_weekly,0.0,1.0,1.0,1.0,1,1
B,75932020,9,2008,11,2012,R9KCNT,R11KCNT,1.0,1.0,weekly,weekly,0.0,maintained_weekly,1.0,1.0,1.0,1.0,1,1
B,75940010,9,2008,11,2012,R9KCNT,R11KCNT,1.0,1.0,weekly,weekly,0.0,maintained_weekly,0.0,0.0,1.0,1.0,1,1
B,75975010,9,2008,11,2012,R9KCNT,R11KCNT,1.0,1.0,weekly,weekly,0.0,maintained_weekly,1.0,1.0,1.0,1.0,1,1
B,75988010,9,2008,11,2012,R9KCNT,R11KCNT,1.0,1.0,weekly,weekly,0.0,maintained_weekly,1.0,1.0,1.0,1.0,1,1
B,75988020,9,2008,11,2012,R9KCNT,R11KCNT,1.0,1.0,weekly,weekly,0.0,maintained_weekly,1.0,1.0,1.0,1.0,1,1
B,76038020,9,2008,11,2012,R9KCNT,R11KCNT,1.0,1.0,weekly,weekly,0.0,maintained_weekly,0.0,0.0,1.0,1.0,1,1
B,76081020,9,2008,11,2012,R9KCNT,R11KCNT,1.0,1.0,weekly,weekly,0.0,maintained_weekly,0.0,0.0,1.0,1.0,1,1
B,76110010,9,2008,11,2012,R9KCNT,R11KCNT,1.0,1.0,weekly,weekly,0.0,maintained_weekly,1.0,1.0,1.0,1.0,1,1
B,76110040,9,2008,11,2012,R9KCNT,R11KCNT,1.0,1.0,weekly,weekly,0.0,maintained_weekly,1.0,1.0,1.0,1.0,1,1
B,76124010,9,2008,11,2012,R9KCNT,R11KCNT,,,no_children,no_children,,,,,,,.k,.k
B,76203010,9,2008,11,2012,R9KCNT,R11KCNT,0.0,0.0,less_than_weekly,less_than_weekly,0.0,persistently_below_weekly,0.0,0.0,0.0,0.0,0,0
B,76224010,9,2008,11,2012,R9KCNT,R11KCNT,1.0,1.0,weekly,weekly,0.0,maintained_weekly,0.0,0.0,1.0,1.0,1,1
B,76226010,9,2008,11,2012,R9KCNT,R11KCNT,1.0,1.0,weekly,weekly,0.0,maintained_weekly,0.0,0.0,1.0,1.0,1,1
B,76301010,9,2008,11,2012,R9KCNT,R11KCNT,1.0,1.0,weekly,weekly,0.0,maintained_weekly,1.0,0.0,1.0,1.0,1,1
B,76318010,9,2008,11,2012,R9KCNT,R11KCNT,1.0,1.0,weekly,weekly,0.0,maintained_weekly,1.0,1.0,1.0,1.0,1,1
B,76326010,9,2008,11,2012,R9KCNT,R11KCNT,1.0,1.0,weekly,weekly,0.0,maintained_weekly,1.0,1.0,1.0,1.0,1,1
B,76368010,9,2008,11,2012,R9KCNT,R11KCNT,,,no_children,no_children,,,,,,,.k,.k
B,76368040,9,2008,11,2012,R9KCNT,R11KCNT,,,no_children,no_children,,,,,,,.k,.k
B,76509010,9,2008,11,2012,R9KCNT,R11KCNT,1.0,1.0,weekly,weekly,0.0,maintained_weekly,1.0,1.0,1.0,1.0,1,1
B,76529010,9,2008,11,2012,R9KCNT,R11KCNT,1.0,1.0,weekly,weekly,0.0,maintained_weekly,0.0,0.0,1.0,1.0,1,1
B,76583011,9,2008,11,2012,R9KCNT,R11KCNT,0.0,0.0,less_than_weekly,less_than_weekly,0.0,persistently_below_weekly,0.0,0.0,0.0,0.0,0,0
B,76598020,9,2008,11,2012,R9KCNT,R11KCNT,1.0,1.0,weekly,weekly,0.0,maintained_weekly,0.0,0.0,1.0,1.0,1,1
B,76609031,9,2008,11,2012,R9KCNT,R11KCNT,1.0,1.0,weekly,weekly,0.0,maintained_weekly,0.0,1.0,1.0,1.0,1,1
B,76617010,9,2008,11,2012,R9KCNT,R11KCNT,1.0,,weekly,no_children,,,0.0,,1.0,,1,.k
B,76617040,9,2008,11,2012,R9KCNT,R11KCNT,1.0,,weekly,no_children,,,1.0,,1.0,,1,.k
B,76624020,9,2008,11,2012,R9KCNT,R11KCNT,1.0,1.0,weekly,weekly,0.0,maintained_weekly,1.0,1.0,1.0,1.0,1,1
B,76624030,9,2008,11,2012,R9KCNT,R11KCNT,1.0,1.0,weekly,weekly,0.0,maintained_weekly,1.0,1.0,1.0,1.0,1,1
B,76626040,9,2008,11,2012,R9KCNT,R11KCNT,,,no_children,no_children,,,,,,,.k,.k
B,76637020,9,2008,11,2012,R9KCNT,R11KCNT,1.0,1.0,weekly,weekly,0.0,maintained_weekly,0.0,0.0,1.0,1.0,1,1
B,76643010,9,2008,11,2012,R9KCNT,R11KCNT,1.0,0.0,weekly,less_than_weekly,-1.0,decreased_below_weekly,0.0,0.0,1.0,0.0,1,0
B,76644020,9,2008,11,2012,R9KCNT,R11KCNT,,,no_children,no_children,,,,,,,.k,.k
B,76656010,9,2008,11,2012,R9KCNT,R11KCNT,1.0,,weekly,no_children,,,1.0,,,,1,.k
B,76689010,9,2008,11,2012,R9KCNT,R11KCNT,,,no_children,no_children,,,,,,,.k,.k
B,76708010,9,2008,11,2012,R9KCNT,R11KCNT,1.0,1.0,weekly,weekly,0.0,maintained_weekly,0.0,0.0,1.0,1.0,1,1
B,76717020,9,2008,11,2012,R9KCNT,R11KCNT,1.0,1.0,weekly,weekly,0.0,maintained_weekly,1.0,1.0,1.0,1.0,1,1
B,76717030,9,2008,11,2012,R9KCNT,R11KCNT,0.0,0.0,less_than_weekly,less_than_weekly,0.0,persistently_below_weekly,0.0,0.0,0.0,0.0,0,0
B,76751020,9,2008,11,2012,R9KCNT,R11KCNT,,0.0,missing_response,less_than_weekly,,,,0.0,,0.0,.m,0
B,76782010,9,2008,11,2012,R9KCNT,R11KCNT,1.0,0.0,weekly,less_than_weekly,-1.0,decreased_below_weekly,0.0,0.0,1.0,0.0,1,0
B,76793010,9,2008,11,2012,R9KCNT,R11KCNT,1.0,1.0,weekly,weekly,0.0,maintained_weekly,0.0,1.0,1.0,1.0,1,1
B,76812030,9,2008,11,2012,R9KCNT,R11KCNT,1.0,1.0,weekly,weekly,0.0,maintained_weekly,1.0,1.0,1.0,1.0,1,1
B,76813020,9,2008,11,2012,R9KCNT,R11KCNT,0.0,0.0,less_than_weekly,less_than_weekly,0.0,persistently_below_weekly,0.0,0.0,0.0,0.0,0,0
B,76813030,9,2008,11,2012,R9KCNT,R11KCNT,1.0,1.0,weekly,weekly,0.0,maintained_weekly,0.0,0.0,1.0,1.0,1,1
B,76821010,9,2008,11,2012,R9KCNT,R11KCNT,0.0,0.0,less_than_weekly,less_than_weekly,0.0,persistently_below_weekly,0.0,0.0,0.0,0.0,0,0
B,76839010,9,2008,11,2012,R9KCNT,R11KCNT,1.0,0.0,weekly,less_than_weekly,-1.0,decreased_below_weekly,1.0,0.0,1.0,0.0,1,0
B,76839040,9,2008,11,2012,R9KCNT,R11KCNT,1.0,0.0,weekly,less_than_weekly,-1.0,decreased_below_weekly,1.0,0.0,1.0,0.0,1,0
B,76852010,9,2008,11,2012,R9KCNT,R11KCNT,1.0,1.0,weekly,weekly,0.0,maintained_weekly,0.0,0.0,1.0,1.0,1,1
B,76856010,9,2008,11,2012,R9KCNT,R11KCNT,1.0,1.0,weekly,weekly,0.0,maintained_weekly,0.0,0.0,1.0,1.0,1,1
B,76856020,9,2008,11,2012,R9KCNT,R11KCNT,1.0,1.0,weekly,weekly,0.0,maintained_weekly,0.0,0.0,1.0,1.0,1,1
B,76870010,9,2008,11,2012,R9KCNT,R11KCNT,1.0,1.0,weekly,weekly,0.0,maintained_weekly,1.0,1.0,1.0,1.0,1,1
B,76870020,9,2008,11,2012,R9KCNT,R11KCNT,1.0,1.0,weekly,weekly,0.0,maintained_weekly,1.0,1.0,1.0,1.0,1,1
B,76884010,9,2008,11,2012,R9KCNT,R11KCNT,1.0,,weekly,missing_response,,,1.0,,1.0,,1,.m
B,76884020,9,2008,11,2012,R9KCNT,R11KCNT,1.0,1.0,weekly,weekly,0.0,maintained_weekly,1.0,1.0,1.0,1.0,1,1
B,76894010,9,2008,11,2012,R9KCNT,R11KCNT,1.0,1.0,weekly,weekly,0.0,maintained_weekly,0.0,0.0,1.0,1.0,1,1
B,76894020,9,2008,11,2012,R9KCNT,R11KCNT,0.0,1.0,less_than_weekly,weekly,1.0,increased_to_weekly,0.0,0.0,0.0,1.0,0,1
B,76904010,9,2008,11,2012,R9KCNT,R11KCNT,0.0,0.0,less_than_weekly,less_than_weekly,0.0,persistently_below_weekly,0.0,0.0,0.0,0.0,0,0
B,76941010,9,2008,11,2012,R9KCNT,R11KCNT,1.0,1.0,weekly,weekly,0.0,maintained_weekly,1.0,0.0,1.0,1.0,1,1
B,77000010,9,2008,11,2012,R9KCNT,R11KCNT,1.0,1.0,weekly,weekly,0.0,maintained_weekly,1.0,1.0,1.0,1.0,1,1
B,77047020,9,2008,11,2012,R9KCNT,R11KCNT,0.0,0.0,less_than_weekly,less_than_weekly,0.0,persistently_below_weekly,0.0,0.0,0.0,0.0,0,0
B,77057010,9,2008,11,2012,R9KCNT,R11KCNT,1.0,1.0,weekly,weekly,0.0,maintained_weekly,1.0,1.0,1.0,1.0,1,1
B,77110010,9,2008,11,2012,R9KCNT,R11KCNT,1.0,1.0,weekly,weekly,0.0,maintained_weekly,1.0,1.0,1.0,1.0,1,1
B,77134030,9,2008,11,2012,R9KCNT,R11KCNT,1.0,0.0,weekly,less_than_weekly,-1.0,decreased_below_weekly,0.0,0.0,1.0,0.0,1,0
B,77311010,9,2008,11,2012,R9KCNT,R11KCNT,1.0,1.0,weekly,weekly,0.0,maintained_weekly,1.0,1.0,1.0,1.0,1,1
B,77311040,9,2008,11,2012,R9KCNT,R11KCNT,1.0,1.0,weekly,weekly,0.0,maintained_weekly,0.0,1.0,1.0,1.0,1,1
B,77317010,9,2008,11,2012,R9KCNT,R11KCNT,0.0,0.0,less_than_weekly,less_than_weekly,0.0,persistently_below_weekly,0.0,0.0,0.0,0.0,0,0
B,77327010,9,2008,11,2012,R9KCNT,R11KCNT,1.0,1.0,weekly,weekly,0.0,maintained_weekly,1.0,1.0,1.0,1.0,1,1
B,77327040,9,2008,11,2012,R9KCNT,R11KCNT,1.0,1.0,weekly,weekly,0.0,maintained_weekly,0.0,1.0,1.0,1.0,1,1
B,77357040,9,2008,11,2012,R9KCNT,R11KCNT,0.0,1.0,less_than_weekly,weekly,1.0,increased_to_weekly,0.0,0.0,0.0,1.0,0,1
B,77392020,9,2008,11,2012,R9KCNT,R11KCNT,0.0,0.0,less_than_weekly,less_than_weekly,0.0,persistently_below_weekly,0.0,0.0,0.0,0.0,0,0
B,77401020,9,2008,11,2012,R9KCNT,R11KCNT,1.0,1.0,weekly,weekly,0.0,maintained_weekly,1.0,0.0,1.0,1.0,1,1
B,77439010,9,2008,11,2012,R9KCNT,R11KCNT,1.0,1.0,weekly,weekly,0.0,maintained_weekly,1.0,1.0,1.0,1.0,1,1
B,77439020,9,2008,11,2012,R9KCNT,R11KCNT,1.0,1.0,weekly,weekly,0.0,maintained_weekly,1.0,1.0,0.0,0.0,1,1
B,77489010,9,2008,11,2012,R9KCNT,R11KCNT,1.0,1.0,weekly,weekly,0.0,maintained_weekly,0.0,0.0,1.0,1.0,1,1
B,77502040,9,2008,11,2012,R9KCNT,R11KCNT,1.0,1.0,weekly,weekly,0.0,maintained_weekly,0.0,0.0,1.0,1.0,1,1
B,77526010,9,2008,11,2012,R9KCNT,R11KCNT,1.0,1.0,weekly,weekly,0.0,maintained_weekly,1.0,0.0,1.0,1.0,1,1
B,77526020,9,2008,11,2012,R9KCNT,R11KCNT,1.0,1.0,weekly,weekly,0.0,maintained_weekly,1.0,1.0,1.0,1.0,1,1
B,77534010,9,2008,11,2012,R9KCNT,R11KCNT,0.0,1.0,less_than_weekly,weekly,1.0,increased_to_weekly,0.0,0.0,0.0,1.0,0,1
B,77540010,9,2008,11,2012,R9KCNT,R11KCNT,1.0,1.0,weekly,weekly,0.0,maintained_weekly,0.0,0.0,1.0,1.0,1,1
B,77540020,9,2008,11,2012,R9KCNT,R11KCNT,1.0,1.0,weekly,weekly,0.0,maintained_weekly,0.0,0.0,1.0,1.0,1,1
B,77612010,9,2008,11,2012,R9KCNT,R11KCNT,0.0,1.0,less_than_weekly,weekly,1.0,increased_to_weekly,0.0,1.0,0.0,1.0,0,1
B,77612040,9,2008,11,2012,R9KCNT,R11KCNT,1.0,1.0,weekly,weekly,0.0,maintained_weekly,1.0,1.0,1.0,1.0,1,1
B,77614010,9,2008,11,2012,R9KCNT,R11KCNT,,1.0,missing_response,weekly,,,,1.0,,1.0,.m,1
B,77642010,9,2008,11,2012,R9KCNT,R11KCNT,1.0,1.0,weekly,weekly,0.0,maintained_weekly,0.0,0.0,1.0,1.0,1,1
B,77697010,9,2008,11,2012,R9KCNT,R11KCNT,1.0,,weekly,leave_behind_not_completed_or_ineligible,,,0.0,,1.0,,1,.l
B,77731010,9,2008,11,2012,R9KCNT,R11KCNT,1.0,,weekly,missing_response,,,1.0,,0.0,,1,.m
B,77736040,9,2008,11,2012,R9KCNT,R11KCNT,1.0,1.0,weekly,weekly,0.0,maintained_weekly,1.0,1.0,1.0,1.0,1,1
B,77751010,9,2008,11,2012,R9KCNT,R11KCNT,1.0,1.0,weekly,weekly,0.0,maintained_weekly,1.0,1.0,1.0,1.0,1,1
B,77751020,9,2008,11,2012,R9KCNT,R11KCNT,1.0,,weekly,no_children,,,1.0,,0.0,,1,.k
B,77786020,9,2008,11,2012,R9KCNT,R11KCNT,1.0,1.0,weekly,weekly,0.0,maintained_weekly,1.0,1.0,1.0,1.0,1,1
B,77814010,9,2008,11,2012,R9KCNT,R11KCNT,0.0,0.0,less_than_weekly,less_than_weekly,0.0,persistently_below_weekly,0.0,0.0,0.0,0.0,0,0
B,77849010,9,2008,11,2012,R9KCNT,R11KCNT,1.0,1.0,weekly,weekly,0.0,maintained_weekly,0.0,0.0,1.0,1.0,1,1
B,77849020,9,2008,11,2012,R9KCNT,R11KCNT,1.0,1.0,weekly,weekly,0.0,maintained_weekly,0.0,0.0,1.0,1.0,1,1
B,77851010,9,2008,11,2012,R9KCNT,R11KCNT,1.0,1.0,weekly,weekly,0.0,maintained_weekly,1.0,1.0,1.0,1.0,1,1
B,77861010,9,2008,11,2012,R9KCNT,R11KCNT,,,no_children,no_children,,,,,,,.k,.k
B,77862010,9,2008,11,2012,R9KCNT,R11KCNT,1.0,1.0,weekly,weekly,0.0,maintained_weekly,0.0,1.0,1.0,1.0,1,1
B,77866010,9,2008,11,2012,R9KCNT,R11KCNT,1.0,1.0,weekly,weekly,0.0,maintained_weekly,1.0,1.0,1.0,1.0,1,1
B,77866020,9,2008,11,2012,R9KCNT,R11KCNT,1.0,1.0,weekly,weekly,0.0,maintained_weekly,0.0,1.0,1.0,1.0,1,1
B,77882010,9,2008,11,2012,R9KCNT,R11KCNT,,,no_children,no_children,,,,,,,.k,.k
B,77907010,9,2008,11,2012,R9KCNT,R11KCNT,1.0,1.0,weekly,weekly,0.0,maintained_weekly,0.0,0.0,1.0,1.0,1,1
B,77907020,9,2008,11,2012,R9KCNT,R11KCNT,0.0,0.0,less_than_weekly,less_than_weekly,0.0,persistently_below_weekly,0.0,0.0,0.0,0.0,0,0
B,77909020,9,2008,11,2012,R9KCNT,R11KCNT,1.0,1.0,weekly,weekly,0.0,maintained_weekly,1.0,1.0,1.0,1.0,1,1
B,77940020,9,2008,11,2012,R9KCNT,R11KCNT,1.0,1.0,weekly,weekly,0.0,maintained_weekly,0.0,0.0,1.0,1.0,1,1
B,77940030,9,2008,11,2012,R9KCNT,R11KCNT,1.0,0.0,weekly,less_than_weekly,-1.0,decreased_below_weekly,0.0,0.0,1.0,0.0,1,0
B,77994020,9,2008,11,2012,R9KCNT,R11KCNT,1.0,1.0,weekly,weekly,0.0,maintained_weekly,1.0,0.0,1.0,1.0,1,1
B,78026021,9,2008,11,2012,R9KCNT,R11KCNT,1.0,1.0,weekly,weekly,0.0,maintained_weekly,0.0,0.0,1.0,1.0,1,1
B,78070010,9,2008,11,2012,R9KCNT,R11KCNT,1.0,1.0,weekly,weekly,0.0,maintained_weekly,1.0,1.0,1.0,1.0,1,1
B,78070040,9,2008,11,2012,R9KCNT,R11KCNT,1.0,1.0,weekly,weekly,0.0,maintained_weekly,0.0,0.0,1.0,1.0,1,1
B,78211010,9,2008,11,2012,R9KCNT,R11KCNT,0.0,0.0,less_than_weekly,less_than_weekly,0.0,persistently_below_weekly,0.0,0.0,0.0,0.0,0,0
B,78223010,9,2008,11,2012,R9KCNT,R11KCNT,0.0,0.0,less_than_weekly,less_than_weekly,0.0,persistently_below_weekly,0.0,0.0,0.0,0.0,0,0
B,78223020,9,2008,11,2012,R9KCNT,R11KCNT,0.0,,less_than_weekly,no_children,,,0.0,,0.0,,0,.k
B,78253010,9,2008,11,2012,R9KCNT,R11KCNT,1.0,1.0,weekly,weekly,0.0,maintained_weekly,1.0,1.0,1.0,1.0,1,1
B,78253040,9,2008,11,2012,R9KCNT,R11KCNT,1.0,1.0,weekly,weekly,0.0,maintained_weekly,1.0,0.0,1.0,1.0,1,1
B,78273010,9,2008,11,2012,R9KCNT,R11KCNT,0.0,0.0,less_than_weekly,less_than_weekly,0.0,persistently_below_weekly,0.0,0.0,0.0,0.0,0,0
B,78309010,9,2008,11,2012,R9KCNT,R11KCNT,1.0,1.0,weekly,weekly,0.0,maintained_weekly,1.0,1.0,1.0,1.0,1,1
B,78322010,9,2008,11,2012,R9KCNT,R11KCNT,1.0,1.0,weekly,weekly,0.0,maintained_weekly,0.0,1.0,1.0,1.0,1,1
B,78341010,9,2008,11,2012,R9KCNT,R11KCNT,1.0,1.0,weekly,weekly,0.0,maintained_weekly,1.0,1.0,1.0,1.0,1,1
B,78384010,9,2008,11,2012,R9KCNT,R11KCNT,1.0,1.0,weekly,weekly,0.0,maintained_weekly,0.0,0.0,1.0,1.0,1,1
B,78384041,9,2008,11,2012,R9KCNT,R11KCNT,,0.0,not_interviewed_or_plain_missing,less_than_weekly,,,,0.0,,0.0,.,0
B,78389010,9,2008,11,2012,R9KCNT,R11KCNT,,,no_children,no_children,,,,,,,.k,.k
B,78443010,9,2008,11,2012,R9KCNT,R11KCNT,1.0,0.0,weekly,less_than_weekly,-1.0,decreased_below_weekly,0.0,0.0,1.0,0.0,1,0
B,78443011,9,2008,11,2012,R9KCNT,R11KCNT,,1.0,not_interviewed_or_plain_missing,weekly,,,,0.0,,1.0,.,1
B,78495010,9,2008,11,2012,R9KCNT,R11KCNT,1.0,1.0,weekly,weekly,0.0,maintained_weekly,1.0,0.0,1.0,1.0,1,1
B,78529010,9,2008,11,2012,R9KCNT,R11KCNT,1.0,1.0,weekly,weekly,0.0,maintained_weekly,0.0,0.0,1.0,1.0,1,1
B,78589010,9,2008,11,2012,R9KCNT,R11KCNT,1.0,,weekly,leave_behind_not_completed_or_ineligible,,,1.0,,1.0,,1,.l
B,78624020,9,2008,11,2012,R9KCNT,R11KCNT,0.0,1.0,less_than_weekly,weekly,1.0,increased_to_weekly,0.0,0.0,0.0,1.0,0,1
B,78644020,9,2008,11,2012,R9KCNT,R11KCNT,,,no_children,no_children,,,,,,,.k,.k
B,78687020,9,2008,11,2012,R9KCNT,R11KCNT,1.0,1.0,weekly,weekly,0.0,maintained_weekly,1.0,1.0,1.0,1.0,1,1
B,78716010,9,2008,11,2012,R9KCNT,R11KCNT,1.0,1.0,weekly,weekly,0.0,maintained_weekly,1.0,0.0,1.0,1.0,1,1
B,78734010,9,2008,11,2012,R9KCNT,R11KCNT,1.0,1.0,weekly,weekly,0.0,maintained_weekly,1.0,1.0,1.0,1.0,1,1
B,78748020,9,2008,11,2012,R9KCNT,R11KCNT,1.0,1.0,weekly,weekly,0.0,maintained_weekly,0.0,0.0,1.0,1.0,1,1
B,78748030,9,2008,11,2012,R9KCNT,R11KCNT,1.0,1.0,weekly,weekly,0.0,maintained_weekly,0.0,1.0,1.0,1.0,1,1
B,78760010,9,2008,11,2012,R9KCNT,R11KCNT,1.0,1.0,weekly,weekly,0.0,maintained_weekly,0.0,1.0,1.0,1.0,1,1
B,78780010,9,2008,11,2012,R9KCNT,R11KCNT,1.0,1.0,weekly,weekly,0.0,maintained_weekly,1.0,1.0,1.0,1.0,1,1
B,78840010,9,2008,11,2012,R9KCNT,R11KCNT,1.0,1.0,weekly,weekly,0.0,maintained_weekly,1.0,1.0,1.0,1.0,1,1
B,78858010,9,2008,11,2012,R9KCNT,R11KCNT,0.0,0.0,less_than_weekly,less_than_weekly,0.0,persistently_below_weekly,0.0,0.0,0.0,0.0,0,0
B,78911020,9,2008,11,2012,R9KCNT,R11KCNT,1.0,1.0,weekly,weekly,0.0,maintained_weekly,0.0,0.0,1.0,1.0,1,1
B,78911030,9,2008,11,2012,R9KCNT,R11KCNT,1.0,0.0,weekly,less_than_weekly,-1.0,decreased_below_weekly,0.0,0.0,1.0,0.0,1,0
B,78933010,9,2008,11,2012,R9KCNT,R11KCNT,1.0,1.0,weekly,weekly,0.0,maintained_weekly,0.0,1.0,1.0,1.0,1,1
B,78933020,9,2008,11,2012,R9KCNT,R11KCNT,1.0,1.0,weekly,weekly,0.0,maintained_weekly,0.0,0.0,1.0,1.0,1,1
B,78949020,9,2008,11,2012,R9KCNT,R11KCNT,1.0,1.0,weekly,weekly,0.0,maintained_weekly,0.0,0.0,1.0,1.0,1,1
B,78989010,9,2008,11,2012,R9KCNT,R11KCNT,1.0,1.0,weekly,weekly,0.0,maintained_weekly,1.0,1.0,1.0,1.0,1,1
B,78989040,9,2008,11,2012,R9KCNT,R11KCNT,1.0,1.0,weekly,weekly,0.0,maintained_weekly,1.0,0.0,1.0,1.0,1,1
B,79021010,9,2008,11,2012,R9KCNT,R11KCNT,1.0,1.0,weekly,weekly,0.0,maintained_weekly,1.0,1.0,1.0,1.0,1,1
B,79076020,9,2008,11,2012,R9KCNT,R11KCNT,0.0,0.0,less_than_weekly,less_than_weekly,0.0,persistently_below_weekly,0.0,0.0,0.0,0.0,0,0
B,79180011,9,2008,11,2012,R9KCNT,R11KCNT,0.0,0.0,less_than_weekly,less_than_weekly,0.0,persistently_below_weekly,0.0,0.0,0.0,0.0,0,0
B,79218010,9,2008,11,2012,R9KCNT,R11KCNT,1.0,1.0,weekly,weekly,0.0,maintained_weekly,1.0,1.0,1.0,1.0,1,1
B,79220010,9,2008,11,2012,R9KCNT,R11KCNT,,,no_children,no_children,,,,,,,.k,.k
B,79226020,9,2008,11,2012,R9KCNT,R11KCNT,1.0,1.0,weekly,weekly,0.0,maintained_weekly,0.0,1.0,1.0,1.0,1,1
B,79226021,9,2008,11,2012,R9KCNT,R11KCNT,1.0,1.0,weekly,weekly,0.0,maintained_weekly,1.0,0.0,1.0,1.0,1,1
B,79226030,9,2008,11,2012,R9KCNT,R11KCNT,1.0,0.0,weekly,less_than_weekly,-1.0,decreased_below_weekly,0.0,0.0,1.0,0.0,1,0
B,79230020,9,2008,11,2012,R9KCNT,R11KCNT,1.0,1.0,weekly,weekly,0.0,maintained_weekly,1.0,0.0,1.0,1.0,1,1
B,79247010,9,2008,11,2012,R9KCNT,R11KCNT,1.0,1.0,weekly,weekly,0.0,maintained_weekly,0.0,0.0,1.0,1.0,1,1
B,79289010,9,2008,11,2012,R9KCNT,R11KCNT,,0.0,no_children,less_than_weekly,,,,0.0,,0.0,.k,0
B,79318020,9,2008,11,2012,R9KCNT,R11KCNT,1.0,1.0,weekly,weekly,0.0,maintained_weekly,1.0,1.0,1.0,0.0,1,1
B,79318030,9,2008,11,2012,R9KCNT,R11KCNT,1.0,1.0,weekly,weekly,0.0,maintained_weekly,1.0,1.0,1.0,1.0,1,1
B,79326020,9,2008,11,2012,R9KCNT,R11KCNT,1.0,0.0,weekly,less_than_weekly,-1.0,decreased_below_weekly,1.0,0.0,1.0,0.0,1,0
B,79330010,9,2008,11,2012,R9KCNT,R11KCNT,1.0,1.0,weekly,weekly,0.0,maintained_weekly,1.0,0.0,1.0,1.0,1,1
B,79358010,9,2008,11,2012,R9KCNT,R11KCNT,0.0,1.0,less_than_weekly,weekly,1.0,increased_to_weekly,0.0,0.0,0.0,1.0,0,1
B,79365011,9,2008,11,2012,R9KCNT,R11KCNT,,,no_children,no_children,,,,,,,.k,.k
B,79433010,9,2008,11,2012,R9KCNT,R11KCNT,1.0,0.0,weekly,less_than_weekly,-1.0,decreased_below_weekly,0.0,0.0,1.0,0.0,1,0
B,79433020,9,2008,11,2012,R9KCNT,R11KCNT,0.0,0.0,less_than_weekly,less_than_weekly,0.0,persistently_below_weekly,0.0,0.0,0.0,0.0,0,0
B,79450010,9,2008,11,2012,R9KCNT,R11KCNT,1.0,1.0,weekly,weekly,0.0,maintained_weekly,1.0,0.0,1.0,1.0,1,1
B,79450040,9,2008,11,2012,R9KCNT,R11KCNT,1.0,1.0,weekly,weekly,0.0,maintained_weekly,0.0,1.0,1.0,1.0,1,1
B,79557010,9,2008,11,2012,R9KCNT,R11KCNT,1.0,,weekly,leave_behind_not_completed_or_ineligible,,,0.0,,1.0,,1,.l
B,79557020,9,2008,11,2012,R9KCNT,R11KCNT,1.0,1.0,weekly,weekly,0.0,maintained_weekly,0.0,0.0,1.0,1.0,1,1
B,79638010,9,2008,11,2012,R9KCNT,R11KCNT,1.0,1.0,weekly,weekly,0.0,maintained_weekly,0.0,0.0,1.0,1.0,1,1
B,79638020,9,2008,11,2012,R9KCNT,R11KCNT,1.0,1.0,weekly,weekly,0.0,maintained_weekly,1.0,1.0,1.0,1.0,1,1
B,79662010,9,2008,11,2012,R9KCNT,R11KCNT,0.0,0.0,less_than_weekly,less_than_weekly,0.0,persistently_below_weekly,0.0,0.0,0.0,0.0,0,0
B,79662011,9,2008,11,2012,R9KCNT,R11KCNT,1.0,,weekly,leave_behind_not_completed_or_ineligible,,,0.0,,1.0,,1,.l
B,79669010,9,2008,11,2012,R9KCNT,R11KCNT,,,no_children,no_children,,,,,,,.k,.k
B,79673010,9,2008,11,2012,R9KCNT,R11KCNT,1.0,,weekly,leave_behind_not_completed_or_ineligible,,,1.0,,1.0,,1,.l
B,79900020,9,2008,11,2012,R9KCNT,R11KCNT,1.0,1.0,weekly,weekly,0.0,maintained_weekly,1.0,1.0,1.0,1.0,1,1
B,79900030,9,2008,11,2012,R9KCNT,R11KCNT,1.0,1.0,weekly,weekly,0.0,maintained_weekly,1.0,1.0,1.0,1.0,1,1
B,79955010,9,2008,11,2012,R9KCNT,R11KCNT,1.0,1.0,weekly,weekly,0.0,maintained_weekly,1.0,1.0,1.0,1.0,1,1
B,79991010,9,2008,11,2012,R9KCNT,R11KCNT,1.0,1.0,weekly,weekly,0.0,maintained_weekly,1.0,1.0,1.0,1.0,1,1
B,79991020,9,2008,11,2012,R9KCNT,R11KCNT,1.0,1.0,weekly,weekly,0.0,maintained_weekly,1.0,1.0,1.0,1.0,1,1
B,80000010,9,2008,11,2012,R9KCNT,R11KCNT,1.0,1.0,weekly,weekly,0.0,maintained_weekly,0.0,0.0,1.0,1.0,1,1
B,80000020,9,2008,11,2012,R9KCNT,R11KCNT,1.0,1.0,weekly,weekly,0.0,maintained_weekly,1.0,0.0,1.0,1.0,1,1
B,80075010,9,2008,11,2012,R9KCNT,R11KCNT,1.0,1.0,weekly,weekly,0.0,maintained_weekly,1.0,1.0,1.0,1.0,1,1
B,80075020,9,2008,11,2012,R9KCNT,R11KCNT,1.0,1.0,weekly,weekly,0.0,maintained_weekly,1.0,1.0,1.0,1.0,1,1
B,80115010,9,2008,11,2012,R9KCNT,R11KCNT,1.0,1.0,weekly,weekly,0.0,maintained_weekly,1.0,1.0,1.0,1.0,1,1
B,80115020,9,2008,11,2012,R9KCNT,R11KCNT,1.0,1.0,weekly,weekly,0.0,maintained_weekly,1.0,1.0,1.0,1.0,1,1
B,80116020,9,2008,11,2012,R9KCNT,R11KCNT,1.0,1.0,weekly,weekly,0.0,maintained_weekly,1.0,1.0,1.0,1.0,1,1
B,80169010,9,2008,11,2012,R9KCNT,R11KCNT,,1.0,leave_behind_not_completed_or_ineligible,weekly,,,,1.0,,1.0,.l,1
B,80204010,9,2008,11,2012,R9KCNT,R11KCNT,1.0,1.0,weekly,weekly,0.0,maintained_weekly,0.0,0.0,1.0,1.0,1,1
B,80204020,9,2008,11,2012,R9KCNT,R11KCNT,1.0,1.0,weekly,weekly,0.0,maintained_weekly,0.0,0.0,1.0,1.0,1,1
B,80216010,9,2008,11,2012,R9KCNT,R11KCNT,0.0,0.0,less_than_weekly,less_than_weekly,0.0,persistently_below_weekly,0.0,0.0,0.0,0.0,0,0
B,80248010,9,2008,11,2012,R9KCNT,R11KCNT,0.0,0.0,less_than_weekly,less_than_weekly,0.0,persistently_below_weekly,0.0,0.0,0.0,0.0,0,0
B,80248020,9,2008,11,2012,R9KCNT,R11KCNT,0.0,0.0,less_than_weekly,less_than_weekly,0.0,persistently_below_weekly,0.0,0.0,0.0,0.0,0,0
B,80308010,9,2008,11,2012,R9KCNT,R11KCNT,1.0,1.0,weekly,weekly,0.0,maintained_weekly,0.0,0.0,1.0,1.0,1,1
B,80339010,9,2008,11,2012,R9KCNT,R11KCNT,0.0,0.0,less_than_weekly,less_than_weekly,0.0,persistently_below_weekly,0.0,0.0,0.0,0.0,0,0
B,80339040,9,2008,11,2012,R9KCNT,R11KCNT,1.0,1.0,weekly,weekly,0.0,maintained_weekly,0.0,1.0,1.0,1.0,1,1
B,80353010,9,2008,11,2012,R9KCNT,R11KCNT,,0.0,leave_behind_not_completed_or_ineligible,less_than_weekly,,,,0.0,,0.0,.l,0
B,80353040,9,2008,11,2012,R9KCNT,R11KCNT,1.0,1.0,weekly,weekly,0.0,maintained_weekly,0.0,0.0,1.0,1.0,1,1
B,80387010,9,2008,11,2012,R9KCNT,R11KCNT,1.0,1.0,weekly,weekly,0.0,maintained_weekly,1.0,1.0,1.0,1.0,1,1
B,80583010,9,2008,11,2012,R9KCNT,R11KCNT,1.0,1.0,weekly,weekly,0.0,maintained_weekly,0.0,0.0,1.0,1.0,1,1
B,80586010,9,2008,11,2012,R9KCNT,R11KCNT,1.0,1.0,weekly,weekly,0.0,maintained_weekly,1.0,1.0,1.0,1.0,1,1
B,80593010,9,2008,11,2012,R9KCNT,R11KCNT,1.0,1.0,weekly,weekly,0.0,maintained_weekly,1.0,1.0,1.0,1.0,1,1
B,80667010,9,2008,11,2012,R9KCNT,R11KCNT,1.0,1.0,weekly,weekly,0.0,maintained_weekly,0.0,0.0,1.0,1.0,1,1
B,80667020,9,2008,11,2012,R9KCNT,R11KCNT,1.0,1.0,weekly,weekly,0.0,maintained_weekly,0.0,0.0,1.0,1.0,1,1
B,80712010,9,2008,11,2012,R9KCNT,R11KCNT,0.0,1.0,less_than_weekly,weekly,1.0,increased_to_weekly,0.0,0.0,0.0,1.0,0,1
B,80712020,9,2008,11,2012,R9KCNT,R11KCNT,1.0,0.0,weekly,less_than_weekly,-1.0,decreased_below_weekly,0.0,0.0,1.0,0.0,1,0
B,80715020,9,2008,11,2012,R9KCNT,R11KCNT,1.0,1.0,weekly,weekly,0.0,maintained_weekly,0.0,0.0,1.0,1.0,1,1
B,80828010,9,2008,11,2012,R9KCNT,R11KCNT,1.0,1.0,weekly,weekly,0.0,maintained_weekly,0.0,0.0,1.0,1.0,1,1
B,80846010,9,2008,11,2012,R9KCNT,R11KCNT,1.0,1.0,weekly,weekly,0.0,maintained_weekly,1.0,1.0,1.0,1.0,1,1
B,80846040,9,2008,11,2012,R9KCNT,R11KCNT,1.0,1.0,weekly,weekly,0.0,maintained_weekly,1.0,1.0,1.0,1.0,1,1
B,80860020,9,2008,11,2012,R9KCNT,R11KCNT,1.0,1.0,weekly,weekly,0.0,maintained_weekly,0.0,0.0,1.0,1.0,1,1
B,80899010,9,2008,11,2012,R9KCNT,R11KCNT,1.0,1.0,weekly,weekly,0.0,maintained_weekly,1.0,1.0,1.0,1.0,1,1
B,80899020,9,2008,11,2012,R9KCNT,R11KCNT,1.0,1.0,weekly,weekly,0.0,maintained_weekly,1.0,1.0,1.0,1.0,1,1
B,80981010,9,2008,11,2012,R9KCNT,R11KCNT,1.0,1.0,weekly,weekly,0.0,maintained_weekly,1.0,0.0,1.0,1.0,1,1
B,81003010,9,2008,11,2012,R9KCNT,R11KCNT,1.0,1.0,weekly,weekly,0.0,maintained_weekly,1.0,0.0,1.0,1.0,1,1
B,81023010,9,2008,11,2012,R9KCNT,R11KCNT,,,no_children,no_children,,,,,,,.k,.k
B,81023011,9,2008,11,2012,R9KCNT,R11KCNT,1.0,1.0,weekly,weekly,0.0,maintained_weekly,0.0,0.0,1.0,1.0,1,1
B,81034040,9,2008,11,2012,R9KCNT,R11KCNT,1.0,1.0,weekly,weekly,0.0,maintained_weekly,0.0,0.0,1.0,1.0,1,1
B,81051010,9,2008,11,2012,R9KCNT,R11KCNT,1.0,1.0,weekly,weekly,0.0,maintained_weekly,1.0,0.0,1.0,1.0,1,1
B,81059010,9,2008,11,2012,R9KCNT,R11KCNT,1.0,1.0,weekly,weekly,0.0,maintained_weekly,1.0,1.0,1.0,1.0,1,1
B,81059020,9,2008,11,2012,R9KCNT,R11KCNT,1.0,1.0,weekly,weekly,0.0,maintained_weekly,1.0,0.0,1.0,1.0,1,1
B,81089010,9,2008,11,2012,R9KCNT,R11KCNT,1.0,1.0,weekly,weekly,0.0,maintained_weekly,0.0,0.0,1.0,1.0,1,1
B,81089040,9,2008,11,2012,R9KCNT,R11KCNT,0.0,1.0,less_than_weekly,weekly,1.0,increased_to_weekly,0.0,1.0,0.0,1.0,0,1
B,81276010,9,2008,11,2012,R9KCNT,R11KCNT,,,no_children,no_children,,,,,,,.k,.k
B,81287010,9,2008,11,2012,R9KCNT,R11KCNT,0.0,0.0,less_than_weekly,less_than_weekly,0.0,persistently_below_weekly,0.0,0.0,0.0,0.0,0,0
B,81287040,9,2008,11,2012,R9KCNT,R11KCNT,0.0,0.0,less_than_weekly,less_than_weekly,0.0,persistently_below_weekly,0.0,0.0,0.0,0.0,0,0
B,81301010,9,2008,11,2012,R9KCNT,R11KCNT,1.0,1.0,weekly,weekly,0.0,maintained_weekly,1.0,1.0,1.0,1.0,1,1
B,81342010,9,2008,11,2012,R9KCNT,R11KCNT,1.0,1.0,weekly,weekly,0.0,maintained_weekly,1.0,1.0,1.0,1.0,1,1
B,81342040,9,2008,11,2012,R9KCNT,R11KCNT,1.0,1.0,weekly,weekly,0.0,maintained_weekly,1.0,1.0,1.0,1.0,1,1
B,81344010,9,2008,11,2012,R9KCNT,R11KCNT,1.0,1.0,weekly,weekly,0.0,maintained_weekly,1.0,1.0,1.0,1.0,1,1
B,81364010,9,2008,11,2012,R9KCNT,R11KCNT,,,no_children,no_children,,,,,,,.k,.k
B,81420010,9,2008,11,2012,R9KCNT,R11KCNT,1.0,1.0,weekly,weekly,0.0,maintained_weekly,0.0,0.0,1.0,1.0,1,1
B,81448020,9,2008,11,2012,R9KCNT,R11KCNT,1.0,1.0,weekly,weekly,0.0,maintained_weekly,0.0,1.0,1.0,1.0,1,1
B,81448021,9,2008,11,2012,R9KCNT,R11KCNT,1.0,0.0,weekly,less_than_weekly,-1.0,decreased_below_weekly,0.0,0.0,1.0,0.0,1,0
B,81519020,9,2008,11,2012,R9KCNT,R11KCNT,,1.0,not_interviewed_or_plain_missing,weekly,,,,1.0,,1.0,.,1
B,81529040,9,2008,11,2012,R9KCNT,R11KCNT,1.0,1.0,weekly,weekly,0.0,maintained_weekly,1.0,0.0,1.0,1.0,1,1
B,81563010,9,2008,11,2012,R9KCNT,R11KCNT,1.0,1.0,weekly,weekly,0.0,maintained_weekly,1.0,1.0,1.0,1.0,1,1
B,81563020,9,2008,11,2012,R9KCNT,R11KCNT,1.0,,weekly,leave_behind_not_completed_or_ineligible,,,1.0,,1.0,,1,.l
B,81564010,9,2008,11,2012,R9KCNT,R11KCNT,1.0,1.0,weekly,weekly,0.0,maintained_weekly,1.0,1.0,1.0,1.0,1,1
B,81564020,9,2008,11,2012,R9KCNT,R11KCNT,1.0,1.0,weekly,weekly,0.0,maintained_weekly,1.0,1.0,1.0,1.0,1,1
B,81649010,9,2008,11,2012,R9KCNT,R11KCNT,1.0,1.0,weekly,weekly,0.0,maintained_weekly,0.0,1.0,1.0,1.0,1,1
B,81751010,9,2008,11,2012,R9KCNT,R11KCNT,1.0,1.0,weekly,weekly,0.0,maintained_weekly,1.0,1.0,1.0,1.0,1,1
B,81751020,9,2008,11,2012,R9KCNT,R11KCNT,1.0,1.0,weekly,weekly,0.0,maintained_weekly,1.0,0.0,1.0,1.0,1,1
B,81752010,9,2008,11,2012,R9KCNT,R11KCNT,0.0,0.0,less_than_weekly,less_than_weekly,0.0,persistently_below_weekly,0.0,0.0,0.0,0.0,0,0
B,81752011,9,2008,11,2012,R9KCNT,R11KCNT,1.0,1.0,weekly,weekly,0.0,maintained_weekly,0.0,0.0,1.0,1.0,1,1
B,81814010,9,2008,11,2012,R9KCNT,R11KCNT,1.0,1.0,weekly,weekly,0.0,maintained_weekly,0.0,0.0,1.0,1.0,1,1
B,81814011,9,2008,11,2012,R9KCNT,R11KCNT,0.0,0.0,less_than_weekly,less_than_weekly,0.0,persistently_below_weekly,0.0,0.0,0.0,0.0,0,0
B,81816020,9,2008,11,2012,R9KCNT,R11KCNT,1.0,1.0,weekly,weekly,0.0,maintained_weekly,1.0,1.0,1.0,1.0,1,1
B,81816030,9,2008,11,2012,R9KCNT,R11KCNT,0.0,0.0,less_than_weekly,less_than_weekly,0.0,persistently_below_weekly,0.0,0.0,0.0,0.0,0,0
B,81825020,9,2008,11,2012,R9KCNT,R11KCNT,0.0,1.0,less_than_weekly,weekly,1.0,increased_to_weekly,0.0,0.0,0.0,1.0,0,1
B,81844020,9,2008,11,2012,R9KCNT,R11KCNT,1.0,1.0,weekly,weekly,0.0,maintained_weekly,0.0,0.0,1.0,1.0,1,1
B,81844030,9,2008,11,2012,R9KCNT,R11KCNT,1.0,0.0,weekly,less_than_weekly,-1.0,decreased_below_weekly,0.0,0.0,1.0,0.0,1,0
B,81850010,9,2008,11,2012,R9KCNT,R11KCNT,0.0,0.0,less_than_weekly,less_than_weekly,0.0,persistently_below_weekly,0.0,0.0,0.0,0.0,0,0
B,81888010,9,2008,11,2012,R9KCNT,R11KCNT,0.0,1.0,less_than_weekly,weekly,1.0,increased_to_weekly,0.0,1.0,0.0,1.0,0,1
B,81925010,9,2008,11,2012,R9KCNT,R11KCNT,1.0,1.0,weekly,weekly,0.0,maintained_weekly,1.0,1.0,1.0,1.0,1,1
B,81986010,9,2008,11,2012,R9KCNT,R11KCNT,1.0,1.0,weekly,weekly,0.0,maintained_weekly,0.0,0.0,1.0,1.0,1,1
B,81986020,9,2008,11,2012,R9KCNT,R11KCNT,1.0,1.0,weekly,weekly,0.0,maintained_weekly,0.0,0.0,1.0,1.0,1,1
B,82192040,9,2008,11,2012,R9KCNT,R11KCNT,1.0,1.0,weekly,weekly,0.0,maintained_weekly,0.0,0.0,1.0,1.0,1,1
B,82314010,9,2008,11,2012,R9KCNT,R11KCNT,1.0,1.0,weekly,weekly,0.0,maintained_weekly,0.0,0.0,1.0,1.0,1,1
B,82314040,9,2008,11,2012,R9KCNT,R11KCNT,1.0,1.0,weekly,weekly,0.0,maintained_weekly,0.0,0.0,1.0,1.0,1,1
B,82323010,9,2008,11,2012,R9KCNT,R11KCNT,,,no_children,no_children,,,,,,,.k,.k
B,82390010,9,2008,11,2012,R9KCNT,R11KCNT,0.0,1.0,less_than_weekly,weekly,1.0,increased_to_weekly,0.0,0.0,0.0,1.0,0,1
B,82390040,9,2008,11,2012,R9KCNT,R11KCNT,1.0,1.0,weekly,weekly,0.0,maintained_weekly,0.0,0.0,1.0,1.0,1,1
B,82397020,9,2008,11,2012,R9KCNT,R11KCNT,1.0,1.0,weekly,weekly,0.0,maintained_weekly,1.0,1.0,1.0,0.0,1,1
B,82397030,9,2008,11,2012,R9KCNT,R11KCNT,1.0,1.0,weekly,weekly,0.0,maintained_weekly,1.0,1.0,1.0,1.0,1,1
B,82401020,9,2008,11,2012,R9KCNT,R11KCNT,1.0,1.0,weekly,weekly,0.0,maintained_weekly,0.0,0.0,1.0,1.0,1,1
B,82405020,9,2008,11,2012,R9KCNT,R11KCNT,1.0,1.0,weekly,weekly,0.0,maintained_weekly,0.0,0.0,1.0,1.0,1,1
B,82436010,9,2008,11,2012,R9KCNT,R11KCNT,1.0,1.0,weekly,weekly,0.0,maintained_weekly,0.0,1.0,1.0,1.0,1,1
B,82479010,9,2008,11,2012,R9KCNT,R11KCNT,1.0,1.0,weekly,weekly,0.0,maintained_weekly,0.0,1.0,1.0,1.0,1,1
B,82479040,9,2008,11,2012,R9KCNT,R11KCNT,1.0,1.0,weekly,weekly,0.0,maintained_weekly,1.0,1.0,1.0,1.0,1,1
B,82522010,9,2008,11,2012,R9KCNT,R11KCNT,1.0,0.0,weekly,less_than_weekly,-1.0,decreased_below_weekly,0.0,0.0,1.0,0.0,1,0
B,82522020,9,2008,11,2012,R9KCNT,R11KCNT,1.0,1.0,weekly,weekly,0.0,maintained_weekly,0.0,0.0,1.0,1.0,1,1
B,82525020,9,2008,11,2012,R9KCNT,R11KCNT,1.0,1.0,weekly,weekly,0.0,maintained_weekly,0.0,0.0,1.0,1.0,1,1
B,82552010,9,2008,11,2012,R9KCNT,R11KCNT,,,no_children,no_children,,,,,,,.k,.k
B,82562010,9,2008,11,2012,R9KCNT,R11KCNT,0.0,,less_than_weekly,missing_response,,,0.0,,0.0,,0,.m
B,82566010,9,2008,11,2012,R9KCNT,R11KCNT,0.0,1.0,less_than_weekly,weekly,1.0,increased_to_weekly,0.0,0.0,0.0,1.0,0,1
B,82648010,9,2008,11,2012,R9KCNT,R11KCNT,1.0,1.0,weekly,weekly,0.0,maintained_weekly,1.0,1.0,1.0,1.0,1,1
B,82648040,9,2008,11,2012,R9KCNT,R11KCNT,1.0,1.0,weekly,weekly,0.0,maintained_weekly,1.0,1.0,1.0,0.0,1,1
B,82692010,9,2008,11,2012,R9KCNT,R11KCNT,1.0,1.0,weekly,weekly,0.0,maintained_weekly,0.0,1.0,1.0,1.0,1,1
B,82699040,9,2008,11,2012,R9KCNT,R11KCNT,1.0,1.0,weekly,weekly,0.0,maintained_weekly,1.0,1.0,1.0,1.0,1,1
B,82729010,9,2008,11,2012,R9KCNT,R11KCNT,0.0,1.0,less_than_weekly,weekly,1.0,increased_to_weekly,0.0,0.0,0.0,1.0,0,1
B,82729020,9,2008,11,2012,R9KCNT,R11KCNT,1.0,0.0,weekly,less_than_weekly,-1.0,decreased_below_weekly,1.0,0.0,1.0,0.0,1,0
B,82796010,9,2008,11,2012,R9KCNT,R11KCNT,1.0,1.0,weekly,weekly,0.0,maintained_weekly,0.0,0.0,1.0,1.0,1,1
B,82796011,9,2008,11,2012,R9KCNT,R11KCNT,1.0,1.0,weekly,weekly,0.0,maintained_weekly,0.0,0.0,1.0,1.0,1,1
B,82797010,9,2008,11,2012,R9KCNT,R11KCNT,1.0,,weekly,leave_behind_not_completed_or_ineligible,,,1.0,,0.0,,1,.l
B,82797020,9,2008,11,2012,R9KCNT,R11KCNT,1.0,,weekly,leave_behind_not_completed_or_ineligible,,,1.0,,1.0,,1,.l
B,82857010,9,2008,11,2012,R9KCNT,R11KCNT,0.0,1.0,less_than_weekly,weekly,1.0,increased_to_weekly,0.0,0.0,0.0,1.0,0,1
B,82922020,9,2008,11,2012,R9KCNT,R11KCNT,1.0,1.0,weekly,weekly,0.0,maintained_weekly,0.0,0.0,1.0,1.0,1,1
B,82922030,9,2008,11,2012,R9KCNT,R11KCNT,1.0,1.0,weekly,weekly,0.0,maintained_weekly,0.0,0.0,1.0,1.0,1,1
B,82932010,9,2008,11,2012,R9KCNT,R11KCNT,1.0,0.0,weekly,less_than_weekly,-1.0,decreased_below_weekly,0.0,0.0,1.0,0.0,1,0
B,82965010,9,2008,11,2012,R9KCNT,R11KCNT,1.0,1.0,weekly,weekly,0.0,maintained_weekly,1.0,1.0,1.0,1.0,1,1
B,82965020,9,2008,11,2012,R9KCNT,R11KCNT,1.0,1.0,weekly,weekly,0.0,maintained_weekly,1.0,1.0,1.0,1.0,1,1
B,82989010,9,2008,11,2012,R9KCNT,R11KCNT,0.0,1.0,less_than_weekly,weekly,1.0,increased_to_weekly,0.0,1.0,0.0,1.0,0,1
B,82989040,9,2008,11,2012,R9KCNT,R11KCNT,1.0,1.0,weekly,weekly,0.0,maintained_weekly,1.0,1.0,1.0,1.0,1,1
B,83014010,9,2008,11,2012,R9KCNT,R11KCNT,,,no_children,no_children,,,,,,,.k,.k
B,83020010,9,2008,11,2012,R9KCNT,R11KCNT,1.0,1.0,weekly,weekly,0.0,maintained_weekly,0.0,1.0,1.0,1.0,1,1
B,83020020,9,2008,11,2012,R9KCNT,R11KCNT,1.0,1.0,weekly,weekly,0.0,maintained_weekly,0.0,1.0,1.0,1.0,1,1
B,83032020,9,2008,11,2012,R9KCNT,R11KCNT,0.0,0.0,less_than_weekly,less_than_weekly,0.0,persistently_below_weekly,0.0,0.0,0.0,0.0,0,0
B,83034010,9,2008,11,2012,R9KCNT,R11KCNT,1.0,1.0,weekly,weekly,0.0,maintained_weekly,0.0,1.0,1.0,1.0,1,1
B,83103010,9,2008,11,2012,R9KCNT,R11KCNT,0.0,0.0,less_than_weekly,less_than_weekly,0.0,persistently_below_weekly,0.0,0.0,0.0,0.0,0,0
B,83108010,9,2008,11,2012,R9KCNT,R11KCNT,1.0,1.0,weekly,weekly,0.0,maintained_weekly,1.0,1.0,1.0,1.0,1,1
B,83131010,9,2008,11,2012,R9KCNT,R11KCNT,1.0,1.0,weekly,weekly,0.0,maintained_weekly,0.0,0.0,1.0,1.0,1,1
B,83181010,9,2008,11,2012,R9KCNT,R11KCNT,1.0,1.0,weekly,weekly,0.0,maintained_weekly,1.0,1.0,1.0,1.0,1,1
B,83181020,9,2008,11,2012,R9KCNT,R11KCNT,,1.0,leave_behind_not_completed_or_ineligible,weekly,,,,1.0,,1.0,.l,1
B,83227010,9,2008,11,2012,R9KCNT,R11KCNT,1.0,1.0,weekly,weekly,0.0,maintained_weekly,0.0,1.0,1.0,1.0,1,1
B,83400010,9,2008,11,2012,R9KCNT,R11KCNT,1.0,1.0,weekly,weekly,0.0,maintained_weekly,0.0,0.0,1.0,1.0,1,1
B,83440010,9,2008,11,2012,R9KCNT,R11KCNT,1.0,1.0,weekly,weekly,0.0,maintained_weekly,0.0,0.0,1.0,1.0,1,1
B,83440020,9,2008,11,2012,R9KCNT,R11KCNT,0.0,1.0,less_than_weekly,weekly,1.0,increased_to_weekly,0.0,1.0,0.0,1.0,0,1
B,83474010,9,2008,11,2012,R9KCNT,R11KCNT,,,no_children,no_children,,,,,,,.k,.k
B,83474040,9,2008,11,2012,R9KCNT,R11KCNT,,,no_children,no_children,,,,,,,.k,.k
B,83478010,9,2008,11,2012,R9KCNT,R11KCNT,1.0,1.0,weekly,weekly,0.0,maintained_weekly,1.0,1.0,1.0,1.0,1,1
B,83533020,9,2008,11,2012,R9KCNT,R11KCNT,1.0,1.0,weekly,weekly,0.0,maintained_weekly,1.0,1.0,1.0,1.0,1,1
B,83535010,9,2008,11,2012,R9KCNT,R11KCNT,1.0,1.0,weekly,weekly,0.0,maintained_weekly,1.0,0.0,1.0,1.0,1,1
B,83535020,9,2008,11,2012,R9KCNT,R11KCNT,1.0,0.0,weekly,less_than_weekly,-1.0,decreased_below_weekly,1.0,0.0,1.0,0.0,1,0
B,83559011,9,2008,11,2012,R9KCNT,R11KCNT,0.0,1.0,less_than_weekly,weekly,1.0,increased_to_weekly,0.0,0.0,0.0,1.0,0,1
B,83589010,9,2008,11,2012,R9KCNT,R11KCNT,1.0,1.0,weekly,weekly,0.0,maintained_weekly,0.0,0.0,1.0,1.0,1,1
B,83667020,9,2008,11,2012,R9KCNT,R11KCNT,1.0,1.0,weekly,weekly,0.0,maintained_weekly,0.0,0.0,1.0,1.0,1,1
B,83705020,9,2008,11,2012,R9KCNT,R11KCNT,1.0,1.0,weekly,weekly,0.0,maintained_weekly,1.0,1.0,0.0,1.0,1,1
B,83705030,9,2008,11,2012,R9KCNT,R11KCNT,1.0,1.0,weekly,weekly,0.0,maintained_weekly,0.0,0.0,1.0,1.0,1,1
B,83720010,9,2008,11,2012,R9KCNT,R11KCNT,1.0,1.0,weekly,weekly,0.0,maintained_weekly,0.0,0.0,1.0,1.0,1,1
B,83721010,9,2008,11,2012,R9KCNT,R11KCNT,1.0,,weekly,leave_behind_not_completed_or_ineligible,,,0.0,,1.0,,1,.l
B,83789010,9,2008,11,2012,R9KCNT,R11KCNT,0.0,0.0,less_than_weekly,less_than_weekly,0.0,persistently_below_weekly,0.0,0.0,0.0,0.0,0,0
B,83842010,9,2008,11,2012,R9KCNT,R11KCNT,1.0,1.0,weekly,weekly,0.0,maintained_weekly,1.0,1.0,1.0,1.0,1,1
B,83860010,9,2008,11,2012,R9KCNT,R11KCNT,1.0,0.0,weekly,less_than_weekly,-1.0,decreased_below_weekly,1.0,0.0,0.0,0.0,1,0
B,83860020,9,2008,11,2012,R9KCNT,R11KCNT,1.0,0.0,weekly,less_than_weekly,-1.0,decreased_below_weekly,,,1.0,0.0,1,0
B,83884020,9,2008,11,2012,R9KCNT,R11KCNT,1.0,1.0,weekly,weekly,0.0,maintained_weekly,1.0,1.0,1.0,1.0,1,1
B,83884030,9,2008,11,2012,R9KCNT,R11KCNT,1.0,1.0,weekly,weekly,0.0,maintained_weekly,1.0,0.0,0.0,1.0,1,1
B,83902010,9,2008,11,2012,R9KCNT,R11KCNT,1.0,1.0,weekly,weekly,0.0,maintained_weekly,0.0,0.0,1.0,1.0,1,1
B,83914020,9,2008,11,2012,R9KCNT,R11KCNT,1.0,1.0,weekly,weekly,0.0,maintained_weekly,1.0,1.0,1.0,1.0,1,1
B,84005010,9,2008,11,2012,R9KCNT,R11KCNT,1.0,1.0,weekly,weekly,0.0,maintained_weekly,1.0,0.0,1.0,1.0,1,1
B,84009010,9,2008,11,2012,R9KCNT,R11KCNT,1.0,1.0,weekly,weekly,0.0,maintained_weekly,1.0,1.0,1.0,1.0,1,1
B,84052010,9,2008,11,2012,R9KCNT,R11KCNT,1.0,1.0,weekly,weekly,0.0,maintained_weekly,0.0,0.0,1.0,1.0,1,1
B,84058040,9,2008,11,2012,R9KCNT,R11KCNT,0.0,1.0,less_than_weekly,weekly,1.0,increased_to_weekly,0.0,0.0,0.0,1.0,0,1
B,84101010,9,2008,11,2012,R9KCNT,R11KCNT,1.0,1.0,weekly,weekly,0.0,maintained_weekly,1.0,0.0,1.0,1.0,1,1
B,84101020,9,2008,11,2012,R9KCNT,R11KCNT,1.0,1.0,weekly,weekly,0.0,maintained_weekly,1.0,0.0,1.0,1.0,1,1
B,84119010,9,2008,11,2012,R9KCNT,R11KCNT,1.0,1.0,weekly,weekly,0.0,maintained_weekly,1.0,0.0,0.0,1.0,1,1
B,84135010,9,2008,11,2012,R9KCNT,R11KCNT,1.0,1.0,weekly,weekly,0.0,maintained_weekly,1.0,1.0,1.0,1.0,1,1
B,84135040,9,2008,11,2012,R9KCNT,R11KCNT,1.0,1.0,weekly,weekly,0.0,maintained_weekly,0.0,1.0,1.0,1.0,1,1
B,84137010,9,2008,11,2012,R9KCNT,R11KCNT,1.0,1.0,weekly,weekly,0.0,maintained_weekly,1.0,0.0,1.0,1.0,1,1
B,84137020,9,2008,11,2012,R9KCNT,R11KCNT,1.0,1.0,weekly,weekly,0.0,maintained_weekly,1.0,0.0,1.0,1.0,1,1
B,84164010,9,2008,11,2012,R9KCNT,R11KCNT,0.0,0.0,less_than_weekly,less_than_weekly,0.0,persistently_below_weekly,0.0,0.0,0.0,0.0,0,0
B,84164040,9,2008,11,2012,R9KCNT,R11KCNT,0.0,0.0,less_than_weekly,less_than_weekly,0.0,persistently_below_weekly,0.0,0.0,0.0,0.0,0,0
B,84177010,9,2008,11,2012,R9KCNT,R11KCNT,1.0,1.0,weekly,weekly,0.0,maintained_weekly,1.0,1.0,1.0,1.0,1,1
B,84177020,9,2008,11,2012,R9KCNT,R11KCNT,0.0,1.0,less_than_weekly,weekly,1.0,increased_to_weekly,0.0,1.0,0.0,1.0,0,1
B,84194010,9,2008,11,2012,R9KCNT,R11KCNT,1.0,1.0,weekly,weekly,0.0,maintained_weekly,1.0,1.0,1.0,1.0,1,1
B,84194020,9,2008,11,2012,R9KCNT,R11KCNT,1.0,1.0,weekly,weekly,0.0,maintained_weekly,1.0,0.0,1.0,1.0,1,1
B,84199010,9,2008,11,2012,R9KCNT,R11KCNT,0.0,,less_than_weekly,leave_behind_not_completed_or_ineligible,,,0.0,,0.0,,0,.l
B,84199020,9,2008,11,2012,R9KCNT,R11KCNT,0.0,,less_than_weekly,leave_behind_not_completed_or_ineligible,,,0.0,,0.0,,0,.l
B,84201010,9,2008,11,2012,R9KCNT,R11KCNT,1.0,1.0,weekly,weekly,0.0,maintained_weekly,0.0,0.0,1.0,1.0,1,1
B,84201020,9,2008,11,2012,R9KCNT,R11KCNT,1.0,1.0,weekly,weekly,0.0,maintained_weekly,1.0,0.0,1.0,1.0,1,1
B,84218010,9,2008,11,2012,R9KCNT,R11KCNT,1.0,1.0,weekly,weekly,0.0,maintained_weekly,1.0,1.0,1.0,0.0,1,1
B,84309010,9,2008,11,2012,R9KCNT,R11KCNT,0.0,0.0,less_than_weekly,less_than_weekly,0.0,persistently_below_weekly,0.0,0.0,0.0,0.0,0,0
B,84311020,9,2008,11,2012,R9KCNT,R11KCNT,0.0,1.0,less_than_weekly,weekly,1.0,increased_to_weekly,0.0,0.0,0.0,1.0,0,1
B,84334010,9,2008,11,2012,R9KCNT,R11KCNT,1.0,1.0,weekly,weekly,0.0,maintained_weekly,0.0,1.0,1.0,1.0,1,1
B,84391010,9,2008,11,2012,R9KCNT,R11KCNT,,0.0,no_children,less_than_weekly,,,,0.0,,0.0,.k,0
B,84391011,9,2008,11,2012,R9KCNT,R11KCNT,0.0,,less_than_weekly,no_children,,,0.0,,0.0,,0,.k
B,84418020,9,2008,11,2012,R9KCNT,R11KCNT,0.0,1.0,less_than_weekly,weekly,1.0,increased_to_weekly,0.0,0.0,0.0,1.0,0,1
B,84433020,9,2008,11,2012,R9KCNT,R11KCNT,1.0,1.0,weekly,weekly,0.0,maintained_weekly,0.0,0.0,1.0,1.0,1,1
B,84443010,9,2008,11,2012,R9KCNT,R11KCNT,1.0,1.0,weekly,weekly,0.0,maintained_weekly,1.0,1.0,1.0,1.0,1,1
B,84443040,9,2008,11,2012,R9KCNT,R11KCNT,1.0,1.0,weekly,weekly,0.0,maintained_weekly,1.0,1.0,1.0,1.0,1,1
B,84454021,9,2008,11,2012,R9KCNT,R11KCNT,1.0,1.0,weekly,weekly,0.0,maintained_weekly,1.0,1.0,1.0,1.0,1,1
B,84455010,9,2008,11,2012,R9KCNT,R11KCNT,1.0,1.0,weekly,weekly,0.0,maintained_weekly,1.0,1.0,1.0,1.0,1,1
B,84455020,9,2008,11,2012,R9KCNT,R11KCNT,1.0,1.0,weekly,weekly,0.0,maintained_weekly,1.0,1.0,1.0,1.0,1,1
B,84489010,9,2008,11,2012,R9KCNT,R11KCNT,1.0,1.0,weekly,weekly,0.0,maintained_weekly,1.0,1.0,1.0,0.0,1,1
B,84489020,9,2008,11,2012,R9KCNT,R11KCNT,1.0,1.0,weekly,weekly,0.0,maintained_weekly,1.0,1.0,1.0,0.0,1,1
B,84492010,9,2008,11,2012,R9KCNT,R11KCNT,1.0,,weekly,missing_response,,,0.0,,1.0,,1,.m
B,84502020,9,2008,11,2012,R9KCNT,R11KCNT,0.0,0.0,less_than_weekly,less_than_weekly,0.0,persistently_below_weekly,0.0,0.0,0.0,0.0,0,0
B,84512010,9,2008,11,2012,R9KCNT,R11KCNT,1.0,1.0,weekly,weekly,0.0,maintained_weekly,1.0,1.0,1.0,0.0,1,1
B,84512040,9,2008,11,2012,R9KCNT,R11KCNT,1.0,1.0,weekly,weekly,0.0,maintained_weekly,1.0,1.0,1.0,1.0,1,1
B,84515020,9,2008,11,2012,R9KCNT,R11KCNT,0.0,0.0,less_than_weekly,less_than_weekly,0.0,persistently_below_weekly,0.0,0.0,0.0,0.0,0,0
B,84519020,9,2008,11,2012,R9KCNT,R11KCNT,1.0,1.0,weekly,weekly,0.0,maintained_weekly,0.0,0.0,1.0,1.0,1,1
B,84519030,9,2008,11,2012,R9KCNT,R11KCNT,1.0,0.0,weekly,less_than_weekly,-1.0,decreased_below_weekly,0.0,0.0,1.0,0.0,1,0
B,84550010,9,2008,11,2012,R9KCNT,R11KCNT,1.0,1.0,weekly,weekly,0.0,maintained_weekly,1.0,0.0,1.0,1.0,1,1
B,84575010,9,2008,11,2012,R9KCNT,R11KCNT,1.0,1.0,weekly,weekly,0.0,maintained_weekly,0.0,0.0,1.0,1.0,1,1
B,84575020,9,2008,11,2012,R9KCNT,R11KCNT,1.0,0.0,weekly,less_than_weekly,-1.0,decreased_below_weekly,0.0,0.0,1.0,0.0,1,0
B,84597010,9,2008,11,2012,R9KCNT,R11KCNT,0.0,0.0,less_than_weekly,less_than_weekly,0.0,persistently_below_weekly,0.0,0.0,0.0,0.0,0,0
B,84635010,9,2008,11,2012,R9KCNT,R11KCNT,,,no_children,no_children,,,,,,,.k,.k
B,84635040,9,2008,11,2012,R9KCNT,R11KCNT,,,no_children,no_children,,,,,,,.k,.k
B,84641020,9,2008,11,2012,R9KCNT,R11KCNT,0.0,0.0,less_than_weekly,less_than_weekly,0.0,persistently_below_weekly,0.0,0.0,0.0,0.0,0,0
B,84754010,9,2008,11,2012,R9KCNT,R11KCNT,0.0,1.0,less_than_weekly,weekly,1.0,increased_to_weekly,0.0,0.0,0.0,1.0,0,1
B,84754040,9,2008,11,2012,R9KCNT,R11KCNT,1.0,1.0,weekly,weekly,0.0,maintained_weekly,1.0,0.0,1.0,1.0,1,1
B,84772030,9,2008,11,2012,R9KCNT,R11KCNT,1.0,1.0,weekly,weekly,0.0,maintained_weekly,0.0,1.0,1.0,1.0,1,1
B,84776020,9,2008,11,2012,R9KCNT,R11KCNT,1.0,0.0,weekly,less_than_weekly,-1.0,decreased_below_weekly,,,1.0,0.0,1,0
B,84788010,9,2008,11,2012,R9KCNT,R11KCNT,1.0,,weekly,leave_behind_not_completed_or_ineligible,,,1.0,,1.0,,1,.l
B,84794020,9,2008,11,2012,R9KCNT,R11KCNT,1.0,1.0,weekly,weekly,0.0,maintained_weekly,1.0,1.0,1.0,1.0,1,1
B,84798010,9,2008,11,2012,R9KCNT,R11KCNT,1.0,1.0,weekly,weekly,0.0,maintained_weekly,0.0,0.0,1.0,1.0,1,1
B,84798020,9,2008,11,2012,R9KCNT,R11KCNT,1.0,1.0,weekly,weekly,0.0,maintained_weekly,0.0,0.0,1.0,1.0,1,1
B,84948010,9,2008,11,2012,R9KCNT,R11KCNT,1.0,1.0,weekly,weekly,0.0,maintained_weekly,0.0,1.0,1.0,1.0,1,1
B,84951010,9,2008,11,2012,R9KCNT,R11KCNT,,1.0,leave_behind_not_completed_or_ineligible,weekly,,,,0.0,,1.0,.l,1
B,85001040,9,2008,11,2012,R9KCNT,R11KCNT,,,leave_behind_not_completed_or_ineligible,no_children,,,,,,,.l,.k
B,85096020,9,2008,11,2012,R9KCNT,R11KCNT,1.0,1.0,weekly,weekly,0.0,maintained_weekly,0.0,0.0,1.0,1.0,1,1
B,85173010,9,2008,11,2012,R9KCNT,R11KCNT,1.0,1.0,weekly,weekly,0.0,maintained_weekly,1.0,1.0,1.0,1.0,1,1
B,85184010,9,2008,11,2012,R9KCNT,R11KCNT,1.0,1.0,weekly,weekly,0.0,maintained_weekly,0.0,0.0,1.0,1.0,1,1
B,85184040,9,2008,11,2012,R9KCNT,R11KCNT,1.0,1.0,weekly,weekly,0.0,maintained_weekly,0.0,0.0,1.0,1.0,1,1
B,85196010,9,2008,11,2012,R9KCNT,R11KCNT,1.0,1.0,weekly,weekly,0.0,maintained_weekly,0.0,0.0,1.0,1.0,1,1
B,85196011,9,2008,11,2012,R9KCNT,R11KCNT,,,no_children,no_children,,,,,,,.k,.k
B,85262020,9,2008,11,2012,R9KCNT,R11KCNT,1.0,1.0,weekly,weekly,0.0,maintained_weekly,1.0,1.0,1.0,0.0,1,1
B,85262030,9,2008,11,2012,R9KCNT,R11KCNT,1.0,1.0,weekly,weekly,0.0,maintained_weekly,1.0,1.0,1.0,1.0,1,1
B,85319010,9,2008,11,2012,R9KCNT,R11KCNT,1.0,1.0,weekly,weekly,0.0,maintained_weekly,0.0,0.0,1.0,1.0,1,1
B,85319040,9,2008,11,2012,R9KCNT,R11KCNT,1.0,1.0,weekly,weekly,0.0,maintained_weekly,0.0,1.0,1.0,1.0,1,1
B,85372020,9,2008,11,2012,R9KCNT,R11KCNT,0.0,,less_than_weekly,missing_response,,,0.0,,0.0,,0,.m
B,85372030,9,2008,11,2012,R9KCNT,R11KCNT,1.0,1.0,weekly,weekly,0.0,maintained_weekly,0.0,1.0,1.0,1.0,1,1
B,85379011,9,2008,11,2012,R9KCNT,R11KCNT,1.0,1.0,weekly,weekly,0.0,maintained_weekly,0.0,0.0,1.0,1.0,1,1
B,85421010,9,2008,11,2012,R9KCNT,R11KCNT,1.0,1.0,weekly,weekly,0.0,maintained_weekly,0.0,0.0,1.0,1.0,1,1
B,85421020,9,2008,11,2012,R9KCNT,R11KCNT,0.0,1.0,less_than_weekly,weekly,1.0,increased_to_weekly,0.0,0.0,0.0,1.0,0,1
B,85482010,9,2008,11,2012,R9KCNT,R11KCNT,1.0,1.0,weekly,weekly,0.0,maintained_weekly,1.0,1.0,1.0,1.0,1,1
B,85482020,9,2008,11,2012,R9KCNT,R11KCNT,1.0,1.0,weekly,weekly,0.0,maintained_weekly,1.0,1.0,1.0,1.0,1,1
B,85511010,9,2008,11,2012,R9KCNT,R11KCNT,1.0,1.0,weekly,weekly,0.0,maintained_weekly,0.0,0.0,1.0,1.0,1,1
B,85515020,9,2008,11,2012,R9KCNT,R11KCNT,1.0,1.0,weekly,weekly,0.0,maintained_weekly,1.0,1.0,1.0,1.0,1,1
B,85517010,9,2008,11,2012,R9KCNT,R11KCNT,,1.0,leave_behind_not_completed_or_ineligible,weekly,,,,1.0,,1.0,.l,1
B,85517040,9,2008,11,2012,R9KCNT,R11KCNT,1.0,1.0,weekly,weekly,0.0,maintained_weekly,1.0,1.0,1.0,1.0,1,1
B,85527010,9,2008,11,2012,R9KCNT,R11KCNT,1.0,1.0,weekly,weekly,0.0,maintained_weekly,1.0,1.0,0.0,0.0,1,1
B,85527020,9,2008,11,2012,R9KCNT,R11KCNT,1.0,1.0,weekly,weekly,0.0,maintained_weekly,1.0,0.0,1.0,1.0,1,1
B,85544010,9,2008,11,2012,R9KCNT,R11KCNT,0.0,0.0,less_than_weekly,less_than_weekly,0.0,persistently_below_weekly,0.0,0.0,0.0,0.0,0,0
B,85544020,9,2008,11,2012,R9KCNT,R11KCNT,1.0,1.0,weekly,weekly,0.0,maintained_weekly,0.0,0.0,1.0,1.0,1,1
B,85573021,9,2008,11,2012,R9KCNT,R11KCNT,1.0,1.0,weekly,weekly,0.0,maintained_weekly,1.0,1.0,1.0,1.0,1,1
B,85587010,9,2008,11,2012,R9KCNT,R11KCNT,1.0,1.0,weekly,weekly,0.0,maintained_weekly,0.0,0.0,1.0,1.0,1,1
B,85616020,9,2008,11,2012,R9KCNT,R11KCNT,1.0,,weekly,missing_response,,,0.0,,1.0,,1,.m
B,85616030,9,2008,11,2012,R9KCNT,R11KCNT,1.0,1.0,weekly,weekly,0.0,maintained_weekly,1.0,1.0,1.0,1.0,1,1
B,85630010,9,2008,11,2012,R9KCNT,R11KCNT,,,no_children,no_children,,,,,,,.k,.k
B,85690040,9,2008,11,2012,R9KCNT,R11KCNT,,1.0,not_interviewed_or_plain_missing,weekly,,,,0.0,,1.0,.,1
B,85766010,9,2008,11,2012,R9KCNT,R11KCNT,1.0,1.0,weekly,weekly,0.0,maintained_weekly,1.0,0.0,1.0,1.0,1,1
B,85825010,9,2008,11,2012,R9KCNT,R11KCNT,1.0,1.0,weekly,weekly,0.0,maintained_weekly,1.0,1.0,1.0,1.0,1,1
B,85908020,9,2008,11,2012,R9KCNT,R11KCNT,,1.0,leave_behind_not_completed_or_ineligible,weekly,,,,1.0,,1.0,.l,1
B,85918010,9,2008,11,2012,R9KCNT,R11KCNT,1.0,0.0,weekly,less_than_weekly,-1.0,decreased_below_weekly,1.0,0.0,1.0,0.0,1,0
B,85918040,9,2008,11,2012,R9KCNT,R11KCNT,0.0,0.0,less_than_weekly,less_than_weekly,0.0,persistently_below_weekly,0.0,0.0,0.0,0.0,0,0
B,85931020,9,2008,11,2012,R9KCNT,R11KCNT,,,no_children,no_children,,,,,,,.k,.k
B,85969010,9,2008,11,2012,R9KCNT,R11KCNT,1.0,1.0,weekly,weekly,0.0,maintained_weekly,1.0,0.0,1.0,1.0,1,1
B,85971040,9,2008,11,2012,R9KCNT,R11KCNT,1.0,1.0,weekly,weekly,0.0,maintained_weekly,0.0,1.0,1.0,1.0,1,1
B,85992010,9,2008,11,2012,R9KCNT,R11KCNT,1.0,1.0,weekly,weekly,0.0,maintained_weekly,1.0,1.0,1.0,1.0,1,1
B,85992040,9,2008,11,2012,R9KCNT,R11KCNT,1.0,1.0,weekly,weekly,0.0,maintained_weekly,1.0,1.0,1.0,1.0,1,1
B,86024010,9,2008,11,2012,R9KCNT,R11KCNT,1.0,1.0,weekly,weekly,0.0,maintained_weekly,1.0,1.0,1.0,1.0,1,1
B,86024020,9,2008,11,2012,R9KCNT,R11KCNT,1.0,1.0,weekly,weekly,0.0,maintained_weekly,1.0,1.0,1.0,1.0,1,1
B,86037020,9,2008,11,2012,R9KCNT,R11KCNT,1.0,1.0,weekly,weekly,0.0,maintained_weekly,0.0,0.0,1.0,1.0,1,1
B,86072010,9,2008,11,2012,R9KCNT,R11KCNT,1.0,1.0,weekly,weekly,0.0,maintained_weekly,1.0,1.0,1.0,1.0,1,1
B,86072020,9,2008,11,2012,R9KCNT,R11KCNT,1.0,1.0,weekly,weekly,0.0,maintained_weekly,1.0,1.0,1.0,1.0,1,1
B,86082010,9,2008,11,2012,R9KCNT,R11KCNT,1.0,1.0,weekly,weekly,0.0,maintained_weekly,1.0,1.0,1.0,1.0,1,1
B,86123010,9,2008,11,2012,R9KCNT,R11KCNT,1.0,1.0,weekly,weekly,0.0,maintained_weekly,1.0,1.0,1.0,1.0,1,1
B,86128020,9,2008,11,2012,R9KCNT,R11KCNT,1.0,1.0,weekly,weekly,0.0,maintained_weekly,0.0,1.0,1.0,1.0,1,1
B,86129010,9,2008,11,2012,R9KCNT,R11KCNT,1.0,1.0,weekly,weekly,0.0,maintained_weekly,,1.0,1.0,1.0,1,1
B,86151010,9,2008,11,2012,R9KCNT,R11KCNT,1.0,1.0,weekly,weekly,0.0,maintained_weekly,1.0,1.0,1.0,1.0,1,1
B,86167010,9,2008,11,2012,R9KCNT,R11KCNT,1.0,1.0,weekly,weekly,0.0,maintained_weekly,1.0,0.0,1.0,1.0,1,1
B,86192010,9,2008,11,2012,R9KCNT,R11KCNT,1.0,1.0,weekly,weekly,0.0,maintained_weekly,1.0,1.0,1.0,1.0,1,1
B,86203010,9,2008,11,2012,R9KCNT,R11KCNT,0.0,0.0,less_than_weekly,less_than_weekly,0.0,persistently_below_weekly,0.0,0.0,0.0,0.0,0,0
B,86231010,9,2008,11,2012,R9KCNT,R11KCNT,1.0,1.0,weekly,weekly,0.0,maintained_weekly,1.0,1.0,1.0,1.0,1,1
B,86269020,9,2008,11,2012,R9KCNT,R11KCNT,1.0,1.0,weekly,weekly,0.0,maintained_weekly,1.0,1.0,1.0,1.0,1,1
B,86293010,9,2008,11,2012,R9KCNT,R11KCNT,1.0,1.0,weekly,weekly,0.0,maintained_weekly,1.0,0.0,1.0,1.0,1,1
B,86307010,9,2008,11,2012,R9KCNT,R11KCNT,1.0,1.0,weekly,weekly,0.0,maintained_weekly,0.0,0.0,1.0,1.0,1,1
B,86307020,9,2008,11,2012,R9KCNT,R11KCNT,1.0,0.0,weekly,less_than_weekly,-1.0,decreased_below_weekly,0.0,0.0,1.0,0.0,1,0
B,86324010,9,2008,11,2012,R9KCNT,R11KCNT,1.0,1.0,weekly,weekly,0.0,maintained_weekly,1.0,1.0,1.0,1.0,1,1
B,86354010,9,2008,11,2012,R9KCNT,R11KCNT,1.0,1.0,weekly,weekly,0.0,maintained_weekly,0.0,0.0,1.0,1.0,1,1
B,86421010,9,2008,11,2012,R9KCNT,R11KCNT,1.0,1.0,weekly,weekly,0.0,maintained_weekly,0.0,0.0,1.0,1.0,1,1
B,86424010,9,2008,11,2012,R9KCNT,R11KCNT,,1.0,leave_behind_not_completed_or_ineligible,weekly,,,,1.0,,1.0,.l,1
B,86424020,9,2008,11,2012,R9KCNT,R11KCNT,0.0,0.0,less_than_weekly,less_than_weekly,0.0,persistently_below_weekly,0.0,0.0,0.0,0.0,0,0
B,86473010,9,2008,11,2012,R9KCNT,R11KCNT,1.0,1.0,weekly,weekly,0.0,maintained_weekly,0.0,1.0,1.0,1.0,1,1
B,86508010,9,2008,11,2012,R9KCNT,R11KCNT,1.0,1.0,weekly,weekly,0.0,maintained_weekly,0.0,0.0,1.0,1.0,1,1
B,86508011,9,2008,11,2012,R9KCNT,R11KCNT,1.0,0.0,weekly,less_than_weekly,-1.0,decreased_below_weekly,0.0,0.0,1.0,0.0,1,0
B,86526030,9,2008,11,2012,R9KCNT,R11KCNT,1.0,0.0,weekly,less_than_weekly,-1.0,decreased_below_weekly,1.0,0.0,0.0,0.0,1,0
B,86545020,9,2008,11,2012,R9KCNT,R11KCNT,1.0,1.0,weekly,weekly,0.0,maintained_weekly,0.0,0.0,1.0,1.0,1,1
B,86545030,9,2008,11,2012,R9KCNT,R11KCNT,1.0,0.0,weekly,less_than_weekly,-1.0,decreased_below_weekly,0.0,0.0,1.0,0.0,1,0
B,86626020,9,2008,11,2012,R9KCNT,R11KCNT,1.0,1.0,weekly,weekly,0.0,maintained_weekly,0.0,0.0,1.0,1.0,1,1
B,86628020,9,2008,11,2012,R9KCNT,R11KCNT,1.0,1.0,weekly,weekly,0.0,maintained_weekly,0.0,0.0,1.0,1.0,1,1
B,86724010,9,2008,11,2012,R9KCNT,R11KCNT,1.0,1.0,weekly,weekly,0.0,maintained_weekly,0.0,0.0,1.0,1.0,1,1
B,86724020,9,2008,11,2012,R9KCNT,R11KCNT,1.0,1.0,weekly,weekly,0.0,maintained_weekly,0.0,1.0,1.0,1.0,1,1
B,86735020,9,2008,11,2012,R9KCNT,R11KCNT,0.0,0.0,less_than_weekly,less_than_weekly,0.0,persistently_below_weekly,0.0,0.0,0.0,0.0,0,0
B,86735021,9,2008,11,2012,R9KCNT,R11KCNT,1.0,1.0,weekly,weekly,0.0,maintained_weekly,1.0,1.0,1.0,1.0,1,1
B,86777020,9,2008,11,2012,R9KCNT,R11KCNT,1.0,0.0,weekly,less_than_weekly,-1.0,decreased_below_weekly,1.0,0.0,0.0,0.0,1,0
B,86777030,9,2008,11,2012,R9KCNT,R11KCNT,0.0,1.0,less_than_weekly,weekly,1.0,increased_to_weekly,0.0,0.0,0.0,1.0,0,1
B,86783010,9,2008,11,2012,R9KCNT,R11KCNT,1.0,1.0,weekly,weekly,0.0,maintained_weekly,0.0,0.0,1.0,1.0,1,1
B,86808020,9,2008,11,2012,R9KCNT,R11KCNT,0.0,1.0,less_than_weekly,weekly,1.0,increased_to_weekly,0.0,1.0,0.0,1.0,0,1
B,86820020,9,2008,11,2012,R9KCNT,R11KCNT,1.0,1.0,weekly,weekly,0.0,maintained_weekly,0.0,1.0,1.0,1.0,1,1
B,86836010,9,2008,11,2012,R9KCNT,R11KCNT,,1.0,no_children,weekly,,,,1.0,,1.0,.k,1
B,86893010,9,2008,11,2012,R9KCNT,R11KCNT,0.0,0.0,less_than_weekly,less_than_weekly,0.0,persistently_below_weekly,0.0,0.0,0.0,0.0,0,0
B,86893020,9,2008,11,2012,R9KCNT,R11KCNT,1.0,1.0,weekly,weekly,0.0,maintained_weekly,0.0,0.0,1.0,1.0,1,1
B,86894010,9,2008,11,2012,R9KCNT,R11KCNT,,,no_children,no_children,,,,,,,.k,.k
B,86894020,9,2008,11,2012,R9KCNT,R11KCNT,,,no_children,no_children,,,,,,,.k,.k
B,87044020,9,2008,11,2012,R9KCNT,R11KCNT,,,no_children,no_children,,,,,,,.k,.k
B,87079020,9,2008,11,2012,R9KCNT,R11KCNT,1.0,,weekly,not_interviewed_or_plain_missing,,,0.0,,1.0,,1,.
B,87095010,9,2008,11,2012,R9KCNT,R11KCNT,1.0,1.0,weekly,weekly,0.0,maintained_weekly,1.0,1.0,1.0,1.0,1,1
B,87095020,9,2008,11,2012,R9KCNT,R11KCNT,1.0,1.0,weekly,weekly,0.0,maintained_weekly,1.0,1.0,1.0,1.0,1,1
B,87247010,9,2008,11,2012,R9KCNT,R11KCNT,1.0,1.0,weekly,weekly,0.0,maintained_weekly,1.0,1.0,1.0,1.0,1,1
B,87278020,9,2008,11,2012,R9KCNT,R11KCNT,1.0,1.0,weekly,weekly,0.0,maintained_weekly,0.0,0.0,1.0,1.0,1,1
B,87287020,9,2008,11,2012,R9KCNT,R11KCNT,0.0,,less_than_weekly,not_interviewed_or_plain_missing,,,0.0,,0.0,,0,.
B,87314010,9,2008,11,2012,R9KCNT,R11KCNT,,,no_children,no_children,,,,,,,.k,.k
B,87363020,9,2008,11,2012,R9KCNT,R11KCNT,1.0,1.0,weekly,weekly,0.0,maintained_weekly,1.0,1.0,1.0,1.0,1,1
B,87363030,9,2008,11,2012,R9KCNT,R11KCNT,1.0,1.0,weekly,weekly,0.0,maintained_weekly,1.0,1.0,0.0,0.0,1,1
B,87401010,9,2008,11,2012,R9KCNT,R11KCNT,,1.0,missing_response,weekly,,,,1.0,,1.0,.m,1
B,87402010,9,2008,11,2012,R9KCNT,R11KCNT,,1.0,missing_response,weekly,,,,0.0,,1.0,.m,1
B,87402020,9,2008,11,2012,R9KCNT,R11KCNT,1.0,1.0,weekly,weekly,0.0,maintained_weekly,0.0,0.0,1.0,1.0,1,1
B,87447020,9,2008,11,2012,R9KCNT,R11KCNT,0.0,1.0,less_than_weekly,weekly,1.0,increased_to_weekly,0.0,0.0,0.0,1.0,0,1
B,87447030,9,2008,11,2012,R9KCNT,R11KCNT,1.0,1.0,weekly,weekly,0.0,maintained_weekly,0.0,0.0,1.0,1.0,1,1
B,87463010,9,2008,11,2012,R9KCNT,R11KCNT,1.0,1.0,weekly,weekly,0.0,maintained_weekly,0.0,0.0,1.0,1.0,1,1
B,87469010,9,2008,11,2012,R9KCNT,R11KCNT,0.0,0.0,less_than_weekly,less_than_weekly,0.0,persistently_below_weekly,0.0,0.0,0.0,0.0,0,0
B,87469020,9,2008,11,2012,R9KCNT,R11KCNT,0.0,0.0,less_than_weekly,less_than_weekly,0.0,persistently_below_weekly,0.0,0.0,0.0,0.0,0,0
B,87495030,9,2008,11,2012,R9KCNT,R11KCNT,1.0,1.0,weekly,weekly,0.0,maintained_weekly,,0.0,1.0,1.0,1,1
B,87542010,9,2008,11,2012,R9KCNT,R11KCNT,0.0,1.0,less_than_weekly,weekly,1.0,increased_to_weekly,0.0,0.0,0.0,1.0,0,1
B,87542020,9,2008,11,2012,R9KCNT,R11KCNT,1.0,1.0,weekly,weekly,0.0,maintained_weekly,1.0,1.0,1.0,1.0,1,1
B,87549040,9,2008,11,2012,R9KCNT,R11KCNT,1.0,1.0,weekly,weekly,0.0,maintained_weekly,1.0,1.0,1.0,1.0,1,1
B,87555020,9,2008,11,2012,R9KCNT,R11KCNT,0.0,0.0,less_than_weekly,less_than_weekly,0.0,persistently_below_weekly,0.0,0.0,0.0,0.0,0,0
B,87555030,9,2008,11,2012,R9KCNT,R11KCNT,1.0,1.0,weekly,weekly,0.0,maintained_weekly,1.0,0.0,1.0,1.0,1,1
B,87610010,9,2008,11,2012,R9KCNT,R11KCNT,1.0,1.0,weekly,weekly,0.0,maintained_weekly,0.0,1.0,1.0,1.0,1,1
B,87610040,9,2008,11,2012,R9KCNT,R11KCNT,1.0,,weekly,no_children,,,0.0,,1.0,,1,.k
B,87619020,9,2008,11,2012,R9KCNT,R11KCNT,1.0,1.0,weekly,weekly,0.0,maintained_weekly,0.0,0.0,1.0,1.0,1,1
B,87631010,9,2008,11,2012,R9KCNT,R11KCNT,1.0,1.0,weekly,weekly,0.0,maintained_weekly,0.0,1.0,1.0,1.0,1,1
B,87648010,9,2008,11,2012,R9KCNT,R11KCNT,1.0,1.0,weekly,weekly,0.0,maintained_weekly,1.0,1.0,1.0,1.0,1,1
B,87648020,9,2008,11,2012,R9KCNT,R11KCNT,1.0,1.0,weekly,weekly,0.0,maintained_weekly,1.0,1.0,1.0,1.0,1,1
B,87695010,9,2008,11,2012,R9KCNT,R11KCNT,,0.0,no_children,less_than_weekly,,,,,,0.0,.k,0
B,87934010,9,2008,11,2012,R9KCNT,R11KCNT,0.0,0.0,less_than_weekly,less_than_weekly,0.0,persistently_below_weekly,0.0,0.0,0.0,0.0,0,0
B,87934020,9,2008,11,2012,R9KCNT,R11KCNT,1.0,0.0,weekly,less_than_weekly,-1.0,decreased_below_weekly,0.0,0.0,1.0,0.0,1,0
B,88186010,9,2008,11,2012,R9KCNT,R11KCNT,1.0,1.0,weekly,weekly,0.0,maintained_weekly,0.0,0.0,1.0,1.0,1,1
B,88186020,9,2008,11,2012,R9KCNT,R11KCNT,1.0,1.0,weekly,weekly,0.0,maintained_weekly,0.0,0.0,1.0,1.0,1,1
B,88206020,9,2008,11,2012,R9KCNT,R11KCNT,0.0,1.0,less_than_weekly,weekly,1.0,increased_to_weekly,0.0,1.0,0.0,1.0,0,1
B,88329011,9,2008,11,2012,R9KCNT,R11KCNT,0.0,0.0,less_than_weekly,less_than_weekly,0.0,persistently_below_weekly,0.0,,0.0,0.0,0,0
B,89277010,9,2008,11,2012,R9KCNT,R11KCNT,0.0,1.0,less_than_weekly,weekly,1.0,increased_to_weekly,0.0,1.0,0.0,0.0,0,1
B,89277020,9,2008,11,2012,R9KCNT,R11KCNT,1.0,1.0,weekly,weekly,0.0,maintained_weekly,1.0,1.0,1.0,1.0,1,1
B,90296010,9,2008,11,2012,R9KCNT,R11KCNT,1.0,1.0,weekly,weekly,0.0,maintained_weekly,1.0,1.0,1.0,1.0,1,1
B,90296040,9,2008,11,2012,R9KCNT,R11KCNT,1.0,1.0,weekly,weekly,0.0,maintained_weekly,1.0,1.0,1.0,1.0,1,1
B,90563030,9,2008,11,2012,R9KCNT,R11KCNT,,,no_children,missing_response,,,,,,,.k,.m
B,90647010,9,2008,11,2012,R9KCNT,R11KCNT,,,no_children,not_interviewed_or_plain_missing,,,,,,,.k,.
B,92329010,9,2008,11,2012,R9KCNT,R11KCNT,1.0,1.0,weekly,weekly,0.0,maintained_weekly,0.0,1.0,1.0,1.0,1,1
B,92329040,9,2008,11,2012,R9KCNT,R11KCNT,1.0,0.0,weekly,less_than_weekly,-1.0,decreased_below_weekly,1.0,0.0,1.0,0.0,1,0
B,92596020,9,2008,11,2012,R9KCNT,R11KCNT,0.0,0.0,less_than_weekly,less_than_weekly,0.0,persistently_below_weekly,0.0,0.0,0.0,0.0,0,0
B,92596030,9,2008,11,2012,R9KCNT,R11KCNT,1.0,1.0,weekly,weekly,0.0,maintained_weekly,1.0,0.0,1.0,1.0,1,1
B,94618010,9,2008,11,2012,R9KCNT,R11KCNT,1.0,1.0,weekly,weekly,0.0,maintained_weekly,1.0,1.0,0.0,1.0,1,1
B,94618040,9,2008,11,2012,R9KCNT,R11KCNT,1.0,1.0,weekly,weekly,0.0,maintained_weekly,1.0,1.0,1.0,1.0,1,1
B,94741010,9,2008,11,2012,R9KCNT,R11KCNT,1.0,1.0,weekly,weekly,0.0,maintained_weekly,1.0,1.0,1.0,1.0,1,1
B,94741020,9,2008,11,2012,R9KCNT,R11KCNT,1.0,1.0,weekly,weekly,0.0,maintained_weekly,1.0,1.0,1.0,1.0,1,1
B,95650010,9,2008,11,2012,R9KCNT,R11KCNT,1.0,1.0,weekly,weekly,0.0,maintained_weekly,1.0,1.0,1.0,1.0,1,1
B,95650040,9,2008,11,2012,R9KCNT,R11KCNT,1.0,1.0,weekly,weekly,0.0,maintained_weekly,1.0,0.0,1.0,1.0,1,1
B,96578010,9,2008,11,2012,R9KCNT,R11KCNT,1.0,1.0,weekly,weekly,0.0,maintained_weekly,0.0,0.0,1.0,1.0,1,1
B,96578040,9,2008,11,2012,R9KCNT,R11KCNT,1.0,1.0,weekly,weekly,0.0,maintained_weekly,0.0,0.0,1.0,1.0,1,1
B,110065010,9,2008,11,2012,R9KCNT,R11KCNT,1.0,1.0,weekly,weekly,0.0,maintained_weekly,1.0,0.0,1.0,1.0,1,1
B,110096010,9,2008,11,2012,R9KCNT,R11KCNT,,1.0,leave_behind_not_completed_or_ineligible,weekly,,,,1.0,,1.0,.l,1
B,110398020,9,2008,11,2012,R9KCNT,R11KCNT,1.0,1.0,weekly,weekly,0.0,maintained_weekly,0.0,0.0,1.0,1.0,1,1
B,110455010,9,2008,11,2012,R9KCNT,R11KCNT,1.0,1.0,weekly,weekly,0.0,maintained_weekly,0.0,0.0,1.0,1.0,1,1
B,110455020,9,2008,11,2012,R9KCNT,R11KCNT,1.0,1.0,weekly,weekly,0.0,maintained_weekly,0.0,0.0,1.0,1.0,1,1
B,110942010,9,2008,11,2012,R9KCNT,R11KCNT,,,no_children,no_children,,,,,,,.k,.k
B,111363010,9,2008,11,2012,R9KCNT,R11KCNT,1.0,1.0,weekly,weekly,0.0,maintained_weekly,0.0,1.0,1.0,1.0,1,1
B,111597010,9,2008,11,2012,R9KCNT,R11KCNT,0.0,,less_than_weekly,leave_behind_not_completed_or_ineligible,,,0.0,,0.0,,0,.l
B,111640010,9,2008,11,2012,R9KCNT,R11KCNT,1.0,1.0,weekly,weekly,0.0,maintained_weekly,0.0,1.0,1.0,1.0,1,1
B,111919020,9,2008,11,2012,R9KCNT,R11KCNT,,1.0,no_children,weekly,,,,0.0,,1.0,.k,1
B,112722010,9,2008,11,2012,R9KCNT,R11KCNT,1.0,1.0,weekly,weekly,0.0,maintained_weekly,0.0,0.0,1.0,1.0,1,1
B,112752010,9,2008,11,2012,R9KCNT,R11KCNT,0.0,0.0,less_than_weekly,less_than_weekly,0.0,persistently_below_weekly,0.0,0.0,0.0,0.0,0,0
B,112875010,9,2008,11,2012,R9KCNT,R11KCNT,,0.0,leave_behind_not_completed_or_ineligible,less_than_weekly,,,,0.0,,0.0,.l,0
B,113396020,9,2008,11,2012,R9KCNT,R11KCNT,,0.0,leave_behind_not_completed_or_ineligible,less_than_weekly,,,,0.0,,0.0,.l,0
B,113932010,9,2008,11,2012,R9KCNT,R11KCNT,0.0,0.0,less_than_weekly,less_than_weekly,0.0,persistently_below_weekly,0.0,0.0,0.0,0.0,0,0
B,114169010,9,2008,11,2012,R9KCNT,R11KCNT,1.0,1.0,weekly,weekly,0.0,maintained_weekly,1.0,1.0,1.0,1.0,1,1
B,114187010,9,2008,11,2012,R9KCNT,R11KCNT,0.0,0.0,less_than_weekly,less_than_weekly,0.0,persistently_below_weekly,0.0,0.0,0.0,0.0,0,0
B,114187020,9,2008,11,2012,R9KCNT,R11KCNT,1.0,1.0,weekly,weekly,0.0,maintained_weekly,0.0,0.0,1.0,1.0,1,1
B,114203010,9,2008,11,2012,R9KCNT,R11KCNT,1.0,1.0,weekly,weekly,0.0,maintained_weekly,1.0,1.0,1.0,1.0,1,1
B,114231010,9,2008,11,2012,R9KCNT,R11KCNT,1.0,1.0,weekly,weekly,0.0,maintained_weekly,1.0,1.0,1.0,1.0,1,1
B,114311010,9,2008,11,2012,R9KCNT,R11KCNT,1.0,1.0,weekly,weekly,0.0,maintained_weekly,0.0,0.0,1.0,1.0,1,1
B,114311020,9,2008,11,2012,R9KCNT,R11KCNT,1.0,1.0,weekly,weekly,0.0,maintained_weekly,0.0,0.0,1.0,1.0,1,1
B,114312010,9,2008,11,2012,R9KCNT,R11KCNT,1.0,1.0,weekly,weekly,0.0,maintained_weekly,1.0,0.0,1.0,1.0,1,1
B,114348010,9,2008,11,2012,R9KCNT,R11KCNT,1.0,1.0,weekly,weekly,0.0,maintained_weekly,1.0,1.0,1.0,1.0,1,1
B,114348020,9,2008,11,2012,R9KCNT,R11KCNT,1.0,1.0,weekly,weekly,0.0,maintained_weekly,0.0,0.0,1.0,1.0,1,1
B,114508010,9,2008,11,2012,R9KCNT,R11KCNT,1.0,1.0,weekly,weekly,0.0,maintained_weekly,0.0,0.0,1.0,1.0,1,1
B,114563010,9,2008,11,2012,R9KCNT,R11KCNT,1.0,,weekly,leave_behind_not_completed_or_ineligible,,,0.0,,1.0,,1,.l
B,114563020,9,2008,11,2012,R9KCNT,R11KCNT,0.0,0.0,less_than_weekly,less_than_weekly,0.0,persistently_below_weekly,0.0,0.0,0.0,0.0,0,0
B,114717010,9,2008,11,2012,R9KCNT,R11KCNT,1.0,1.0,weekly,weekly,0.0,maintained_weekly,0.0,0.0,1.0,1.0,1,1
B,115025010,9,2008,11,2012,R9KCNT,R11KCNT,1.0,1.0,weekly,weekly,0.0,maintained_weekly,1.0,1.0,1.0,1.0,1,1
B,115355010,9,2008,11,2012,R9KCNT,R11KCNT,1.0,0.0,weekly,less_than_weekly,-1.0,decreased_below_weekly,1.0,0.0,1.0,0.0,1,0
B,115355020,9,2008,11,2012,R9KCNT,R11KCNT,0.0,0.0,less_than_weekly,less_than_weekly,0.0,persistently_below_weekly,0.0,0.0,0.0,0.0,0,0
B,115530020,9,2008,11,2012,R9KCNT,R11KCNT,1.0,1.0,weekly,weekly,0.0,maintained_weekly,0.0,0.0,1.0,1.0,1,1
B,115702010,9,2008,11,2012,R9KCNT,R11KCNT,1.0,1.0,weekly,weekly,0.0,maintained_weekly,0.0,0.0,1.0,1.0,1,1
B,115925010,9,2008,11,2012,R9KCNT,R11KCNT,,1.0,missing_response,weekly,,,,0.0,,1.0,.m,1
B,116292010,9,2008,11,2012,R9KCNT,R11KCNT,1.0,1.0,weekly,weekly,0.0,maintained_weekly,1.0,1.0,1.0,0.0,1,1
B,116557010,9,2008,11,2012,R9KCNT,R11KCNT,1.0,,weekly,leave_behind_not_completed_or_ineligible,,,1.0,,1.0,,1,.l
B,116716010,9,2008,11,2012,R9KCNT,R11KCNT,1.0,1.0,weekly,weekly,0.0,maintained_weekly,0.0,1.0,1.0,1.0,1,1
B,116990010,9,2008,11,2012,R9KCNT,R11KCNT,1.0,1.0,weekly,weekly,0.0,maintained_weekly,1.0,0.0,1.0,1.0,1,1
B,116990020,9,2008,11,2012,R9KCNT,R11KCNT,0.0,0.0,less_than_weekly,less_than_weekly,0.0,persistently_below_weekly,0.0,0.0,0.0,0.0,0,0
B,117044010,9,2008,11,2012,R9KCNT,R11KCNT,1.0,1.0,weekly,weekly,0.0,maintained_weekly,0.0,0.0,1.0,1.0,1,1
B,117144020,9,2008,11,2012,R9KCNT,R11KCNT,1.0,0.0,weekly,less_than_weekly,-1.0,decreased_below_weekly,0.0,0.0,1.0,0.0,1,0
B,117144021,9,2008,11,2012,R9KCNT,R11KCNT,1.0,1.0,weekly,weekly,0.0,maintained_weekly,1.0,1.0,1.0,1.0,1,1
B,117245010,9,2008,11,2012,R9KCNT,R11KCNT,1.0,1.0,weekly,weekly,0.0,maintained_weekly,0.0,0.0,1.0,1.0,1,1
B,117441010,9,2008,11,2012,R9KCNT,R11KCNT,0.0,1.0,less_than_weekly,weekly,1.0,increased_to_weekly,0.0,1.0,0.0,1.0,0,1
B,117662010,9,2008,11,2012,R9KCNT,R11KCNT,1.0,1.0,weekly,weekly,0.0,maintained_weekly,1.0,0.0,1.0,1.0,1,1
B,117690010,9,2008,11,2012,R9KCNT,R11KCNT,1.0,1.0,weekly,weekly,0.0,maintained_weekly,1.0,0.0,1.0,1.0,1,1
B,117690020,9,2008,11,2012,R9KCNT,R11KCNT,1.0,1.0,weekly,weekly,0.0,maintained_weekly,1.0,0.0,1.0,1.0,1,1
B,117782010,9,2008,11,2012,R9KCNT,R11KCNT,,1.0,leave_behind_not_completed_or_ineligible,weekly,,,,0.0,,1.0,.l,1
B,117988010,9,2008,11,2012,R9KCNT,R11KCNT,1.0,1.0,weekly,weekly,0.0,maintained_weekly,1.0,0.0,1.0,1.0,1,1
B,118027020,9,2008,11,2012,R9KCNT,R11KCNT,1.0,1.0,weekly,weekly,0.0,maintained_weekly,1.0,1.0,1.0,1.0,1,1
B,118055010,9,2008,11,2012,R9KCNT,R11KCNT,,1.0,not_interviewed_or_plain_missing,weekly,,,,0.0,,1.0,.,1
B,118253010,9,2008,11,2012,R9KCNT,R11KCNT,1.0,1.0,weekly,weekly,0.0,maintained_weekly,1.0,0.0,1.0,1.0,1,1
B,118337010,9,2008,11,2012,R9KCNT,R11KCNT,1.0,1.0,weekly,weekly,0.0,maintained_weekly,0.0,0.0,1.0,1.0,1,1
B,118337020,9,2008,11,2012,R9KCNT,R11KCNT,,,no_children,no_children,,,,,,,.k,.k
B,118353010,9,2008,11,2012,R9KCNT,R11KCNT,1.0,,weekly,leave_behind_not_completed_or_ineligible,,,0.0,,1.0,,1,.l
B,118444010,9,2008,11,2012,R9KCNT,R11KCNT,,0.0,no_children,less_than_weekly,,,,0.0,,0.0,.k,0
B,118598010,9,2008,11,2012,R9KCNT,R11KCNT,,1.0,leave_behind_not_completed_or_ineligible,weekly,,,,0.0,,1.0,.l,1
B,118995010,9,2008,11,2012,R9KCNT,R11KCNT,0.0,1.0,less_than_weekly,weekly,1.0,increased_to_weekly,0.0,1.0,0.0,0.0,0,1
B,119366010,9,2008,11,2012,R9KCNT,R11KCNT,1.0,0.0,weekly,less_than_weekly,-1.0,decreased_below_weekly,0.0,0.0,1.0,0.0,1,0
B,119376010,9,2008,11,2012,R9KCNT,R11KCNT,,,no_children,no_children,,,,,,,.k,.k
B,119448010,9,2008,11,2012,R9KCNT,R11KCNT,1.0,1.0,weekly,weekly,0.0,maintained_weekly,0.0,0.0,1.0,1.0,1,1
B,119804010,9,2008,11,2012,R9KCNT,R11KCNT,1.0,0.0,weekly,less_than_weekly,-1.0,decreased_below_weekly,0.0,0.0,1.0,0.0,1,0
B,119908010,9,2008,11,2012,R9KCNT,R11KCNT,0.0,0.0,less_than_weekly,less_than_weekly,0.0,persistently_below_weekly,0.0,0.0,0.0,0.0,0,0
B,119908020,9,2008,11,2012,R9KCNT,R11KCNT,1.0,,weekly,leave_behind_not_completed_or_ineligible,,,0.0,,1.0,,1,.l
B,120078010,9,2008,11,2012,R9KCNT,R11KCNT,1.0,1.0,weekly,weekly,0.0,maintained_weekly,1.0,1.0,1.0,1.0,1,1
B,120078020,9,2008,11,2012,R9KCNT,R11KCNT,1.0,1.0,weekly,weekly,0.0,maintained_weekly,0.0,0.0,1.0,1.0,1,1
B,120214010,9,2008,11,2012,R9KCNT,R11KCNT,0.0,0.0,less_than_weekly,less_than_weekly,0.0,persistently_below_weekly,0.0,0.0,0.0,0.0,0,0
B,120214020,9,2008,11,2012,R9KCNT,R11KCNT,,,no_children,no_children,,,,,,,.k,.k
B,120250010,9,2008,11,2012,R9KCNT,R11KCNT,1.0,1.0,weekly,weekly,0.0,maintained_weekly,1.0,0.0,1.0,1.0,1,1
B,120364010,9,2008,11,2012,R9KCNT,R11KCNT,0.0,0.0,less_than_weekly,less_than_weekly,0.0,persistently_below_weekly,0.0,0.0,0.0,0.0,0,0
B,120372010,9,2008,11,2012,R9KCNT,R11KCNT,,,no_children,no_children,,,,,,,.k,.k
B,120881010,9,2008,11,2012,R9KCNT,R11KCNT,,,no_children,no_children,,,,,,,.k,.k
B,120881011,9,2008,11,2012,R9KCNT,R11KCNT,1.0,0.0,weekly,less_than_weekly,-1.0,decreased_below_weekly,0.0,0.0,1.0,0.0,1,0
B,121006010,9,2008,11,2012,R9KCNT,R11KCNT,0.0,0.0,less_than_weekly,less_than_weekly,0.0,persistently_below_weekly,0.0,0.0,0.0,0.0,0,0
B,121006020,9,2008,11,2012,R9KCNT,R11KCNT,0.0,0.0,less_than_weekly,less_than_weekly,0.0,persistently_below_weekly,0.0,0.0,0.0,0.0,0,0
B,121197010,9,2008,11,2012,R9KCNT,R11KCNT,1.0,,weekly,no_children,,,1.0,,1.0,,1,.k
B,121324010,9,2008,11,2012,R9KCNT,R11KCNT,,,no_children,no_children,,,,,,,.k,.k
B,121426010,9,2008,11,2012,R9KCNT,R11KCNT,1.0,1.0,weekly,weekly,0.0,maintained_weekly,0.0,1.0,1.0,1.0,1,1
B,121620010,9,2008,11,2012,R9KCNT,R11KCNT,1.0,1.0,weekly,weekly,0.0,maintained_weekly,1.0,1.0,1.0,1.0,1,1
B,121665010,9,2008,11,2012,R9KCNT,R11KCNT,0.0,1.0,less_than_weekly,weekly,1.0,increased_to_weekly,0.0,0.0,0.0,1.0,0,1
B,121665020,9,2008,11,2012,R9KCNT,R11KCNT,1.0,1.0,weekly,weekly,0.0,maintained_weekly,0.0,1.0,1.0,1.0,1,1
B,121740010,9,2008,11,2012,R9KCNT,R11KCNT,1.0,1.0,weekly,weekly,0.0,maintained_weekly,0.0,0.0,1.0,1.0,1,1
B,121816020,9,2008,11,2012,R9KCNT,R11KCNT,,1.0,leave_behind_not_completed_or_ineligible,weekly,,,,0.0,,1.0,.l,1
B,122005010,9,2008,11,2012,R9KCNT,R11KCNT,1.0,1.0,weekly,weekly,0.0,maintained_weekly,0.0,0.0,1.0,1.0,1,1
B,122031010,9,2008,11,2012,R9KCNT,R11KCNT,1.0,1.0,weekly,weekly,0.0,maintained_weekly,1.0,0.0,1.0,1.0,1,1
B,122211010,9,2008,11,2012,R9KCNT,R11KCNT,0.0,1.0,less_than_weekly,weekly,1.0,increased_to_weekly,0.0,0.0,0.0,1.0,0,1
B,122425010,9,2008,11,2012,R9KCNT,R11KCNT,0.0,0.0,less_than_weekly,less_than_weekly,0.0,persistently_below_weekly,0.0,0.0,0.0,0.0,0,0
B,122520010,9,2008,11,2012,R9KCNT,R11KCNT,1.0,1.0,weekly,weekly,0.0,maintained_weekly,0.0,0.0,1.0,1.0,1,1
B,122520020,9,2008,11,2012,R9KCNT,R11KCNT,1.0,1.0,weekly,weekly,0.0,maintained_weekly,0.0,0.0,1.0,1.0,1,1
B,122525020,9,2008,11,2012,R9KCNT,R11KCNT,1.0,1.0,weekly,weekly,0.0,maintained_weekly,1.0,1.0,1.0,0.0,1,1
B,122629010,9,2008,11,2012,R9KCNT,R11KCNT,1.0,1.0,weekly,weekly,0.0,maintained_weekly,1.0,1.0,1.0,1.0,1,1
B,122629020,9,2008,11,2012,R9KCNT,R11KCNT,1.0,1.0,weekly,weekly,0.0,maintained_weekly,1.0,1.0,1.0,1.0,1,1
B,122669010,9,2008,11,2012,R9KCNT,R11KCNT,,0.0,not_interviewed_or_plain_missing,less_than_weekly,,,,0.0,,0.0,.,0
B,122692020,9,2008,11,2012,R9KCNT,R11KCNT,1.0,0.0,weekly,less_than_weekly,-1.0,decreased_below_weekly,0.0,0.0,1.0,0.0,1,0
B,123278010,9,2008,11,2012,R9KCNT,R11KCNT,1.0,1.0,weekly,weekly,0.0,maintained_weekly,0.0,1.0,1.0,1.0,1,1
B,123911010,9,2008,11,2012,R9KCNT,R11KCNT,1.0,1.0,weekly,weekly,0.0,maintained_weekly,1.0,0.0,1.0,1.0,1,1
B,123920010,9,2008,11,2012,R9KCNT,R11KCNT,1.0,1.0,weekly,weekly,0.0,maintained_weekly,0.0,0.0,1.0,1.0,1,1
B,124074010,9,2008,11,2012,R9KCNT,R11KCNT,0.0,0.0,less_than_weekly,less_than_weekly,0.0,persistently_below_weekly,0.0,0.0,0.0,0.0,0,0
B,124083010,9,2008,11,2012,R9KCNT,R11KCNT,1.0,0.0,weekly,less_than_weekly,-1.0,decreased_below_weekly,0.0,0.0,1.0,0.0,1,0
B,124127010,9,2008,11,2012,R9KCNT,R11KCNT,,,no_children,no_children,,,,,,,.k,.k
B,124310010,9,2008,11,2012,R9KCNT,R11KCNT,1.0,1.0,weekly,weekly,0.0,maintained_weekly,0.0,0.0,1.0,1.0,1,1
B,124310020,9,2008,11,2012,R9KCNT,R11KCNT,0.0,0.0,less_than_weekly,less_than_weekly,0.0,persistently_below_weekly,0.0,0.0,0.0,0.0,0,0
B,124590010,9,2008,11,2012,R9KCNT,R11KCNT,1.0,1.0,weekly,weekly,0.0,maintained_weekly,0.0,0.0,1.0,1.0,1,1
B,124590020,9,2008,11,2012,R9KCNT,R11KCNT,1.0,,weekly,missing_response,,,0.0,,1.0,,1,.m
B,124709010,9,2008,11,2012,R9KCNT,R11KCNT,1.0,1.0,weekly,weekly,0.0,maintained_weekly,1.0,1.0,1.0,1.0,1,1
B,125040011,9,2008,11,2012,R9KCNT,R11KCNT,0.0,0.0,less_than_weekly,less_than_weekly,0.0,persistently_below_weekly,0.0,0.0,0.0,0.0,0,0
B,125084010,9,2008,11,2012,R9KCNT,R11KCNT,0.0,1.0,less_than_weekly,weekly,1.0,increased_to_weekly,0.0,1.0,0.0,1.0,0,1
B,125088010,9,2008,11,2012,R9KCNT,R11KCNT,1.0,1.0,weekly,weekly,0.0,maintained_weekly,1.0,1.0,1.0,1.0,1,1
B,125088020,9,2008,11,2012,R9KCNT,R11KCNT,1.0,1.0,weekly,weekly,0.0,maintained_weekly,1.0,1.0,1.0,1.0,1,1
B,125330010,9,2008,11,2012,R9KCNT,R11KCNT,1.0,1.0,weekly,weekly,0.0,maintained_weekly,0.0,1.0,1.0,1.0,1,1
B,125511010,9,2008,11,2012,R9KCNT,R11KCNT,1.0,1.0,weekly,weekly,0.0,maintained_weekly,0.0,0.0,1.0,1.0,1,1
B,125511020,9,2008,11,2012,R9KCNT,R11KCNT,1.0,0.0,weekly,less_than_weekly,-1.0,decreased_below_weekly,0.0,0.0,1.0,0.0,1,0
B,130075010,9,2008,11,2012,R9KCNT,R11KCNT,,,no_children,no_children,,,,,,,.k,.k
B,130102010,9,2008,11,2012,R9KCNT,R11KCNT,1.0,1.0,weekly,weekly,0.0,maintained_weekly,0.0,1.0,1.0,1.0,1,1
B,130259010,9,2008,11,2012,R9KCNT,R11KCNT,0.0,1.0,less_than_weekly,weekly,1.0,increased_to_weekly,0.0,1.0,0.0,1.0,0,1
B,131693010,9,2008,11,2012,R9KCNT,R11KCNT,1.0,0.0,weekly,less_than_weekly,-1.0,decreased_below_weekly,0.0,0.0,1.0,0.0,1,0
B,131765010,9,2008,11,2012,R9KCNT,R11KCNT,1.0,1.0,weekly,weekly,0.0,maintained_weekly,1.0,1.0,1.0,1.0,1,1
B,131765020,9,2008,11,2012,R9KCNT,R11KCNT,1.0,1.0,weekly,weekly,0.0,maintained_weekly,1.0,0.0,0.0,1.0,1,1
B,132268010,9,2008,11,2012,R9KCNT,R11KCNT,0.0,1.0,less_than_weekly,weekly,1.0,increased_to_weekly,0.0,0.0,0.0,1.0,0,1
B,133271010,9,2008,11,2012,R9KCNT,R11KCNT,1.0,1.0,weekly,weekly,0.0,maintained_weekly,0.0,0.0,1.0,1.0,1,1
B,133403020,9,2008,11,2012,R9KCNT,R11KCNT,,1.0,no_children,weekly,,,,1.0,,1.0,.k,1
B,133510010,9,2008,11,2012,R9KCNT,R11KCNT,0.0,0.0,less_than_weekly,less_than_weekly,0.0,persistently_below_weekly,0.0,0.0,0.0,0.0,0,0
B,133510020,9,2008,11,2012,R9KCNT,R11KCNT,0.0,1.0,less_than_weekly,weekly,1.0,increased_to_weekly,0.0,0.0,0.0,1.0,0,1
B,133613010,9,2008,11,2012,R9KCNT,R11KCNT,1.0,0.0,weekly,less_than_weekly,-1.0,decreased_below_weekly,0.0,0.0,1.0,0.0,1,0
B,133613020,9,2008,11,2012,R9KCNT,R11KCNT,0.0,1.0,less_than_weekly,weekly,1.0,increased_to_weekly,0.0,0.0,0.0,1.0,0,1
B,134295010,9,2008,11,2012,R9KCNT,R11KCNT,1.0,1.0,weekly,weekly,0.0,maintained_weekly,0.0,0.0,1.0,1.0,1,1
B,134345010,9,2008,11,2012,R9KCNT,R11KCNT,,,no_children,no_children,,,,,,,.k,.k
B,134345011,9,2008,11,2012,R9KCNT,R11KCNT,0.0,0.0,less_than_weekly,less_than_weekly,0.0,persistently_below_weekly,0.0,0.0,0.0,0.0,0,0
B,135013010,9,2008,11,2012,R9KCNT,R11KCNT,1.0,1.0,weekly,weekly,0.0,maintained_weekly,0.0,0.0,1.0,1.0,1,1
B,135073020,9,2008,11,2012,R9KCNT,R11KCNT,1.0,1.0,weekly,weekly,0.0,maintained_weekly,1.0,1.0,1.0,1.0,1,1
B,135114010,9,2008,11,2012,R9KCNT,R11KCNT,1.0,1.0,weekly,weekly,0.0,maintained_weekly,1.0,1.0,1.0,1.0,1,1
B,135161010,9,2008,11,2012,R9KCNT,R11KCNT,1.0,1.0,weekly,weekly,0.0,maintained_weekly,1.0,1.0,1.0,1.0,1,1
B,135161020,9,2008,11,2012,R9KCNT,R11KCNT,1.0,1.0,weekly,weekly,0.0,maintained_weekly,1.0,1.0,1.0,1.0,1,1
B,135238010,9,2008,11,2012,R9KCNT,R11KCNT,1.0,1.0,weekly,weekly,0.0,maintained_weekly,1.0,0.0,1.0,1.0,1,1
B,135540020,9,2008,11,2012,R9KCNT,R11KCNT,,1.0,leave_behind_not_completed_or_ineligible,weekly,,,,1.0,,1.0,.l,1
B,136091010,9,2008,11,2012,R9KCNT,R11KCNT,1.0,1.0,weekly,weekly,0.0,maintained_weekly,1.0,1.0,1.0,1.0,1,1
B,136137010,9,2008,11,2012,R9KCNT,R11KCNT,1.0,1.0,weekly,weekly,0.0,maintained_weekly,1.0,0.0,1.0,1.0,1,1
B,136137020,9,2008,11,2012,R9KCNT,R11KCNT,1.0,0.0,weekly,less_than_weekly,-1.0,decreased_below_weekly,0.0,0.0,1.0,0.0,1,0
B,136162010,9,2008,11,2012,R9KCNT,R11KCNT,1.0,0.0,weekly,less_than_weekly,-1.0,decreased_below_weekly,1.0,0.0,1.0,0.0,1,0
B,136162020,9,2008,11,2012,R9KCNT,R11KCNT,1.0,1.0,weekly,weekly,0.0,maintained_weekly,1.0,0.0,1.0,1.0,1,1
B,136346010,9,2008,11,2012,R9KCNT,R11KCNT,1.0,1.0,weekly,weekly,0.0,maintained_weekly,1.0,1.0,1.0,1.0,1,1
B,136346020,9,2008,11,2012,R9KCNT,R11KCNT,1.0,1.0,weekly,weekly,0.0,maintained_weekly,1.0,1.0,1.0,1.0,1,1
B,137252010,9,2008,11,2012,R9KCNT,R11KCNT,1.0,1.0,weekly,weekly,0.0,maintained_weekly,1.0,1.0,1.0,1.0,1,1
B,137301010,9,2008,11,2012,R9KCNT,R11KCNT,0.0,1.0,less_than_weekly,weekly,1.0,increased_to_weekly,0.0,1.0,0.0,1.0,0,1
B,137725010,9,2008,11,2012,R9KCNT,R11KCNT,1.0,1.0,weekly,weekly,0.0,maintained_weekly,0.0,0.0,1.0,1.0,1,1
B,137725020,9,2008,11,2012,R9KCNT,R11KCNT,,1.0,leave_behind_not_completed_or_ineligible,weekly,,,,0.0,,1.0,.l,1
B,137763010,9,2008,11,2012,R9KCNT,R11KCNT,,1.0,not_interviewed_or_plain_missing,weekly,,,,0.0,,1.0,.,1
B,137833010,9,2008,11,2012,R9KCNT,R11KCNT,,1.0,not_interviewed_or_plain_missing,weekly,,,,0.0,,1.0,.,1
B,138171010,9,2008,11,2012,R9KCNT,R11KCNT,1.0,1.0,weekly,weekly,0.0,maintained_weekly,0.0,0.0,1.0,1.0,1,1
B,138178010,9,2008,11,2012,R9KCNT,R11KCNT,1.0,1.0,weekly,weekly,0.0,maintained_weekly,0.0,0.0,1.0,1.0,1,1
B,138178020,9,2008,11,2012,R9KCNT,R11KCNT,0.0,1.0,less_than_weekly,weekly,1.0,increased_to_weekly,0.0,1.0,0.0,0.0,0,1
B,138300010,9,2008,11,2012,R9KCNT,R11KCNT,1.0,0.0,weekly,less_than_weekly,-1.0,decreased_below_weekly,0.0,0.0,1.0,0.0,1,0
B,138429010,9,2008,11,2012,R9KCNT,R11KCNT,1.0,1.0,weekly,weekly,0.0,maintained_weekly,1.0,1.0,1.0,1.0,1,1
B,138429011,9,2008,11,2012,R9KCNT,R11KCNT,1.0,1.0,weekly,weekly,0.0,maintained_weekly,1.0,0.0,1.0,1.0,1,1
B,138472020,9,2008,11,2012,R9KCNT,R11KCNT,1.0,1.0,weekly,weekly,0.0,maintained_weekly,1.0,1.0,1.0,1.0,1,1
B,138612010,9,2008,11,2012,R9KCNT,R11KCNT,1.0,1.0,weekly,weekly,0.0,maintained_weekly,,1.0,1.0,1.0,1,1
B,138648010,9,2008,11,2012,R9KCNT,R11KCNT,0.0,0.0,less_than_weekly,less_than_weekly,0.0,persistently_below_weekly,0.0,0.0,0.0,0.0,0,0
B,139135010,9,2008,11,2012,R9KCNT,R11KCNT,1.0,1.0,weekly,weekly,0.0,maintained_weekly,0.0,1.0,1.0,1.0,1,1
B,139135020,9,2008,11,2012,R9KCNT,R11KCNT,1.0,1.0,weekly,weekly,0.0,maintained_weekly,0.0,1.0,1.0,1.0,1,1
B,139278010,9,2008,11,2012,R9KCNT,R11KCNT,1.0,1.0,weekly,weekly,0.0,maintained_weekly,0.0,0.0,1.0,1.0,1,1
B,139656010,9,2008,11,2012,R9KCNT,R11KCNT,1.0,1.0,weekly,weekly,0.0,maintained_weekly,0.0,0.0,1.0,1.0,1,1
B,139756010,9,2008,11,2012,R9KCNT,R11KCNT,1.0,1.0,weekly,weekly,0.0,maintained_weekly,1.0,1.0,1.0,1.0,1,1
B,139861010,9,2008,11,2012,R9KCNT,R11KCNT,1.0,1.0,weekly,weekly,0.0,maintained_weekly,1.0,0.0,1.0,1.0,1,1
B,139861020,9,2008,11,2012,R9KCNT,R11KCNT,1.0,1.0,weekly,weekly,0.0,maintained_weekly,1.0,1.0,1.0,1.0,1,1
B,139864010,9,2008,11,2012,R9KCNT,R11KCNT,1.0,1.0,weekly,weekly,0.0,maintained_weekly,0.0,0.0,1.0,1.0,1,1
B,139864020,9,2008,11,2012,R9KCNT,R11KCNT,1.0,1.0,weekly,weekly,0.0,maintained_weekly,0.0,0.0,1.0,1.0,1,1
B,140192010,9,2008,11,2012,R9KCNT,R11KCNT,1.0,1.0,weekly,weekly,0.0,maintained_weekly,0.0,0.0,1.0,1.0,1,1
B,140382020,9,2008,11,2012,R9KCNT,R11KCNT,1.0,1.0,weekly,weekly,0.0,maintained_weekly,1.0,0.0,1.0,1.0,1,1
B,140411010,9,2008,11,2012,R9KCNT,R11KCNT,0.0,1.0,less_than_weekly,weekly,1.0,increased_to_weekly,0.0,1.0,0.0,1.0,0,1
B,140451010,9,2008,11,2012,R9KCNT,R11KCNT,0.0,0.0,less_than_weekly,less_than_weekly,0.0,persistently_below_weekly,0.0,0.0,0.0,0.0,0,0
B,140555010,9,2008,11,2012,R9KCNT,R11KCNT,1.0,1.0,weekly,weekly,0.0,maintained_weekly,1.0,0.0,1.0,1.0,1,1
B,140722010,9,2008,11,2012,R9KCNT,R11KCNT,1.0,1.0,weekly,weekly,0.0,maintained_weekly,1.0,1.0,1.0,1.0,1,1
B,140874010,9,2008,11,2012,R9KCNT,R11KCNT,0.0,1.0,less_than_weekly,weekly,1.0,increased_to_weekly,0.0,0.0,0.0,1.0,0,1
B,140874020,9,2008,11,2012,R9KCNT,R11KCNT,1.0,1.0,weekly,weekly,0.0,maintained_weekly,0.0,0.0,1.0,1.0,1,1
B,140895010,9,2008,11,2012,R9KCNT,R11KCNT,,1.0,leave_behind_not_completed_or_ineligible,weekly,,,,0.0,,1.0,.l,1
B,140895020,9,2008,11,2012,R9KCNT,R11KCNT,1.0,1.0,weekly,weekly,0.0,maintained_weekly,1.0,1.0,1.0,1.0,1,1
B,141036010,9,2008,11,2012,R9KCNT,R11KCNT,0.0,0.0,less_than_weekly,less_than_weekly,0.0,persistently_below_weekly,0.0,0.0,0.0,0.0,0,0
B,141036020,9,2008,11,2012,R9KCNT,R11KCNT,1.0,1.0,weekly,weekly,0.0,maintained_weekly,0.0,0.0,1.0,1.0,1,1
B,141187010,9,2008,11,2012,R9KCNT,R11KCNT,1.0,1.0,weekly,weekly,0.0,maintained_weekly,0.0,1.0,1.0,1.0,1,1
B,141187011,9,2008,11,2012,R9KCNT,R11KCNT,1.0,1.0,weekly,weekly,0.0,maintained_weekly,1.0,1.0,1.0,1.0,1,1
B,141395010,9,2008,11,2012,R9KCNT,R11KCNT,1.0,1.0,weekly,weekly,0.0,maintained_weekly,0.0,0.0,1.0,1.0,1,1
B,141410010,9,2008,11,2012,R9KCNT,R11KCNT,1.0,,weekly,leave_behind_not_completed_or_ineligible,,,1.0,,1.0,,1,.l
B,141410020,9,2008,11,2012,R9KCNT,R11KCNT,1.0,1.0,weekly,weekly,0.0,maintained_weekly,0.0,1.0,1.0,1.0,1,1
B,141559010,9,2008,11,2012,R9KCNT,R11KCNT,,1.0,leave_behind_not_completed_or_ineligible,weekly,,,,1.0,,1.0,.l,1
B,142502010,9,2008,11,2012,R9KCNT,R11KCNT,1.0,1.0,weekly,weekly,0.0,maintained_weekly,0.0,0.0,1.0,1.0,1,1
B,142502020,9,2008,11,2012,R9KCNT,R11KCNT,1.0,1.0,weekly,weekly,0.0,maintained_weekly,0.0,0.0,1.0,1.0,1,1
B,142813010,9,2008,11,2012,R9KCNT,R11KCNT,1.0,0.0,weekly,less_than_weekly,-1.0,decreased_below_weekly,0.0,0.0,1.0,0.0,1,0
B,142821010,9,2008,11,2012,R9KCNT,R11KCNT,0.0,1.0,less_than_weekly,weekly,1.0,increased_to_weekly,0.0,1.0,0.0,1.0,0,1
B,143263010,9,2008,11,2012,R9KCNT,R11KCNT,1.0,,weekly,missing_response,,,1.0,,1.0,,1,.m
B,143320010,9,2008,11,2012,R9KCNT,R11KCNT,1.0,1.0,weekly,weekly,0.0,maintained_weekly,0.0,0.0,1.0,1.0,1,1
B,143339010,9,2008,11,2012,R9KCNT,R11KCNT,0.0,1.0,less_than_weekly,weekly,1.0,increased_to_weekly,0.0,0.0,0.0,1.0,0,1
B,143535020,9,2008,11,2012,R9KCNT,R11KCNT,0.0,,less_than_weekly,leave_behind_not_completed_or_ineligible,,,0.0,,0.0,,0,.l
B,143600010,9,2008,11,2012,R9KCNT,R11KCNT,1.0,1.0,weekly,weekly,0.0,maintained_weekly,1.0,0.0,1.0,1.0,1,1
B,143950010,9,2008,11,2012,R9KCNT,R11KCNT,0.0,1.0,less_than_weekly,weekly,1.0,increased_to_weekly,0.0,0.0,0.0,1.0,0,1
B,144042020,9,2008,11,2012,R9KCNT,R11KCNT,0.0,1.0,less_than_weekly,weekly,1.0,increased_to_weekly,0.0,0.0,0.0,1.0,0,1
B,144246020,9,2008,11,2012,R9KCNT,R11KCNT,1.0,1.0,weekly,weekly,0.0,maintained_weekly,1.0,1.0,1.0,1.0,1,1
B,144267010,9,2008,11,2012,R9KCNT,R11KCNT,1.0,0.0,weekly,less_than_weekly,-1.0,decreased_below_weekly,1.0,0.0,0.0,0.0,1,0
B,144276010,9,2008,11,2012,R9KCNT,R11KCNT,1.0,1.0,weekly,weekly,0.0,maintained_weekly,1.0,1.0,1.0,1.0,1,1
B,144360010,9,2008,11,2012,R9KCNT,R11KCNT,1.0,1.0,weekly,weekly,0.0,maintained_weekly,0.0,1.0,1.0,1.0,1,1
B,144444010,9,2008,11,2012,R9KCNT,R11KCNT,1.0,1.0,weekly,weekly,0.0,maintained_weekly,1.0,1.0,1.0,1.0,1,1
B,145073010,9,2008,11,2012,R9KCNT,R11KCNT,1.0,1.0,weekly,weekly,0.0,maintained_weekly,0.0,0.0,1.0,1.0,1,1
B,145073020,9,2008,11,2012,R9KCNT,R11KCNT,1.0,1.0,weekly,weekly,0.0,maintained_weekly,0.0,0.0,1.0,1.0,1,1
B,145241010,9,2008,11,2012,R9KCNT,R11KCNT,1.0,1.0,weekly,weekly,0.0,maintained_weekly,1.0,1.0,1.0,1.0,1,1
B,145310011,9,2008,11,2012,R9KCNT,R11KCNT,1.0,1.0,weekly,weekly,0.0,maintained_weekly,0.0,0.0,1.0,1.0,1,1
B,145380020,9,2008,11,2012,R9KCNT,R11KCNT,,,no_children,no_children,,,,,,,.k,.k
B,145412010,9,2008,11,2012,R9KCNT,R11KCNT,1.0,1.0,weekly,weekly,0.0,maintained_weekly,0.0,0.0,1.0,1.0,1,1
B,145412020,9,2008,11,2012,R9KCNT,R11KCNT,1.0,1.0,weekly,weekly,0.0,maintained_weekly,0.0,0.0,1.0,1.0,1,1
B,145489010,9,2008,11,2012,R9KCNT,R11KCNT,,,no_children,no_children,,,,,,,.k,.k
B,145542010,9,2008,11,2012,R9KCNT,R11KCNT,1.0,1.0,weekly,weekly,0.0,maintained_weekly,0.0,0.0,1.0,1.0,1,1
B,145602010,9,2008,11,2012,R9KCNT,R11KCNT,0.0,1.0,less_than_weekly,weekly,1.0,increased_to_weekly,0.0,1.0,0.0,1.0,0,1
B,145659010,9,2008,11,2012,R9KCNT,R11KCNT,,,no_children,no_children,,,,,,,.k,.k
B,145743010,9,2008,11,2012,R9KCNT,R11KCNT,,,no_children,no_children,,,,,,,.k,.k
B,145743020,9,2008,11,2012,R9KCNT,R11KCNT,1.0,1.0,weekly,weekly,0.0,maintained_weekly,1.0,1.0,1.0,1.0,1,1
B,145751010,9,2008,11,2012,R9KCNT,R11KCNT,1.0,1.0,weekly,weekly,0.0,maintained_weekly,1.0,0.0,1.0,1.0,1,1
B,145797010,9,2008,11,2012,R9KCNT,R11KCNT,,,no_children,no_children,,,,,,,.k,.k
B,145797020,9,2008,11,2012,R9KCNT,R11KCNT,,,no_children,no_children,,,,,,,.k,.k
B,145927010,9,2008,11,2012,R9KCNT,R11KCNT,1.0,1.0,weekly,weekly,0.0,maintained_weekly,0.0,0.0,1.0,1.0,1,1
B,145954010,9,2008,11,2012,R9KCNT,R11KCNT,0.0,1.0,less_than_weekly,weekly,1.0,increased_to_weekly,0.0,0.0,0.0,1.0,0,1
B,146110010,9,2008,11,2012,R9KCNT,R11KCNT,1.0,1.0,weekly,weekly,0.0,maintained_weekly,1.0,1.0,1.0,1.0,1,1
B,146133010,9,2008,11,2012,R9KCNT,R11KCNT,1.0,1.0,weekly,weekly,0.0,maintained_weekly,0.0,0.0,1.0,1.0,1,1
B,146133020,9,2008,11,2012,R9KCNT,R11KCNT,1.0,1.0,weekly,weekly,0.0,maintained_weekly,0.0,0.0,1.0,1.0,1,1
B,146172010,9,2008,11,2012,R9KCNT,R11KCNT,1.0,1.0,weekly,weekly,0.0,maintained_weekly,1.0,1.0,1.0,1.0,1,1
B,146234010,9,2008,11,2012,R9KCNT,R11KCNT,1.0,1.0,weekly,weekly,0.0,maintained_weekly,0.0,0.0,1.0,1.0,1,1
B,146576020,9,2008,11,2012,R9KCNT,R11KCNT,1.0,0.0,weekly,less_than_weekly,-1.0,decreased_below_weekly,0.0,0.0,1.0,0.0,1,0
B,146993010,9,2008,11,2012,R9KCNT,R11KCNT,1.0,1.0,weekly,weekly,0.0,maintained_weekly,1.0,1.0,0.0,0.0,1,1
B,147108010,9,2008,11,2012,R9KCNT,R11KCNT,1.0,1.0,weekly,weekly,0.0,maintained_weekly,1.0,0.0,1.0,1.0,1,1
B,147108011,9,2008,11,2012,R9KCNT,R11KCNT,1.0,1.0,weekly,weekly,0.0,maintained_weekly,0.0,0.0,1.0,1.0,1,1
B,147589010,9,2008,11,2012,R9KCNT,R11KCNT,1.0,1.0,weekly,weekly,0.0,maintained_weekly,0.0,0.0,1.0,1.0,1,1
B,147589020,9,2008,11,2012,R9KCNT,R11KCNT,1.0,1.0,weekly,weekly,0.0,maintained_weekly,1.0,1.0,1.0,1.0,1,1
B,147661010,9,2008,11,2012,R9KCNT,R11KCNT,1.0,1.0,weekly,weekly,0.0,maintained_weekly,1.0,1.0,1.0,1.0,1,1
B,147825010,9,2008,11,2012,R9KCNT,R11KCNT,1.0,1.0,weekly,weekly,0.0,maintained_weekly,0.0,1.0,1.0,1.0,1,1
B,147901010,9,2008,11,2012,R9KCNT,R11KCNT,1.0,1.0,weekly,weekly,0.0,maintained_weekly,0.0,0.0,1.0,1.0,1,1
B,148513010,9,2008,11,2012,R9KCNT,R11KCNT,1.0,1.0,weekly,weekly,0.0,maintained_weekly,1.0,1.0,1.0,1.0,1,1
B,148613010,9,2008,11,2012,R9KCNT,R11KCNT,1.0,1.0,weekly,weekly,0.0,maintained_weekly,1.0,1.0,1.0,1.0,1,1
B,148951010,9,2008,11,2012,R9KCNT,R11KCNT,1.0,1.0,weekly,weekly,0.0,maintained_weekly,1.0,1.0,1.0,1.0,1,1
B,148951020,9,2008,11,2012,R9KCNT,R11KCNT,1.0,1.0,weekly,weekly,0.0,maintained_weekly,1.0,1.0,0.0,1.0,1,1
B,149172010,9,2008,11,2012,R9KCNT,R11KCNT,1.0,1.0,weekly,weekly,0.0,maintained_weekly,1.0,0.0,1.0,1.0,1,1
B,149206010,9,2008,11,2012,R9KCNT,R11KCNT,1.0,1.0,weekly,weekly,0.0,maintained_weekly,1.0,1.0,1.0,1.0,1,1
B,149375021,9,2008,11,2012,R9KCNT,R11KCNT,,1.0,not_interviewed_or_plain_missing,weekly,,,,0.0,,1.0,.,1
B,149558010,9,2008,11,2012,R9KCNT,R11KCNT,,,no_children,no_children,,,,,,,.k,.k
B,149570010,9,2008,11,2012,R9KCNT,R11KCNT,1.0,1.0,weekly,weekly,0.0,maintained_weekly,0.0,0.0,1.0,1.0,1,1
B,149570020,9,2008,11,2012,R9KCNT,R11KCNT,1.0,1.0,weekly,weekly,0.0,maintained_weekly,0.0,0.0,1.0,1.0,1,1
B,149717010,9,2008,11,2012,R9KCNT,R11KCNT,1.0,1.0,weekly,weekly,0.0,maintained_weekly,0.0,0.0,1.0,1.0,1,1
B,150347010,9,2008,11,2012,R9KCNT,R11KCNT,1.0,1.0,weekly,weekly,0.0,maintained_weekly,0.0,0.0,1.0,1.0,1,1
B,150713020,9,2008,11,2012,R9KCNT,R11KCNT,1.0,1.0,weekly,weekly,0.0,maintained_weekly,1.0,0.0,1.0,1.0,1,1
B,150866010,9,2008,11,2012,R9KCNT,R11KCNT,1.0,1.0,weekly,weekly,0.0,maintained_weekly,1.0,1.0,1.0,1.0,1,1
B,150866020,9,2008,11,2012,R9KCNT,R11KCNT,1.0,1.0,weekly,weekly,0.0,maintained_weekly,1.0,1.0,1.0,1.0,1,1
B,150875010,9,2008,11,2012,R9KCNT,R11KCNT,0.0,0.0,less_than_weekly,less_than_weekly,0.0,persistently_below_weekly,0.0,0.0,0.0,0.0,0,0
B,151162010,9,2008,11,2012,R9KCNT,R11KCNT,1.0,1.0,weekly,weekly,0.0,maintained_weekly,1.0,0.0,1.0,1.0,1,1
B,151447010,9,2008,11,2012,R9KCNT,R11KCNT,1.0,1.0,weekly,weekly,0.0,maintained_weekly,0.0,0.0,1.0,1.0,1,1
B,151447020,9,2008,11,2012,R9KCNT,R11KCNT,1.0,1.0,weekly,weekly,0.0,maintained_weekly,0.0,0.0,1.0,1.0,1,1
B,151763010,9,2008,11,2012,R9KCNT,R11KCNT,0.0,1.0,less_than_weekly,weekly,1.0,increased_to_weekly,0.0,0.0,0.0,1.0,0,1
B,152065010,9,2008,11,2012,R9KCNT,R11KCNT,1.0,1.0,weekly,weekly,0.0,maintained_weekly,1.0,0.0,1.0,1.0,1,1
B,152315010,9,2008,11,2012,R9KCNT,R11KCNT,1.0,1.0,weekly,weekly,0.0,maintained_weekly,1.0,1.0,1.0,1.0,1,1
B,152315020,9,2008,11,2012,R9KCNT,R11KCNT,1.0,1.0,weekly,weekly,0.0,maintained_weekly,1.0,1.0,1.0,1.0,1,1
B,152423010,9,2008,11,2012,R9KCNT,R11KCNT,0.0,1.0,less_than_weekly,weekly,1.0,increased_to_weekly,0.0,1.0,0.0,1.0,0,1
B,152453010,9,2008,11,2012,R9KCNT,R11KCNT,1.0,1.0,weekly,weekly,0.0,maintained_weekly,1.0,0.0,1.0,1.0,1,1
B,152575010,9,2008,11,2012,R9KCNT,R11KCNT,,,no_children,no_children,,,,,,,.k,.k
B,152777010,9,2008,11,2012,R9KCNT,R11KCNT,1.0,0.0,weekly,less_than_weekly,-1.0,decreased_below_weekly,0.0,0.0,1.0,0.0,1,0
B,153089010,9,2008,11,2012,R9KCNT,R11KCNT,1.0,1.0,weekly,weekly,0.0,maintained_weekly,1.0,0.0,1.0,1.0,1,1
B,153089020,9,2008,11,2012,R9KCNT,R11KCNT,1.0,1.0,weekly,weekly,0.0,maintained_weekly,1.0,1.0,1.0,1.0,1,1
B,153547010,9,2008,11,2012,R9KCNT,R11KCNT,1.0,1.0,weekly,weekly,0.0,maintained_weekly,0.0,,1.0,1.0,1,1
B,153601010,9,2008,11,2012,R9KCNT,R11KCNT,,1.0,not_interviewed_or_plain_missing,weekly,,,,1.0,,1.0,.,1
B,153601020,9,2008,11,2012,R9KCNT,R11KCNT,,1.0,not_interviewed_or_plain_missing,weekly,,,,1.0,,1.0,.,1
B,153693010,9,2008,11,2012,R9KCNT,R11KCNT,,,no_children,no_children,,,,,,,.k,.k
B,153772010,9,2008,11,2012,R9KCNT,R11KCNT,0.0,,less_than_weekly,leave_behind_not_completed_or_ineligible,,,0.0,,0.0,,0,.l
B,154099010,9,2008,11,2012,R9KCNT,R11KCNT,0.0,0.0,less_than_weekly,less_than_weekly,0.0,persistently_below_weekly,0.0,0.0,0.0,0.0,0,0
B,154099020,9,2008,11,2012,R9KCNT,R11KCNT,1.0,1.0,weekly,weekly,0.0,maintained_weekly,0.0,0.0,1.0,1.0,1,1
B,154374010,9,2008,11,2012,R9KCNT,R11KCNT,1.0,1.0,weekly,weekly,0.0,maintained_weekly,0.0,1.0,1.0,0.0,1,1
B,155173010,9,2008,11,2012,R9KCNT,R11KCNT,1.0,1.0,weekly,weekly,0.0,maintained_weekly,1.0,0.0,1.0,1.0,1,1
B,155173020,9,2008,11,2012,R9KCNT,R11KCNT,1.0,1.0,weekly,weekly,0.0,maintained_weekly,0.0,0.0,1.0,1.0,1,1
B,155821010,9,2008,11,2012,R9KCNT,R11KCNT,0.0,1.0,less_than_weekly,weekly,1.0,increased_to_weekly,0.0,1.0,0.0,1.0,0,1
B,156263010,9,2008,11,2012,R9KCNT,R11KCNT,,1.0,leave_behind_not_completed_or_ineligible,weekly,,,,0.0,,1.0,.l,1
B,156263020,9,2008,11,2012,R9KCNT,R11KCNT,,1.0,leave_behind_not_completed_or_ineligible,weekly,,,,1.0,,1.0,.l,1
B,156625010,9,2008,11,2012,R9KCNT,R11KCNT,,0.0,no_children,less_than_weekly,,,,0.0,,0.0,.k,0
B,157116010,9,2008,11,2012,R9KCNT,R11KCNT,1.0,1.0,weekly,weekly,0.0,maintained_weekly,0.0,0.0,1.0,1.0,1,1
B,157116020,9,2008,11,2012,R9KCNT,R11KCNT,1.0,1.0,weekly,weekly,0.0,maintained_weekly,0.0,0.0,1.0,1.0,1,1
B,157216010,9,2008,11,2012,R9KCNT,R11KCNT,1.0,1.0,weekly,weekly,0.0,maintained_weekly,1.0,1.0,1.0,1.0,1,1
B,157407010,9,2008,11,2012,R9KCNT,R11KCNT,0.0,1.0,less_than_weekly,weekly,1.0,increased_to_weekly,0.0,0.0,0.0,1.0,0,1
B,157407020,9,2008,11,2012,R9KCNT,R11KCNT,1.0,1.0,weekly,weekly,0.0,maintained_weekly,1.0,1.0,1.0,1.0,1,1
B,157430010,9,2008,11,2012,R9KCNT,R11KCNT,,0.0,missing_response,less_than_weekly,,,,0.0,,0.0,.m,0
B,157483010,9,2008,11,2012,R9KCNT,R11KCNT,1.0,1.0,weekly,weekly,0.0,maintained_weekly,1.0,1.0,1.0,1.0,1,1
B,157719010,9,2008,11,2012,R9KCNT,R11KCNT,0.0,0.0,less_than_weekly,less_than_weekly,0.0,persistently_below_weekly,0.0,0.0,0.0,0.0,0,0
B,157719020,9,2008,11,2012,R9KCNT,R11KCNT,1.0,1.0,weekly,weekly,0.0,maintained_weekly,0.0,1.0,1.0,1.0,1,1
B,157800010,9,2008,11,2012,R9KCNT,R11KCNT,1.0,1.0,weekly,weekly,0.0,maintained_weekly,1.0,1.0,1.0,1.0,1,1
B,157903010,9,2008,11,2012,R9KCNT,R11KCNT,1.0,1.0,weekly,weekly,0.0,maintained_weekly,1.0,0.0,1.0,1.0,1,1
B,158221010,9,2008,11,2012,R9KCNT,R11KCNT,1.0,1.0,weekly,weekly,0.0,maintained_weekly,0.0,0.0,1.0,1.0,1,1
B,158221020,9,2008,11,2012,R9KCNT,R11KCNT,,1.0,leave_behind_not_completed_or_ineligible,weekly,,,,0.0,,1.0,.l,1
B,158252010,9,2008,11,2012,R9KCNT,R11KCNT,1.0,1.0,weekly,weekly,0.0,maintained_weekly,1.0,0.0,1.0,1.0,1,1
B,158407010,9,2008,11,2012,R9KCNT,R11KCNT,1.0,1.0,weekly,weekly,0.0,maintained_weekly,1.0,0.0,1.0,1.0,1,1
B,158720010,9,2008,11,2012,R9KCNT,R11KCNT,0.0,0.0,less_than_weekly,less_than_weekly,0.0,persistently_below_weekly,0.0,0.0,0.0,0.0,0,0
B,158859010,9,2008,11,2012,R9KCNT,R11KCNT,1.0,1.0,weekly,weekly,0.0,maintained_weekly,0.0,0.0,1.0,1.0,1,1
B,159013010,9,2008,11,2012,R9KCNT,R11KCNT,0.0,,less_than_weekly,missing_response,,,0.0,,0.0,,0,.m
B,159379010,9,2008,11,2012,R9KCNT,R11KCNT,0.0,1.0,less_than_weekly,weekly,1.0,increased_to_weekly,0.0,0.0,0.0,1.0,0,1
B,159581010,9,2008,11,2012,R9KCNT,R11KCNT,1.0,0.0,weekly,less_than_weekly,-1.0,decreased_below_weekly,1.0,0.0,1.0,0.0,1,0
B,160348010,9,2008,11,2012,R9KCNT,R11KCNT,,1.0,leave_behind_not_completed_or_ineligible,weekly,,,,0.0,,1.0,.l,1
B,160618010,9,2008,11,2012,R9KCNT,R11KCNT,1.0,1.0,weekly,weekly,0.0,maintained_weekly,0.0,1.0,1.0,1.0,1,1
B,160654020,9,2008,11,2012,R9KCNT,R11KCNT,0.0,,less_than_weekly,leave_behind_not_completed_or_ineligible,,,0.0,,0.0,,0,.l
B,160801010,9,2008,11,2012,R9KCNT,R11KCNT,1.0,1.0,weekly,weekly,0.0,maintained_weekly,0.0,0.0,1.0,1.0,1,1
B,160834010,9,2008,11,2012,R9KCNT,R11KCNT,1.0,1.0,weekly,weekly,0.0,maintained_weekly,1.0,1.0,1.0,1.0,1,1
B,161139010,9,2008,11,2012,R9KCNT,R11KCNT,1.0,1.0,weekly,weekly,0.0,maintained_weekly,0.0,0.0,1.0,1.0,1,1
B,161323010,9,2008,11,2012,R9KCNT,R11KCNT,,,no_children,no_children,,,,,,,.k,.k
B,163749010,9,2008,11,2012,R9KCNT,R11KCNT,1.0,,weekly,no_children,,,0.0,,1.0,,1,.k
B,163749020,9,2008,11,2012,R9KCNT,R11KCNT,0.0,0.0,less_than_weekly,less_than_weekly,0.0,persistently_below_weekly,0.0,0.0,0.0,0.0,0,0
B,164907010,9,2008,11,2012,R9KCNT,R11KCNT,1.0,1.0,weekly,weekly,0.0,maintained_weekly,1.0,0.0,,1.0,1,1
B,165211010,9,2008,11,2012,R9KCNT,R11KCNT,1.0,1.0,weekly,weekly,0.0,maintained_weekly,1.0,1.0,1.0,1.0,1,1
B,165211020,9,2008,11,2012,R9KCNT,R11KCNT,1.0,1.0,weekly,weekly,0.0,maintained_weekly,0.0,0.0,1.0,1.0,1,1
B,165914010,9,2008,11,2012,R9KCNT,R11KCNT,1.0,1.0,weekly,weekly,0.0,maintained_weekly,0.0,1.0,1.0,1.0,1,1
B,171275010,9,2008,11,2012,R9KCNT,R11KCNT,,,no_children,no_children,,,,,,,.k,.k
B,171315010,9,2008,11,2012,R9KCNT,R11KCNT,1.0,1.0,weekly,weekly,0.0,maintained_weekly,0.0,0.0,1.0,1.0,1,1
B,171610010,9,2008,11,2012,R9KCNT,R11KCNT,,1.0,leave_behind_not_completed_or_ineligible,weekly,,,,0.0,,1.0,.l,1
B,171707010,9,2008,11,2012,R9KCNT,R11KCNT,1.0,1.0,weekly,weekly,0.0,maintained_weekly,1.0,1.0,1.0,1.0,1,1
B,171942020,9,2008,11,2012,R9KCNT,R11KCNT,1.0,1.0,weekly,weekly,0.0,maintained_weekly,0.0,0.0,1.0,1.0,1,1
B,171981010,9,2008,11,2012,R9KCNT,R11KCNT,1.0,1.0,weekly,weekly,0.0,maintained_weekly,0.0,0.0,1.0,1.0,1,1
B,172013010,9,2008,11,2012,R9KCNT,R11KCNT,,,no_children,no_children,,,,,,,.k,.k
B,172013020,9,2008,11,2012,R9KCNT,R11KCNT,0.0,1.0,less_than_weekly,weekly,1.0,increased_to_weekly,0.0,0.0,0.0,1.0,0,1
B,172856010,9,2008,11,2012,R9KCNT,R11KCNT,1.0,,weekly,leave_behind_not_completed_or_ineligible,,,1.0,,1.0,,1,.l
B,173122010,9,2008,11,2012,R9KCNT,R11KCNT,1.0,1.0,weekly,weekly,0.0,maintained_weekly,0.0,0.0,1.0,1.0,1,1
B,173122020,9,2008,11,2012,R9KCNT,R11KCNT,1.0,1.0,weekly,weekly,0.0,maintained_weekly,0.0,0.0,1.0,1.0,1,1
B,173136010,9,2008,11,2012,R9KCNT,R11KCNT,,1.0,not_interviewed_or_plain_missing,weekly,,,,0.0,,1.0,.,1
B,173136020,9,2008,11,2012,R9KCNT,R11KCNT,,1.0,not_interviewed_or_plain_missing,weekly,,,,0.0,,1.0,.,1
B,173152010,9,2008,11,2012,R9KCNT,R11KCNT,1.0,1.0,weekly,weekly,0.0,maintained_weekly,1.0,1.0,1.0,1.0,1,1
B,173152020,9,2008,11,2012,R9KCNT,R11KCNT,1.0,1.0,weekly,weekly,0.0,maintained_weekly,1.0,1.0,1.0,1.0,1,1
B,173156010,9,2008,11,2012,R9KCNT,R11KCNT,1.0,0.0,weekly,less_than_weekly,-1.0,decreased_below_weekly,0.0,0.0,1.0,0.0,1,0
B,173350010,9,2008,11,2012,R9KCNT,R11KCNT,1.0,1.0,weekly,weekly,0.0,maintained_weekly,1.0,1.0,1.0,1.0,1,1
B,173350011,9,2008,11,2012,R9KCNT,R11KCNT,1.0,1.0,weekly,weekly,0.0,maintained_weekly,1.0,1.0,1.0,1.0,1,1
B,173816010,9,2008,11,2012,R9KCNT,R11KCNT,1.0,1.0,weekly,weekly,0.0,maintained_weekly,0.0,0.0,1.0,1.0,1,1
B,173829010,9,2008,11,2012,R9KCNT,R11KCNT,1.0,1.0,weekly,weekly,0.0,maintained_weekly,1.0,0.0,1.0,1.0,1,1
B,173877010,9,2008,11,2012,R9KCNT,R11KCNT,1.0,1.0,weekly,weekly,0.0,maintained_weekly,1.0,1.0,1.0,1.0,1,1
B,173877020,9,2008,11,2012,R9KCNT,R11KCNT,1.0,1.0,weekly,weekly,0.0,maintained_weekly,0.0,1.0,1.0,1.0,1,1
B,173893010,9,2008,11,2012,R9KCNT,R11KCNT,1.0,1.0,weekly,weekly,0.0,maintained_weekly,1.0,1.0,1.0,1.0,1,1
B,174101011,9,2008,11,2012,R9KCNT,R11KCNT,1.0,1.0,weekly,weekly,0.0,maintained_weekly,0.0,0.0,1.0,1.0,1,1
B,174503010,9,2008,11,2012,R9KCNT,R11KCNT,1.0,1.0,weekly,weekly,0.0,maintained_weekly,1.0,0.0,1.0,1.0,1,1
B,174516010,9,2008,11,2012,R9KCNT,R11KCNT,1.0,1.0,weekly,weekly,0.0,maintained_weekly,0.0,0.0,1.0,1.0,1,1
B,174540010,9,2008,11,2012,R9KCNT,R11KCNT,1.0,1.0,weekly,weekly,0.0,maintained_weekly,1.0,0.0,1.0,1.0,1,1
B,174540020,9,2008,11,2012,R9KCNT,R11KCNT,1.0,1.0,weekly,weekly,0.0,maintained_weekly,0.0,1.0,1.0,1.0,1,1
B,174662010,9,2008,11,2012,R9KCNT,R11KCNT,1.0,1.0,weekly,weekly,0.0,maintained_weekly,0.0,0.0,1.0,1.0,1,1
B,174876010,9,2008,11,2012,R9KCNT,R11KCNT,1.0,1.0,weekly,weekly,0.0,maintained_weekly,1.0,1.0,1.0,1.0,1,1
B,175909010,9,2008,11,2012,R9KCNT,R11KCNT,1.0,1.0,weekly,weekly,0.0,maintained_weekly,0.0,0.0,1.0,1.0,1,1
B,175909020,9,2008,11,2012,R9KCNT,R11KCNT,1.0,,weekly,leave_behind_not_completed_or_ineligible,,,0.0,,1.0,,1,.l
B,176002010,9,2008,11,2012,R9KCNT,R11KCNT,1.0,1.0,weekly,weekly,0.0,maintained_weekly,0.0,0.0,1.0,1.0,1,1
B,176069010,9,2008,11,2012,R9KCNT,R11KCNT,1.0,1.0,weekly,weekly,0.0,maintained_weekly,0.0,0.0,1.0,1.0,1,1
B,176069020,9,2008,11,2012,R9KCNT,R11KCNT,1.0,1.0,weekly,weekly,0.0,maintained_weekly,0.0,0.0,1.0,1.0,1,1
B,176082010,9,2008,11,2012,R9KCNT,R11KCNT,1.0,1.0,weekly,weekly,0.0,maintained_weekly,0.0,0.0,1.0,1.0,1,1
B,176082020,9,2008,11,2012,R9KCNT,R11KCNT,1.0,1.0,weekly,weekly,0.0,maintained_weekly,0.0,0.0,1.0,1.0,1,1
B,176250010,9,2008,11,2012,R9KCNT,R11KCNT,1.0,1.0,weekly,weekly,0.0,maintained_weekly,1.0,1.0,1.0,1.0,1,1
B,176250020,9,2008,11,2012,R9KCNT,R11KCNT,1.0,1.0,weekly,weekly,0.0,maintained_weekly,1.0,1.0,1.0,1.0,1,1
B,176330010,9,2008,11,2012,R9KCNT,R11KCNT,1.0,1.0,weekly,weekly,0.0,maintained_weekly,1.0,1.0,1.0,1.0,1,1
B,176413010,9,2008,11,2012,R9KCNT,R11KCNT,1.0,0.0,weekly,less_than_weekly,-1.0,decreased_below_weekly,0.0,0.0,1.0,0.0,1,0
B,176431010,9,2008,11,2012,R9KCNT,R11KCNT,,1.0,not_interviewed_or_plain_missing,weekly,,,,0.0,,1.0,.,1
B,176524010,9,2008,11,2012,R9KCNT,R11KCNT,1.0,1.0,weekly,weekly,0.0,maintained_weekly,1.0,1.0,1.0,1.0,1,1
B,176610010,9,2008,11,2012,R9KCNT,R11KCNT,1.0,1.0,weekly,weekly,0.0,maintained_weekly,,1.0,1.0,1.0,1,1
B,176610020,9,2008,11,2012,R9KCNT,R11KCNT,1.0,1.0,weekly,weekly,0.0,maintained_weekly,0.0,0.0,1.0,1.0,1,1
B,176718011,9,2008,11,2012,R9KCNT,R11KCNT,1.0,1.0,weekly,weekly,0.0,maintained_weekly,0.0,1.0,1.0,1.0,1,1
B,176976010,9,2008,11,2012,R9KCNT,R11KCNT,,,no_children,no_children,,,,,,,.k,.k
B,177371010,9,2008,11,2012,R9KCNT,R11KCNT,,1.0,leave_behind_not_completed_or_ineligible,weekly,,,,0.0,,1.0,.l,1
B,177463010,9,2008,11,2012,R9KCNT,R11KCNT,0.0,1.0,less_than_weekly,weekly,1.0,increased_to_weekly,0.0,0.0,0.0,1.0,0,1
B,177711010,9,2008,11,2012,R9KCNT,R11KCNT,1.0,1.0,weekly,weekly,0.0,maintained_weekly,0.0,0.0,1.0,1.0,1,1
B,177711020,9,2008,11,2012,R9KCNT,R11KCNT,1.0,1.0,weekly,weekly,0.0,maintained_weekly,0.0,1.0,1.0,1.0,1,1
B,178209010,9,2008,11,2012,R9KCNT,R11KCNT,1.0,1.0,weekly,weekly,0.0,maintained_weekly,0.0,0.0,1.0,1.0,1,1
B,178259010,9,2008,11,2012,R9KCNT,R11KCNT,1.0,1.0,weekly,weekly,0.0,maintained_weekly,0.0,0.0,1.0,1.0,1,1
B,178359010,9,2008,11,2012,R9KCNT,R11KCNT,1.0,1.0,weekly,weekly,0.0,maintained_weekly,1.0,0.0,1.0,1.0,1,1
B,178454020,9,2008,11,2012,R9KCNT,R11KCNT,1.0,1.0,weekly,weekly,0.0,maintained_weekly,1.0,1.0,1.0,1.0,1,1
B,178511010,9,2008,11,2012,R9KCNT,R11KCNT,1.0,1.0,weekly,weekly,0.0,maintained_weekly,0.0,0.0,1.0,1.0,1,1
B,178602010,9,2008,11,2012,R9KCNT,R11KCNT,1.0,1.0,weekly,weekly,0.0,maintained_weekly,1.0,1.0,1.0,1.0,1,1
B,178905010,9,2008,11,2012,R9KCNT,R11KCNT,1.0,1.0,weekly,weekly,0.0,maintained_weekly,1.0,0.0,1.0,1.0,1,1
B,178921010,9,2008,11,2012,R9KCNT,R11KCNT,,,no_children,no_children,,,,,,,.k,.k
B,178980010,9,2008,11,2012,R9KCNT,R11KCNT,1.0,0.0,weekly,less_than_weekly,-1.0,decreased_below_weekly,1.0,0.0,1.0,0.0,1,0
B,179938010,9,2008,11,2012,R9KCNT,R11KCNT,0.0,0.0,less_than_weekly,less_than_weekly,0.0,persistently_below_weekly,0.0,0.0,0.0,0.0,0,0
B,179938020,9,2008,11,2012,R9KCNT,R11KCNT,1.0,1.0,weekly,weekly,0.0,maintained_weekly,1.0,1.0,1.0,1.0,1,1
B,180656010,9,2008,11,2012,R9KCNT,R11KCNT,1.0,1.0,weekly,weekly,0.0,maintained_weekly,1.0,1.0,1.0,1.0,1,1
B,180852010,9,2008,11,2012,R9KCNT,R11KCNT,,1.0,leave_behind_not_completed_or_ineligible,weekly,,,,0.0,,1.0,.l,1
B,180852020,9,2008,11,2012,R9KCNT,R11KCNT,,1.0,leave_behind_not_completed_or_ineligible,weekly,,,,1.0,,1.0,.l,1
B,180901010,9,2008,11,2012,R9KCNT,R11KCNT,0.0,1.0,less_than_weekly,weekly,1.0,increased_to_weekly,0.0,1.0,0.0,1.0,0,1
B,181019010,9,2008,11,2012,R9KCNT,R11KCNT,1.0,1.0,weekly,weekly,0.0,maintained_weekly,0.0,1.0,1.0,1.0,1,1
B,181118010,9,2008,11,2012,R9KCNT,R11KCNT,,,missing_response,no_children,,,,,,,.m,.k
B,181167010,9,2008,11,2012,R9KCNT,R11KCNT,1.0,1.0,weekly,weekly,0.0,maintained_weekly,1.0,1.0,1.0,1.0,1,1
B,181282010,9,2008,11,2012,R9KCNT,R11KCNT,1.0,1.0,weekly,weekly,0.0,maintained_weekly,0.0,1.0,1.0,1.0,1,1
B,181464010,9,2008,11,2012,R9KCNT,R11KCNT,1.0,1.0,weekly,weekly,0.0,maintained_weekly,1.0,1.0,1.0,1.0,1,1
B,181845010,9,2008,11,2012,R9KCNT,R11KCNT,1.0,1.0,weekly,weekly,0.0,maintained_weekly,0.0,0.0,1.0,1.0,1,1
B,181887010,9,2008,11,2012,R9KCNT,R11KCNT,1.0,1.0,weekly,weekly,0.0,maintained_weekly,1.0,1.0,1.0,1.0,1,1
B,181887020,9,2008,11,2012,R9KCNT,R11KCNT,1.0,1.0,weekly,weekly,0.0,maintained_weekly,1.0,0.0,1.0,1.0,1,1
B,181955010,9,2008,11,2012,R9KCNT,R11KCNT,0.0,0.0,less_than_weekly,less_than_weekly,0.0,persistently_below_weekly,0.0,0.0,0.0,0.0,0,0
B,181955020,9,2008,11,2012,R9KCNT,R11KCNT,0.0,0.0,less_than_weekly,less_than_weekly,0.0,persistently_below_weekly,0.0,0.0,0.0,0.0,0,0
B,183023010,9,2008,11,2012,R9KCNT,R11KCNT,1.0,1.0,weekly,weekly,0.0,maintained_weekly,1.0,0.0,1.0,1.0,1,1
B,183715010,9,2008,11,2012,R9KCNT,R11KCNT,0.0,0.0,less_than_weekly,less_than_weekly,0.0,persistently_below_weekly,0.0,0.0,0.0,0.0,0,0
B,183752010,9,2008,11,2012,R9KCNT,R11KCNT,1.0,0.0,weekly,less_than_weekly,-1.0,decreased_below_weekly,0.0,0.0,1.0,0.0,1,0
B,183752020,9,2008,11,2012,R9KCNT,R11KCNT,1.0,1.0,weekly,weekly,0.0,maintained_weekly,0.0,0.0,1.0,1.0,1,1
B,183854020,9,2008,11,2012,R9KCNT,R11KCNT,1.0,1.0,weekly,weekly,0.0,maintained_weekly,1.0,1.0,1.0,1.0,1,1
B,183869010,9,2008,11,2012,R9KCNT,R11KCNT,1.0,1.0,weekly,weekly,0.0,maintained_weekly,1.0,1.0,1.0,1.0,1,1
B,183944020,9,2008,11,2012,R9KCNT,R11KCNT,1.0,1.0,weekly,weekly,0.0,maintained_weekly,0.0,1.0,1.0,1.0,1,1
B,183980010,9,2008,11,2012,R9KCNT,R11KCNT,,1.0,leave_behind_not_completed_or_ineligible,weekly,,,,0.0,,1.0,.l,1
B,184219010,9,2008,11,2012,R9KCNT,R11KCNT,,,no_children,no_children,,,,,,,.k,.k
B,184336010,9,2008,11,2012,R9KCNT,R11KCNT,1.0,1.0,weekly,weekly,0.0,maintained_weekly,0.0,1.0,1.0,1.0,1,1
B,184336020,9,2008,11,2012,R9KCNT,R11KCNT,1.0,1.0,weekly,weekly,0.0,maintained_weekly,0.0,1.0,1.0,1.0,1,1
B,184439020,9,2008,11,2012,R9KCNT,R11KCNT,1.0,1.0,weekly,weekly,0.0,maintained_weekly,0.0,0.0,1.0,1.0,1,1
B,184591010,9,2008,11,2012,R9KCNT,R11KCNT,0.0,0.0,less_than_weekly,less_than_weekly,0.0,persistently_below_weekly,0.0,0.0,0.0,0.0,0,0
B,184921010,9,2008,11,2012,R9KCNT,R11KCNT,1.0,1.0,weekly,weekly,0.0,maintained_weekly,1.0,1.0,1.0,1.0,1,1
B,184921020,9,2008,11,2012,R9KCNT,R11KCNT,1.0,1.0,weekly,weekly,0.0,maintained_weekly,1.0,,1.0,1.0,1,1
B,185072010,9,2008,11,2012,R9KCNT,R11KCNT,,1.0,not_interviewed_or_plain_missing,weekly,,,,0.0,,1.0,.,1
B,185102010,9,2008,11,2012,R9KCNT,R11KCNT,,,no_children,no_children,,,,,,,.k,.k
B,185102020,9,2008,11,2012,R9KCNT,R11KCNT,,,no_children,no_children,,,,,,,.k,.k
B,185502010,9,2008,11,2012,R9KCNT,R11KCNT,,1.0,leave_behind_not_completed_or_ineligible,weekly,,,,1.0,,0.0,.l,1
B,185716010,9,2008,11,2012,R9KCNT,R11KCNT,1.0,0.0,weekly,less_than_weekly,-1.0,decreased_below_weekly,1.0,0.0,1.0,0.0,1,0
B,185716020,9,2008,11,2012,R9KCNT,R11KCNT,1.0,1.0,weekly,weekly,0.0,maintained_weekly,0.0,0.0,1.0,1.0,1,1
B,185954010,9,2008,11,2012,R9KCNT,R11KCNT,1.0,1.0,weekly,weekly,0.0,maintained_weekly,1.0,1.0,1.0,1.0,1,1
B,186540010,9,2008,11,2012,R9KCNT,R11KCNT,0.0,1.0,less_than_weekly,weekly,1.0,increased_to_weekly,0.0,0.0,0.0,1.0,0,1
B,186540020,9,2008,11,2012,R9KCNT,R11KCNT,1.0,1.0,weekly,weekly,0.0,maintained_weekly,0.0,0.0,1.0,1.0,1,1
B,186895010,9,2008,11,2012,R9KCNT,R11KCNT,1.0,1.0,weekly,weekly,0.0,maintained_weekly,1.0,1.0,1.0,1.0,1,1
B,186895020,9,2008,11,2012,R9KCNT,R11KCNT,1.0,1.0,weekly,weekly,0.0,maintained_weekly,1.0,1.0,1.0,1.0,1,1
B,187105010,9,2008,11,2012,R9KCNT,R11KCNT,1.0,0.0,weekly,less_than_weekly,-1.0,decreased_below_weekly,0.0,0.0,1.0,0.0,1,0
B,187187010,9,2008,11,2012,R9KCNT,R11KCNT,1.0,1.0,weekly,weekly,0.0,maintained_weekly,1.0,1.0,1.0,1.0,1,1
B,187187020,9,2008,11,2012,R9KCNT,R11KCNT,1.0,1.0,weekly,weekly,0.0,maintained_weekly,0.0,1.0,1.0,1.0,1,1
B,187446010,9,2008,11,2012,R9KCNT,R11KCNT,1.0,1.0,weekly,weekly,0.0,maintained_weekly,1.0,1.0,1.0,1.0,1,1
B,187575010,9,2008,11,2012,R9KCNT,R11KCNT,,1.0,no_children,weekly,,,,1.0,,1.0,.k,1
B,187666010,9,2008,11,2012,R9KCNT,R11KCNT,,,no_children,no_children,,,,,,,.k,.k
B,187673010,9,2008,11,2012,R9KCNT,R11KCNT,1.0,1.0,weekly,weekly,0.0,maintained_weekly,1.0,1.0,1.0,1.0,1,1
B,190757010,9,2008,11,2012,R9KCNT,R11KCNT,1.0,1.0,weekly,weekly,0.0,maintained_weekly,0.0,0.0,1.0,1.0,1,1
B,190757020,9,2008,11,2012,R9KCNT,R11KCNT,1.0,1.0,weekly,weekly,0.0,maintained_weekly,0.0,0.0,1.0,1.0,1,1
B,193866010,9,2008,11,2012,R9KCNT,R11KCNT,,,not_interviewed_or_plain_missing,missing_response,,,,,,,.,.m
B,200035020,9,2008,11,2012,R9KCNT,R11KCNT,1.0,1.0,weekly,weekly,0.0,maintained_weekly,1.0,1.0,1.0,1.0,1,1
B,200108010,9,2008,11,2012,R9KCNT,R11KCNT,1.0,1.0,weekly,weekly,0.0,maintained_weekly,1.0,1.0,1.0,1.0,1,1
B,200119010,9,2008,11,2012,R9KCNT,R11KCNT,1.0,1.0,weekly,weekly,0.0,maintained_weekly,0.0,0.0,1.0,1.0,1,1
B,200124010,9,2008,11,2012,R9KCNT,R11KCNT,1.0,1.0,weekly,weekly,0.0,maintained_weekly,1.0,0.0,1.0,1.0,1,1
B,200158010,9,2008,11,2012,R9KCNT,R11KCNT,0.0,1.0,less_than_weekly,weekly,1.0,increased_to_weekly,0.0,1.0,0.0,1.0,0,1
B,200175020,9,2008,11,2012,R9KCNT,R11KCNT,,,missing_response,missing_response,,,,,,,.m,.m
B,200296020,9,2008,11,2012,R9KCNT,R11KCNT,,1.0,no_children,weekly,,,,0.0,,1.0,.k,1
B,200306020,9,2008,11,2012,R9KCNT,R11KCNT,,,no_children,no_children,,,,,,,.k,.k
B,200346010,9,2008,11,2012,R9KCNT,R11KCNT,0.0,0.0,less_than_weekly,less_than_weekly,0.0,persistently_below_weekly,0.0,0.0,0.0,0.0,0,0
B,200374020,9,2008,11,2012,R9KCNT,R11KCNT,1.0,1.0,weekly,weekly,0.0,maintained_weekly,0.0,0.0,1.0,1.0,1,1
B,200426010,9,2008,11,2012,R9KCNT,R11KCNT,1.0,1.0,weekly,weekly,0.0,maintained_weekly,1.0,0.0,1.0,1.0,1,1
B,200497010,9,2008,11,2012,R9KCNT,R11KCNT,1.0,1.0,weekly,weekly,0.0,maintained_weekly,,0.0,1.0,1.0,1,1
B,200500020,9,2008,11,2012,R9KCNT,R11KCNT,1.0,1.0,weekly,weekly,0.0,maintained_weekly,0.0,0.0,1.0,1.0,1,1
B,200504010,9,2008,11,2012,R9KCNT,R11KCNT,,1.0,no_children,weekly,,,,1.0,,0.0,.k,1
B,200506010,9,2008,11,2012,R9KCNT,R11KCNT,1.0,1.0,weekly,weekly,0.0,maintained_weekly,0.0,0.0,1.0,1.0,1,1
B,200580020,9,2008,11,2012,R9KCNT,R11KCNT,1.0,1.0,weekly,weekly,0.0,maintained_weekly,0.0,0.0,1.0,1.0,1,1
B,200588010,9,2008,11,2012,R9KCNT,R11KCNT,1.0,1.0,weekly,weekly,0.0,maintained_weekly,1.0,0.0,1.0,1.0,1,1
B,200588020,9,2008,11,2012,R9KCNT,R11KCNT,1.0,1.0,weekly,weekly,0.0,maintained_weekly,1.0,0.0,1.0,1.0,1,1
B,200599020,9,2008,11,2012,R9KCNT,R11KCNT,1.0,1.0,weekly,weekly,0.0,maintained_weekly,0.0,0.0,1.0,1.0,1,1
B,200608010,9,2008,11,2012,R9KCNT,R11KCNT,1.0,1.0,weekly,weekly,0.0,maintained_weekly,0.0,1.0,1.0,1.0,1,1
B,200629020,9,2008,11,2012,R9KCNT,R11KCNT,1.0,1.0,weekly,weekly,0.0,maintained_weekly,1.0,0.0,1.0,1.0,1,1
B,200655010,9,2008,11,2012,R9KCNT,R11KCNT,,0.0,not_interviewed_or_plain_missing,less_than_weekly,,,,0.0,,0.0,.,0
B,200661020,9,2008,11,2012,R9KCNT,R11KCNT,,,no_children,no_children,,,,,,,.k,.k
B,200683010,9,2008,11,2012,R9KCNT,R11KCNT,,1.0,leave_behind_not_completed_or_ineligible,weekly,,,,0.0,,1.0,.l,1
B,200683020,9,2008,11,2012,R9KCNT,R11KCNT,1.0,1.0,weekly,weekly,0.0,maintained_weekly,0.0,0.0,1.0,1.0,1,1
B,200777010,9,2008,11,2012,R9KCNT,R11KCNT,1.0,1.0,weekly,weekly,0.0,maintained_weekly,1.0,1.0,1.0,1.0,1,1
B,200777020,9,2008,11,2012,R9KCNT,R11KCNT,1.0,1.0,weekly,weekly,0.0,maintained_weekly,1.0,0.0,1.0,1.0,1,1
B,200799020,9,2008,11,2012,R9KCNT,R11KCNT,1.0,1.0,weekly,weekly,0.0,maintained_weekly,1.0,1.0,1.0,1.0,1,1
B,200823020,9,2008,11,2012,R9KCNT,R11KCNT,1.0,1.0,weekly,weekly,0.0,maintained_weekly,0.0,0.0,1.0,1.0,1,1
B,200834020,9,2008,11,2012,R9KCNT,R11KCNT,0.0,0.0,less_than_weekly,less_than_weekly,0.0,persistently_below_weekly,0.0,0.0,0.0,0.0,0,0
B,200918020,9,2008,11,2012,R9KCNT,R11KCNT,1.0,1.0,weekly,weekly,0.0,maintained_weekly,1.0,1.0,1.0,1.0,1,1
B,200948010,9,2008,11,2012,R9KCNT,R11KCNT,1.0,1.0,weekly,weekly,0.0,maintained_weekly,1.0,1.0,0.0,0.0,1,1
B,200956020,9,2008,11,2012,R9KCNT,R11KCNT,1.0,1.0,weekly,weekly,0.0,maintained_weekly,0.0,1.0,1.0,1.0,1,1
B,201004010,9,2008,11,2012,R9KCNT,R11KCNT,,,no_children,no_children,,,,,,,.k,.k
B,201007020,9,2008,11,2012,R9KCNT,R11KCNT,1.0,1.0,weekly,weekly,0.0,maintained_weekly,1.0,1.0,1.0,0.0,1,1
B,201022020,9,2008,11,2012,R9KCNT,R11KCNT,1.0,1.0,weekly,weekly,0.0,maintained_weekly,1.0,0.0,1.0,1.0,1,1
B,201117020,9,2008,11,2012,R9KCNT,R11KCNT,1.0,,weekly,no_children,,,1.0,,1.0,,1,.k
B,201144020,9,2008,11,2012,R9KCNT,R11KCNT,1.0,1.0,weekly,weekly,0.0,maintained_weekly,1.0,0.0,1.0,1.0,1,1
B,201194011,9,2008,11,2012,R9KCNT,R11KCNT,,,no_children,no_children,,,,,,,.k,.k
B,201248020,9,2008,11,2012,R9KCNT,R11KCNT,1.0,1.0,weekly,weekly,0.0,maintained_weekly,0.0,0.0,1.0,1.0,1,1
B,201292020,9,2008,11,2012,R9KCNT,R11KCNT,,1.0,not_interviewed_or_plain_missing,weekly,,,,0.0,,1.0,.,1
B,201295010,9,2008,11,2012,R9KCNT,R11KCNT,1.0,1.0,weekly,weekly,0.0,maintained_weekly,0.0,0.0,1.0,1.0,1,1
B,201319020,9,2008,11,2012,R9KCNT,R11KCNT,,,no_children,no_children,,,,,,,.k,.k
B,201321020,9,2008,11,2012,R9KCNT,R11KCNT,1.0,1.0,weekly,weekly,0.0,maintained_weekly,1.0,0.0,1.0,1.0,1,1
B,201323021,9,2008,11,2012,R9KCNT,R11KCNT,1.0,1.0,weekly,weekly,0.0,maintained_weekly,0.0,0.0,1.0,1.0,1,1
B,201327010,9,2008,11,2012,R9KCNT,R11KCNT,1.0,1.0,weekly,weekly,0.0,maintained_weekly,1.0,1.0,1.0,1.0,1,1
B,201328020,9,2008,11,2012,R9KCNT,R11KCNT,1.0,1.0,weekly,weekly,0.0,maintained_weekly,1.0,1.0,1.0,1.0,1,1
B,201363020,9,2008,11,2012,R9KCNT,R11KCNT,1.0,,weekly,missing_response,,,1.0,,1.0,,1,.m
B,201385020,9,2008,11,2012,R9KCNT,R11KCNT,1.0,0.0,weekly,less_than_weekly,-1.0,decreased_below_weekly,0.0,0.0,1.0,0.0,1,0
B,201426020,9,2008,11,2012,R9KCNT,R11KCNT,1.0,1.0,weekly,weekly,0.0,maintained_weekly,1.0,1.0,1.0,1.0,1,1
B,201450020,9,2008,11,2012,R9KCNT,R11KCNT,,,missing_response,missing_response,,,,,,,.m,.m
B,201485020,9,2008,11,2012,R9KCNT,R11KCNT,1.0,1.0,weekly,weekly,0.0,maintained_weekly,0.0,0.0,1.0,1.0,1,1
B,201564020,9,2008,11,2012,R9KCNT,R11KCNT,1.0,,weekly,leave_behind_not_completed_or_ineligible,,,0.0,,1.0,,1,.l
B,201600010,9,2008,11,2012,R9KCNT,R11KCNT,1.0,1.0,weekly,weekly,0.0,maintained_weekly,1.0,1.0,1.0,1.0,1,1
B,201624010,9,2008,11,2012,R9KCNT,R11KCNT,1.0,1.0,weekly,weekly,0.0,maintained_weekly,1.0,1.0,1.0,1.0,1,1
B,201632010,9,2008,11,2012,R9KCNT,R11KCNT,1.0,1.0,weekly,weekly,0.0,maintained_weekly,0.0,0.0,1.0,1.0,1,1
B,201646020,9,2008,11,2012,R9KCNT,R11KCNT,1.0,1.0,weekly,weekly,0.0,maintained_weekly,1.0,1.0,1.0,1.0,1,1
B,201663010,9,2008,11,2012,R9KCNT,R11KCNT,1.0,1.0,weekly,weekly,0.0,maintained_weekly,1.0,0.0,1.0,1.0,1,1
B,201736010,9,2008,11,2012,R9KCNT,R11KCNT,1.0,1.0,weekly,weekly,0.0,maintained_weekly,1.0,1.0,1.0,1.0,1,1
B,201774021,9,2008,11,2012,R9KCNT,R11KCNT,1.0,1.0,weekly,weekly,0.0,maintained_weekly,0.0,0.0,1.0,1.0,1,1
B,201780020,9,2008,11,2012,R9KCNT,R11KCNT,,,no_children,no_children,,,,,,,.k,.k
B,201780021,9,2008,11,2012,R9KCNT,R11KCNT,,0.0,not_interviewed_or_plain_missing,less_than_weekly,,,,0.0,,0.0,.,0
B,201812010,9,2008,11,2012,R9KCNT,R11KCNT,,1.0,missing_response,weekly,,,,1.0,,1.0,.m,1
B,201822010,9,2008,11,2012,R9KCNT,R11KCNT,1.0,1.0,weekly,weekly,0.0,maintained_weekly,1.0,1.0,1.0,1.0,1,1
B,201824010,9,2008,11,2012,R9KCNT,R11KCNT,1.0,1.0,weekly,weekly,0.0,maintained_weekly,0.0,1.0,1.0,1.0,1,1
B,201845010,9,2008,11,2012,R9KCNT,R11KCNT,1.0,1.0,weekly,weekly,0.0,maintained_weekly,0.0,0.0,1.0,1.0,1,1
B,201903010,9,2008,11,2012,R9KCNT,R11KCNT,1.0,1.0,weekly,weekly,0.0,maintained_weekly,0.0,0.0,1.0,1.0,1,1
B,201911020,9,2008,11,2012,R9KCNT,R11KCNT,1.0,1.0,weekly,weekly,0.0,maintained_weekly,0.0,1.0,1.0,1.0,1,1
B,201919020,9,2008,11,2012,R9KCNT,R11KCNT,1.0,1.0,weekly,weekly,0.0,maintained_weekly,0.0,0.0,1.0,1.0,1,1
B,201920010,9,2008,11,2012,R9KCNT,R11KCNT,1.0,1.0,weekly,weekly,0.0,maintained_weekly,0.0,1.0,1.0,1.0,1,1
B,201941010,9,2008,11,2012,R9KCNT,R11KCNT,1.0,,weekly,missing_response,,,0.0,,1.0,,1,.m
B,201969010,9,2008,11,2012,R9KCNT,R11KCNT,,,no_children,no_children,,,,,,,.k,.k
B,201975010,9,2008,11,2012,R9KCNT,R11KCNT,1.0,1.0,weekly,weekly,0.0,maintained_weekly,0.0,1.0,1.0,1.0,1,1
B,202015010,9,2008,11,2012,R9KCNT,R11KCNT,1.0,1.0,weekly,weekly,0.0,maintained_weekly,1.0,1.0,1.0,1.0,1,1
B,202076020,9,2008,11,2012,R9KCNT,R11KCNT,1.0,1.0,weekly,weekly,0.0,maintained_weekly,0.0,1.0,1.0,1.0,1,1
B,202121010,9,2008,11,2012,R9KCNT,R11KCNT,,,no_children,no_children,,,,,,,.k,.k
B,202214010,9,2008,11,2012,R9KCNT,R11KCNT,1.0,1.0,weekly,weekly,0.0,maintained_weekly,1.0,1.0,1.0,1.0,1,1
B,202232020,9,2008,11,2012,R9KCNT,R11KCNT,1.0,0.0,weekly,less_than_weekly,-1.0,decreased_below_weekly,0.0,0.0,1.0,0.0,1,0
B,202239010,9,2008,11,2012,R9KCNT,R11KCNT,1.0,1.0,weekly,weekly,0.0,maintained_weekly,1.0,1.0,1.0,1.0,1,1
B,202283020,9,2008,11,2012,R9KCNT,R11KCNT,1.0,,weekly,missing_response,,,1.0,,1.0,,1,.m
B,202314010,9,2008,11,2012,R9KCNT,R11KCNT,1.0,1.0,weekly,weekly,0.0,maintained_weekly,1.0,1.0,1.0,1.0,1,1
B,202316010,9,2008,11,2012,R9KCNT,R11KCNT,1.0,1.0,weekly,weekly,0.0,maintained_weekly,1.0,,1.0,1.0,1,1
B,202330020,9,2008,11,2012,R9KCNT,R11KCNT,1.0,1.0,weekly,weekly,0.0,maintained_weekly,0.0,0.0,1.0,1.0,1,1
B,202366020,9,2008,11,2012,R9KCNT,R11KCNT,1.0,1.0,weekly,weekly,0.0,maintained_weekly,1.0,1.0,1.0,1.0,1,1
B,202410010,9,2008,11,2012,R9KCNT,R11KCNT,1.0,1.0,weekly,weekly,0.0,maintained_weekly,0.0,0.0,1.0,1.0,1,1
B,202491010,9,2008,11,2012,R9KCNT,R11KCNT,1.0,1.0,weekly,weekly,0.0,maintained_weekly,1.0,1.0,1.0,1.0,1,1
B,202513010,9,2008,11,2012,R9KCNT,R11KCNT,,,no_children,no_children,,,,,,,.k,.k
B,202519010,9,2008,11,2012,R9KCNT,R11KCNT,0.0,0.0,less_than_weekly,less_than_weekly,0.0,persistently_below_weekly,0.0,0.0,0.0,0.0,0,0
B,202544020,9,2008,11,2012,R9KCNT,R11KCNT,1.0,1.0,weekly,weekly,0.0,maintained_weekly,1.0,1.0,1.0,1.0,1,1
B,202555010,9,2008,11,2012,R9KCNT,R11KCNT,1.0,0.0,weekly,less_than_weekly,-1.0,decreased_below_weekly,0.0,0.0,1.0,0.0,1,0
B,202772010,9,2008,11,2012,R9KCNT,R11KCNT,1.0,1.0,weekly,weekly,0.0,maintained_weekly,0.0,1.0,1.0,1.0,1,1
B,202773011,9,2008,11,2012,R9KCNT,R11KCNT,1.0,1.0,weekly,weekly,0.0,maintained_weekly,1.0,0.0,1.0,1.0,1,1
B,202874010,9,2008,11,2012,R9KCNT,R11KCNT,,,no_children,no_children,,,,,,,.k,.k
B,202898010,9,2008,11,2012,R9KCNT,R11KCNT,1.0,1.0,weekly,weekly,0.0,maintained_weekly,,,1.0,1.0,1,1
B,202898020,9,2008,11,2012,R9KCNT,R11KCNT,1.0,1.0,weekly,weekly,0.0,maintained_weekly,0.0,1.0,1.0,1.0,1,1
B,202960010,9,2008,11,2012,R9KCNT,R11KCNT,1.0,1.0,weekly,weekly,0.0,maintained_weekly,0.0,0.0,1.0,1.0,1,1
B,202970010,9,2008,11,2012,R9KCNT,R11KCNT,,,no_children,no_children,,,,,,,.k,.k
B,202973010,9,2008,11,2012,R9KCNT,R11KCNT,1.0,1.0,weekly,weekly,0.0,maintained_weekly,,,1.0,1.0,1,1
B,202973020,9,2008,11,2012,R9KCNT,R11KCNT,1.0,1.0,weekly,weekly,0.0,maintained_weekly,0.0,0.0,1.0,1.0,1,1
B,202989010,9,2008,11,2012,R9KCNT,R11KCNT,1.0,1.0,weekly,weekly,0.0,maintained_weekly,1.0,1.0,1.0,1.0,1,1
B,203017020,9,2008,11,2012,R9KCNT,R11KCNT,1.0,1.0,weekly,weekly,0.0,maintained_weekly,0.0,0.0,1.0,1.0,1,1
B,203028011,9,2008,11,2012,R9KCNT,R11KCNT,1.0,1.0,weekly,weekly,0.0,maintained_weekly,1.0,1.0,1.0,1.0,1,1
B,203036010,9,2008,11,2012,R9KCNT,R11KCNT,1.0,1.0,weekly,weekly,0.0,maintained_weekly,1.0,1.0,1.0,1.0,1,1
B,203105010,9,2008,11,2012,R9KCNT,R11KCNT,1.0,1.0,weekly,weekly,0.0,maintained_weekly,1.0,1.0,1.0,1.0,1,1
B,203108010,9,2008,11,2012,R9KCNT,R11KCNT,1.0,1.0,weekly,weekly,0.0,maintained_weekly,1.0,1.0,1.0,1.0,1,1
B,203139020,9,2008,11,2012,R9KCNT,R11KCNT,1.0,1.0,weekly,weekly,0.0,maintained_weekly,1.0,1.0,1.0,1.0,1,1
B,203157010,9,2008,11,2012,R9KCNT,R11KCNT,,,no_children,no_children,,,,,,,.k,.k
B,203173010,9,2008,11,2012,R9KCNT,R11KCNT,0.0,1.0,less_than_weekly,weekly,1.0,increased_to_weekly,0.0,0.0,0.0,1.0,0,1
B,203173020,9,2008,11,2012,R9KCNT,R11KCNT,1.0,0.0,weekly,less_than_weekly,-1.0,decreased_below_weekly,1.0,0.0,1.0,0.0,1,0
B,203209020,9,2008,11,2012,R9KCNT,R11KCNT,1.0,1.0,weekly,weekly,0.0,maintained_weekly,0.0,1.0,1.0,0.0,1,1
B,203246010,9,2008,11,2012,R9KCNT,R11KCNT,1.0,1.0,weekly,weekly,0.0,maintained_weekly,1.0,0.0,1.0,1.0,1,1
B,203247010,9,2008,11,2012,R9KCNT,R11KCNT,1.0,1.0,weekly,weekly,0.0,maintained_weekly,1.0,1.0,1.0,1.0,1,1
B,203269010,9,2008,11,2012,R9KCNT,R11KCNT,1.0,1.0,weekly,weekly,0.0,maintained_weekly,0.0,1.0,1.0,1.0,1,1
B,203277010,9,2008,11,2012,R9KCNT,R11KCNT,1.0,1.0,weekly,weekly,0.0,maintained_weekly,1.0,1.0,1.0,1.0,1,1
B,203295020,9,2008,11,2012,R9KCNT,R11KCNT,1.0,1.0,weekly,weekly,0.0,maintained_weekly,1.0,1.0,1.0,1.0,1,1
B,203297020,9,2008,11,2012,R9KCNT,R11KCNT,1.0,1.0,weekly,weekly,0.0,maintained_weekly,1.0,1.0,1.0,1.0,1,1
B,203311020,9,2008,11,2012,R9KCNT,R11KCNT,1.0,1.0,weekly,weekly,0.0,maintained_weekly,0.0,,1.0,1.0,1,1
B,203327010,9,2008,11,2012,R9KCNT,R11KCNT,0.0,0.0,less_than_weekly,less_than_weekly,0.0,persistently_below_weekly,0.0,0.0,0.0,0.0,0,0
B,203385010,9,2008,11,2012,R9KCNT,R11KCNT,1.0,1.0,weekly,weekly,0.0,maintained_weekly,1.0,1.0,1.0,1.0,1,1
B,203400010,9,2008,11,2012,R9KCNT,R11KCNT,1.0,1.0,weekly,weekly,0.0,maintained_weekly,0.0,0.0,1.0,1.0,1,1
B,203402010,9,2008,11,2012,R9KCNT,R11KCNT,1.0,1.0,weekly,weekly,0.0,maintained_weekly,1.0,1.0,1.0,1.0,1,1
B,203402020,9,2008,11,2012,R9KCNT,R11KCNT,1.0,1.0,weekly,weekly,0.0,maintained_weekly,1.0,0.0,1.0,1.0,1,1
B,203413020,9,2008,11,2012,R9KCNT,R11KCNT,1.0,1.0,weekly,weekly,0.0,maintained_weekly,1.0,1.0,1.0,1.0,1,1
B,203422010,9,2008,11,2012,R9KCNT,R11KCNT,1.0,1.0,weekly,weekly,0.0,maintained_weekly,1.0,1.0,1.0,0.0,1,1
B,203494020,9,2008,11,2012,R9KCNT,R11KCNT,1.0,1.0,weekly,weekly,0.0,maintained_weekly,0.0,1.0,1.0,0.0,1,1
B,203503020,9,2008,11,2012,R9KCNT,R11KCNT,1.0,1.0,weekly,weekly,0.0,maintained_weekly,1.0,1.0,1.0,1.0,1,1
B,203527010,9,2008,11,2012,R9KCNT,R11KCNT,1.0,1.0,weekly,weekly,0.0,maintained_weekly,0.0,0.0,1.0,1.0,1,1
B,203527011,9,2008,11,2012,R9KCNT,R11KCNT,1.0,1.0,weekly,weekly,0.0,maintained_weekly,0.0,0.0,1.0,1.0,1,1
B,203530020,9,2008,11,2012,R9KCNT,R11KCNT,1.0,,weekly,missing_response,,,0.0,,1.0,,1,.m
B,203568020,9,2008,11,2012,R9KCNT,R11KCNT,0.0,0.0,less_than_weekly,less_than_weekly,0.0,persistently_below_weekly,0.0,0.0,0.0,0.0,0,0
B,203668010,9,2008,11,2012,R9KCNT,R11KCNT,1.0,1.0,weekly,weekly,0.0,maintained_weekly,0.0,1.0,1.0,0.0,1,1
B,203731020,9,2008,11,2012,R9KCNT,R11KCNT,,,no_children,no_children,,,,,,,.k,.k
B,203788021,9,2008,11,2012,R9KCNT,R11KCNT,1.0,,weekly,leave_behind_not_completed_or_ineligible,,,1.0,,1.0,,1,.l
B,203945010,9,2008,11,2012,R9KCNT,R11KCNT,1.0,1.0,weekly,weekly,0.0,maintained_weekly,1.0,1.0,1.0,1.0,1,1
B,203967020,9,2008,11,2012,R9KCNT,R11KCNT,1.0,1.0,weekly,weekly,0.0,maintained_weekly,0.0,0.0,1.0,1.0,1,1
B,204021010,9,2008,11,2012,R9KCNT,R11KCNT,1.0,0.0,weekly,less_than_weekly,-1.0,decreased_below_weekly,0.0,0.0,1.0,0.0,1,0
B,204073020,9,2008,11,2012,R9KCNT,R11KCNT,1.0,1.0,weekly,weekly,0.0,maintained_weekly,1.0,1.0,1.0,1.0,1,1
B,204087010,9,2008,11,2012,R9KCNT,R11KCNT,1.0,1.0,weekly,weekly,0.0,maintained_weekly,0.0,0.0,1.0,1.0,1,1
B,204107010,9,2008,11,2012,R9KCNT,R11KCNT,0.0,0.0,less_than_weekly,less_than_weekly,0.0,persistently_below_weekly,0.0,0.0,,0.0,0,0
B,204111020,9,2008,11,2012,R9KCNT,R11KCNT,1.0,1.0,weekly,weekly,0.0,maintained_weekly,1.0,1.0,1.0,1.0,1,1
B,204139020,9,2008,11,2012,R9KCNT,R11KCNT,1.0,1.0,weekly,weekly,0.0,maintained_weekly,1.0,1.0,1.0,1.0,1,1
B,204158020,9,2008,11,2012,R9KCNT,R11KCNT,,0.0,not_interviewed_or_plain_missing,less_than_weekly,,,,0.0,,0.0,.,0
B,204201020,9,2008,11,2012,R9KCNT,R11KCNT,1.0,1.0,weekly,weekly,0.0,maintained_weekly,1.0,1.0,1.0,1.0,1,1
B,204235020,9,2008,11,2012,R9KCNT,R11KCNT,,,no_children,no_children,,,,,,,.k,.k
B,204258020,9,2008,11,2012,R9KCNT,R11KCNT,0.0,0.0,less_than_weekly,less_than_weekly,0.0,persistently_below_weekly,0.0,0.0,0.0,0.0,0,0
B,204261010,9,2008,11,2012,R9KCNT,R11KCNT,1.0,1.0,weekly,weekly,0.0,maintained_weekly,0.0,0.0,1.0,1.0,1,1
B,204308010,9,2008,11,2012,R9KCNT,R11KCNT,1.0,0.0,weekly,less_than_weekly,-1.0,decreased_below_weekly,0.0,,1.0,0.0,1,0
B,204320010,9,2008,11,2012,R9KCNT,R11KCNT,1.0,1.0,weekly,weekly,0.0,maintained_weekly,0.0,1.0,1.0,1.0,1,1
B,204321010,9,2008,11,2012,R9KCNT,R11KCNT,1.0,,weekly,leave_behind_not_completed_or_ineligible,,,0.0,,1.0,,1,.l
B,204338020,9,2008,11,2012,R9KCNT,R11KCNT,1.0,,weekly,missing_response,,,0.0,,1.0,,1,.m
B,204342020,9,2008,11,2012,R9KCNT,R11KCNT,1.0,1.0,weekly,weekly,0.0,maintained_weekly,0.0,0.0,1.0,1.0,1,1
B,204342021,9,2008,11,2012,R9KCNT,R11KCNT,,1.0,not_interviewed_or_plain_missing,weekly,,,,1.0,,1.0,.,1
B,204393010,9,2008,11,2012,R9KCNT,R11KCNT,1.0,0.0,weekly,less_than_weekly,-1.0,decreased_below_weekly,0.0,0.0,1.0,0.0,1,0
B,204393020,9,2008,11,2012,R9KCNT,R11KCNT,1.0,1.0,weekly,weekly,0.0,maintained_weekly,0.0,0.0,1.0,1.0,1,1
B,204402010,9,2008,11,2012,R9KCNT,R11KCNT,1.0,1.0,weekly,weekly,0.0,maintained_weekly,1.0,1.0,1.0,1.0,1,1
B,204407010,9,2008,11,2012,R9KCNT,R11KCNT,1.0,0.0,weekly,less_than_weekly,-1.0,decreased_below_weekly,1.0,0.0,1.0,0.0,1,0
B,204413020,9,2008,11,2012,R9KCNT,R11KCNT,1.0,1.0,weekly,weekly,0.0,maintained_weekly,0.0,,1.0,1.0,1,1
B,204415020,9,2008,11,2012,R9KCNT,R11KCNT,,,no_children,no_children,,,,,,,.k,.k
B,204445010,9,2008,11,2012,R9KCNT,R11KCNT,1.0,0.0,weekly,less_than_weekly,-1.0,decreased_below_weekly,1.0,,1.0,0.0,1,0
B,204445020,9,2008,11,2012,R9KCNT,R11KCNT,1.0,1.0,weekly,weekly,0.0,maintained_weekly,0.0,0.0,1.0,1.0,1,1
B,204447020,9,2008,11,2012,R9KCNT,R11KCNT,0.0,0.0,less_than_weekly,less_than_weekly,0.0,persistently_below_weekly,0.0,0.0,0.0,0.0,0,0
B,204619010,9,2008,11,2012,R9KCNT,R11KCNT,,,no_children,no_children,,,,,,,.k,.k
B,204623010,9,2008,11,2012,R9KCNT,R11KCNT,1.0,1.0,weekly,weekly,0.0,maintained_weekly,1.0,1.0,1.0,1.0,1,1
B,204656010,9,2008,11,2012,R9KCNT,R11KCNT,1.0,0.0,weekly,less_than_weekly,-1.0,decreased_below_weekly,0.0,0.0,1.0,0.0,1,0
B,204656020,9,2008,11,2012,R9KCNT,R11KCNT,1.0,1.0,weekly,weekly,0.0,maintained_weekly,0.0,0.0,1.0,1.0,1,1
B,204697010,9,2008,11,2012,R9KCNT,R11KCNT,1.0,1.0,weekly,weekly,0.0,maintained_weekly,1.0,1.0,1.0,1.0,1,1
B,204716020,9,2008,11,2012,R9KCNT,R11KCNT,1.0,1.0,weekly,weekly,0.0,maintained_weekly,1.0,1.0,1.0,1.0,1,1
B,204721020,9,2008,11,2012,R9KCNT,R11KCNT,1.0,1.0,weekly,weekly,0.0,maintained_weekly,1.0,1.0,1.0,1.0,1,1
B,204764010,9,2008,11,2012,R9KCNT,R11KCNT,1.0,0.0,weekly,less_than_weekly,-1.0,decreased_below_weekly,1.0,0.0,1.0,0.0,1,0
B,204810010,9,2008,11,2012,R9KCNT,R11KCNT,1.0,1.0,weekly,weekly,0.0,maintained_weekly,0.0,0.0,1.0,1.0,1,1
B,204810020,9,2008,11,2012,R9KCNT,R11KCNT,1.0,1.0,weekly,weekly,0.0,maintained_weekly,0.0,0.0,1.0,1.0,1,1
B,204823010,9,2008,11,2012,R9KCNT,R11KCNT,0.0,0.0,less_than_weekly,less_than_weekly,0.0,persistently_below_weekly,0.0,0.0,0.0,0.0,0,0
B,204823020,9,2008,11,2012,R9KCNT,R11KCNT,1.0,1.0,weekly,weekly,0.0,maintained_weekly,0.0,,1.0,1.0,1,1
B,204872020,9,2008,11,2012,R9KCNT,R11KCNT,1.0,,weekly,missing_response,,,0.0,,1.0,,1,.m
B,204873010,9,2008,11,2012,R9KCNT,R11KCNT,,1.0,missing_response,weekly,,,,1.0,,1.0,.m,1
B,204890010,9,2008,11,2012,R9KCNT,R11KCNT,1.0,1.0,weekly,weekly,0.0,maintained_weekly,1.0,0.0,1.0,1.0,1,1
B,204908010,9,2008,11,2012,R9KCNT,R11KCNT,0.0,0.0,less_than_weekly,less_than_weekly,0.0,persistently_below_weekly,0.0,0.0,0.0,0.0,0,0
B,204922020,9,2008,11,2012,R9KCNT,R11KCNT,1.0,1.0,weekly,weekly,0.0,maintained_weekly,1.0,1.0,0.0,0.0,1,1
B,204945010,9,2008,11,2012,R9KCNT,R11KCNT,1.0,0.0,weekly,less_than_weekly,-1.0,decreased_below_weekly,0.0,0.0,1.0,0.0,1,0
B,204948020,9,2008,11,2012,R9KCNT,R11KCNT,1.0,1.0,weekly,weekly,0.0,maintained_weekly,0.0,1.0,1.0,1.0,1,1
B,204954010,9,2008,11,2012,R9KCNT,R11KCNT,0.0,1.0,less_than_weekly,weekly,1.0,increased_to_weekly,0.0,1.0,0.0,1.0,0,1
B,204954020,9,2008,11,2012,R9KCNT,R11KCNT,1.0,1.0,weekly,weekly,0.0,maintained_weekly,1.0,1.0,1.0,1.0,1,1
B,204956010,9,2008,11,2012,R9KCNT,R11KCNT,1.0,1.0,weekly,weekly,0.0,maintained_weekly,1.0,1.0,1.0,1.0,1,1
B,205001010,9,2008,11,2012,R9KCNT,R11KCNT,0.0,1.0,less_than_weekly,weekly,1.0,increased_to_weekly,0.0,0.0,0.0,1.0,0,1
B,205001011,9,2008,11,2012,R9KCNT,R11KCNT,1.0,1.0,weekly,weekly,0.0,maintained_weekly,0.0,0.0,1.0,1.0,1,1
B,205017020,9,2008,11,2012,R9KCNT,R11KCNT,1.0,1.0,weekly,weekly,0.0,maintained_weekly,0.0,0.0,1.0,1.0,1,1
B,205030020,9,2008,11,2012,R9KCNT,R11KCNT,1.0,1.0,weekly,weekly,0.0,maintained_weekly,1.0,1.0,1.0,1.0,1,1
B,205032020,9,2008,11,2012,R9KCNT,R11KCNT,,1.0,missing_response,weekly,,,,1.0,,1.0,.m,1
B,205056020,9,2008,11,2012,R9KCNT,R11KCNT,1.0,1.0,weekly,weekly,0.0,maintained_weekly,0.0,0.0,1.0,1.0,1,1
B,205086020,9,2008,11,2012,R9KCNT,R11KCNT,1.0,1.0,weekly,weekly,0.0,maintained_weekly,0.0,1.0,1.0,1.0,1,1
B,205107010,9,2008,11,2012,R9KCNT,R11KCNT,1.0,1.0,weekly,weekly,0.0,maintained_weekly,1.0,1.0,1.0,1.0,1,1
B,205110021,9,2008,11,2012,R9KCNT,R11KCNT,1.0,1.0,weekly,weekly,0.0,maintained_weekly,1.0,1.0,1.0,1.0,1,1
B,205144020,9,2008,11,2012,R9KCNT,R11KCNT,1.0,1.0,weekly,weekly,0.0,maintained_weekly,1.0,1.0,1.0,0.0,1,1
B,205166010,9,2008,11,2012,R9KCNT,R11KCNT,0.0,0.0,less_than_weekly,less_than_weekly,0.0,persistently_below_weekly,0.0,0.0,0.0,0.0,0,0
B,205166020,9,2008,11,2012,R9KCNT,R11KCNT,1.0,,weekly,missing_response,,,0.0,,1.0,,1,.m
B,205173010,9,2008,11,2012,R9KCNT,R11KCNT,1.0,1.0,weekly,weekly,0.0,maintained_weekly,1.0,1.0,1.0,1.0,1,1
B,205175020,9,2008,11,2012,R9KCNT,R11KCNT,,,no_children,no_children,,,,,,,.k,.k
B,205204020,9,2008,11,2012,R9KCNT,R11KCNT,0.0,,less_than_weekly,no_children,,,0.0,,0.0,,0,.k
B,205265020,9,2008,11,2012,R9KCNT,R11KCNT,1.0,1.0,weekly,weekly,0.0,maintained_weekly,1.0,1.0,1.0,1.0,1,1
B,205297020,9,2008,11,2012,R9KCNT,R11KCNT,1.0,1.0,weekly,weekly,0.0,maintained_weekly,1.0,1.0,1.0,1.0,1,1
B,205312010,9,2008,11,2012,R9KCNT,R11KCNT,1.0,1.0,weekly,weekly,0.0,maintained_weekly,0.0,1.0,1.0,1.0,1,1
B,205373020,9,2008,11,2012,R9KCNT,R11KCNT,,,no_children,no_children,,,,,,,.k,.k
B,205378011,9,2008,11,2012,R9KCNT,R11KCNT,0.0,0.0,less_than_weekly,less_than_weekly,0.0,persistently_below_weekly,0.0,0.0,0.0,0.0,0,0
B,205398020,9,2008,11,2012,R9KCNT,R11KCNT,1.0,1.0,weekly,weekly,0.0,maintained_weekly,1.0,1.0,1.0,1.0,1,1
B,205403010,9,2008,11,2012,R9KCNT,R11KCNT,1.0,1.0,weekly,weekly,0.0,maintained_weekly,0.0,0.0,1.0,1.0,1,1
B,205403011,9,2008,11,2012,R9KCNT,R11KCNT,0.0,0.0,less_than_weekly,less_than_weekly,0.0,persistently_below_weekly,0.0,0.0,0.0,0.0,0,0
B,205416010,9,2008,11,2012,R9KCNT,R11KCNT,1.0,1.0,weekly,weekly,0.0,maintained_weekly,0.0,1.0,1.0,1.0,1,1
B,205427010,9,2008,11,2012,R9KCNT,R11KCNT,,1.0,missing_response,weekly,,,,,,1.0,.m,1
B,205447010,9,2008,11,2012,R9KCNT,R11KCNT,1.0,1.0,weekly,weekly,0.0,maintained_weekly,1.0,0.0,1.0,1.0,1,1
B,205462020,9,2008,11,2012,R9KCNT,R11KCNT,1.0,1.0,weekly,weekly,0.0,maintained_weekly,1.0,1.0,1.0,1.0,1,1
B,205507020,9,2008,11,2012,R9KCNT,R11KCNT,0.0,0.0,less_than_weekly,less_than_weekly,0.0,persistently_below_weekly,0.0,0.0,0.0,0.0,0,0
B,205534010,9,2008,11,2012,R9KCNT,R11KCNT,1.0,0.0,weekly,less_than_weekly,-1.0,decreased_below_weekly,1.0,0.0,1.0,0.0,1,0
B,205534020,9,2008,11,2012,R9KCNT,R11KCNT,1.0,1.0,weekly,weekly,0.0,maintained_weekly,1.0,0.0,1.0,1.0,1,1
B,205537010,9,2008,11,2012,R9KCNT,R11KCNT,0.0,0.0,less_than_weekly,less_than_weekly,0.0,persistently_below_weekly,0.0,0.0,0.0,0.0,0,0
B,205564020,9,2008,11,2012,R9KCNT,R11KCNT,1.0,1.0,weekly,weekly,0.0,maintained_weekly,0.0,0.0,1.0,1.0,1,1
B,205599020,9,2008,11,2012,R9KCNT,R11KCNT,,,no_children,no_children,,,,,,,.k,.k
B,205623010,9,2008,11,2012,R9KCNT,R11KCNT,0.0,,less_than_weekly,missing_response,,,0.0,,0.0,,0,.m
B,205628020,9,2008,11,2012,R9KCNT,R11KCNT,1.0,1.0,weekly,weekly,0.0,maintained_weekly,1.0,1.0,1.0,1.0,1,1
B,205639010,9,2008,11,2012,R9KCNT,R11KCNT,1.0,1.0,weekly,weekly,0.0,maintained_weekly,1.0,1.0,1.0,1.0,1,1
B,205646010,9,2008,11,2012,R9KCNT,R11KCNT,1.0,,weekly,missing_response,,,0.0,,1.0,,1,.m
B,205672020,9,2008,11,2012,R9KCNT,R11KCNT,0.0,1.0,less_than_weekly,weekly,1.0,increased_to_weekly,0.0,0.0,0.0,1.0,0,1
B,205683010,9,2008,11,2012,R9KCNT,R11KCNT,1.0,1.0,weekly,weekly,0.0,maintained_weekly,1.0,1.0,1.0,1.0,1,1
B,205689020,9,2008,11,2012,R9KCNT,R11KCNT,1.0,1.0,weekly,weekly,0.0,maintained_weekly,0.0,0.0,1.0,1.0,1,1
B,205715020,9,2008,11,2012,R9KCNT,R11KCNT,1.0,1.0,weekly,weekly,0.0,maintained_weekly,0.0,0.0,1.0,1.0,1,1
B,205720020,9,2008,11,2012,R9KCNT,R11KCNT,1.0,1.0,weekly,weekly,0.0,maintained_weekly,0.0,,1.0,1.0,1,1
B,205736020,9,2008,11,2012,R9KCNT,R11KCNT,1.0,1.0,weekly,weekly,0.0,maintained_weekly,0.0,1.0,1.0,1.0,1,1
B,205781020,9,2008,11,2012,R9KCNT,R11KCNT,1.0,1.0,weekly,weekly,0.0,maintained_weekly,0.0,1.0,1.0,1.0,1,1
B,205798020,9,2008,11,2012,R9KCNT,R11KCNT,1.0,1.0,weekly,weekly,0.0,maintained_weekly,1.0,1.0,1.0,1.0,1,1
B,205809010,9,2008,11,2012,R9KCNT,R11KCNT,1.0,1.0,weekly,weekly,0.0,maintained_weekly,1.0,1.0,1.0,1.0,1,1
B,205809011,9,2008,11,2012,R9KCNT,R11KCNT,1.0,1.0,weekly,weekly,0.0,maintained_weekly,0.0,1.0,1.0,1.0,1,1
B,205811020,9,2008,11,2012,R9KCNT,R11KCNT,,0.0,missing_response,less_than_weekly,,,,,,0.0,.m,0
B,205816020,9,2008,11,2012,R9KCNT,R11KCNT,1.0,1.0,weekly,weekly,0.0,maintained_weekly,1.0,1.0,1.0,1.0,1,1
B,205833020,9,2008,11,2012,R9KCNT,R11KCNT,1.0,,weekly,missing_response,,,0.0,,1.0,,1,.m
B,205847010,9,2008,11,2012,R9KCNT,R11KCNT,1.0,1.0,weekly,weekly,0.0,maintained_weekly,1.0,1.0,1.0,1.0,1,1
B,205865011,9,2008,11,2012,R9KCNT,R11KCNT,1.0,1.0,weekly,weekly,0.0,maintained_weekly,1.0,1.0,1.0,1.0,1,1
B,205890010,9,2008,11,2012,R9KCNT,R11KCNT,,0.0,missing_response,less_than_weekly,,,,0.0,,0.0,.m,0
B,205963020,9,2008,11,2012,R9KCNT,R11KCNT,1.0,0.0,weekly,less_than_weekly,-1.0,decreased_below_weekly,0.0,0.0,1.0,0.0,1,0
B,205996020,9,2008,11,2012,R9KCNT,R11KCNT,,1.0,not_interviewed_or_plain_missing,weekly,,,,1.0,,1.0,.,1
B,206018010,9,2008,11,2012,R9KCNT,R11KCNT,1.0,1.0,weekly,weekly,0.0,maintained_weekly,0.0,1.0,1.0,1.0,1,1
B,206059010,9,2008,11,2012,R9KCNT,R11KCNT,0.0,0.0,less_than_weekly,less_than_weekly,0.0,persistently_below_weekly,0.0,0.0,0.0,0.0,0,0
B,206101010,9,2008,11,2012,R9KCNT,R11KCNT,1.0,1.0,weekly,weekly,0.0,maintained_weekly,0.0,1.0,1.0,1.0,1,1
B,206101020,9,2008,11,2012,R9KCNT,R11KCNT,1.0,1.0,weekly,weekly,0.0,maintained_weekly,0.0,1.0,1.0,1.0,1,1
B,206125010,9,2008,11,2012,R9KCNT,R11KCNT,1.0,1.0,weekly,weekly,0.0,maintained_weekly,0.0,0.0,1.0,1.0,1,1
B,206149010,9,2008,11,2012,R9KCNT,R11KCNT,1.0,1.0,weekly,weekly,0.0,maintained_weekly,0.0,0.0,1.0,1.0,1,1
B,206156020,9,2008,11,2012,R9KCNT,R11KCNT,1.0,1.0,weekly,weekly,0.0,maintained_weekly,1.0,1.0,1.0,0.0,1,1
B,206185020,9,2008,11,2012,R9KCNT,R11KCNT,1.0,1.0,weekly,weekly,0.0,maintained_weekly,1.0,1.0,1.0,1.0,1,1
B,206187010,9,2008,11,2012,R9KCNT,R11KCNT,1.0,1.0,weekly,weekly,0.0,maintained_weekly,1.0,1.0,1.0,1.0,1,1
B,206187020,9,2008,11,2012,R9KCNT,R11KCNT,1.0,1.0,weekly,weekly,0.0,maintained_weekly,1.0,1.0,1.0,1.0,1,1
B,206198010,9,2008,11,2012,R9KCNT,R11KCNT,1.0,1.0,weekly,weekly,0.0,maintained_weekly,0.0,0.0,1.0,1.0,1,1
B,206198020,9,2008,11,2012,R9KCNT,R11KCNT,1.0,1.0,weekly,weekly,0.0,maintained_weekly,0.0,0.0,1.0,1.0,1,1
B,206204020,9,2008,11,2012,R9KCNT,R11KCNT,1.0,1.0,weekly,weekly,0.0,maintained_weekly,0.0,0.0,1.0,1.0,1,1
B,206210010,9,2008,11,2012,R9KCNT,R11KCNT,1.0,,weekly,missing_response,,,0.0,,1.0,,1,.m
B,206210020,9,2008,11,2012,R9KCNT,R11KCNT,1.0,1.0,weekly,weekly,0.0,maintained_weekly,0.0,1.0,1.0,1.0,1,1
B,206222010,9,2008,11,2012,R9KCNT,R11KCNT,1.0,1.0,weekly,weekly,0.0,maintained_weekly,1.0,1.0,1.0,1.0,1,1
B,206262010,9,2008,11,2012,R9KCNT,R11KCNT,1.0,1.0,weekly,weekly,0.0,maintained_weekly,1.0,1.0,1.0,1.0,1,1
B,206302010,9,2008,11,2012,R9KCNT,R11KCNT,1.0,1.0,weekly,weekly,0.0,maintained_weekly,1.0,0.0,1.0,1.0,1,1
B,206302020,9,2008,11,2012,R9KCNT,R11KCNT,1.0,1.0,weekly,weekly,0.0,maintained_weekly,0.0,0.0,1.0,1.0,1,1
B,206303011,9,2008,11,2012,R9KCNT,R11KCNT,1.0,1.0,weekly,weekly,0.0,maintained_weekly,0.0,1.0,1.0,1.0,1,1
B,206319020,9,2008,11,2012,R9KCNT,R11KCNT,1.0,1.0,weekly,weekly,0.0,maintained_weekly,0.0,0.0,1.0,1.0,1,1
B,206319021,9,2008,11,2012,R9KCNT,R11KCNT,1.0,,weekly,missing_response,,,1.0,,1.0,,1,.m
B,206461010,9,2008,11,2012,R9KCNT,R11KCNT,1.0,1.0,weekly,weekly,0.0,maintained_weekly,1.0,1.0,1.0,1.0,1,1
B,206478010,9,2008,11,2012,R9KCNT,R11KCNT,1.0,1.0,weekly,weekly,0.0,maintained_weekly,0.0,0.0,1.0,1.0,1,1
B,206500020,9,2008,11,2012,R9KCNT,R11KCNT,1.0,1.0,weekly,weekly,0.0,maintained_weekly,1.0,1.0,1.0,1.0,1,1
B,206515010,9,2008,11,2012,R9KCNT,R11KCNT,1.0,,weekly,leave_behind_not_completed_or_ineligible,,,0.0,,1.0,,1,.l
B,206526010,9,2008,11,2012,R9KCNT,R11KCNT,1.0,1.0,weekly,weekly,0.0,maintained_weekly,1.0,1.0,1.0,0.0,1,1
B,206612020,9,2008,11,2012,R9KCNT,R11KCNT,1.0,0.0,weekly,less_than_weekly,-1.0,decreased_below_weekly,1.0,0.0,1.0,0.0,1,0
B,206627010,9,2008,11,2012,R9KCNT,R11KCNT,1.0,1.0,weekly,weekly,0.0,maintained_weekly,0.0,1.0,1.0,0.0,1,1
B,206666010,9,2008,11,2012,R9KCNT,R11KCNT,1.0,1.0,weekly,weekly,0.0,maintained_weekly,1.0,0.0,1.0,1.0,1,1
B,206674010,9,2008,11,2012,R9KCNT,R11KCNT,0.0,,less_than_weekly,no_children,,,0.0,,0.0,,0,.k
B,206674011,9,2008,11,2012,R9KCNT,R11KCNT,1.0,1.0,weekly,weekly,0.0,maintained_weekly,0.0,0.0,1.0,1.0,1,1
B,206684020,9,2008,11,2012,R9KCNT,R11KCNT,1.0,1.0,weekly,weekly,0.0,maintained_weekly,1.0,0.0,1.0,1.0,1,1
B,206723020,9,2008,11,2012,R9KCNT,R11KCNT,1.0,1.0,weekly,weekly,0.0,maintained_weekly,0.0,1.0,1.0,1.0,1,1
B,206815011,9,2008,11,2012,R9KCNT,R11KCNT,1.0,1.0,weekly,weekly,0.0,maintained_weekly,1.0,1.0,0.0,1.0,1,1
B,206897020,9,2008,11,2012,R9KCNT,R11KCNT,1.0,0.0,weekly,less_than_weekly,-1.0,decreased_below_weekly,0.0,0.0,1.0,0.0,1,0
B,206917010,9,2008,11,2012,R9KCNT,R11KCNT,1.0,1.0,weekly,weekly,0.0,maintained_weekly,1.0,0.0,1.0,1.0,1,1
B,206942020,9,2008,11,2012,R9KCNT,R11KCNT,,1.0,missing_response,weekly,,,,,,1.0,.m,1
B,207034010,9,2008,11,2012,R9KCNT,R11KCNT,,,no_children,no_children,,,,,,,.k,.k
B,207177020,9,2008,11,2012,R9KCNT,R11KCNT,1.0,,weekly,leave_behind_not_completed_or_ineligible,,,,,1.0,,1,.l
B,207285020,9,2008,11,2012,R9KCNT,R11KCNT,0.0,0.0,less_than_weekly,less_than_weekly,0.0,persistently_below_weekly,0.0,0.0,0.0,0.0,0,0
B,207295020,9,2008,11,2012,R9KCNT,R11KCNT,1.0,1.0,weekly,weekly,0.0,maintained_weekly,1.0,0.0,1.0,1.0,1,1
B,207352020,9,2008,11,2012,R9KCNT,R11KCNT,1.0,1.0,weekly,weekly,0.0,maintained_weekly,1.0,1.0,1.0,1.0,1,1
B,207394020,9,2008,11,2012,R9KCNT,R11KCNT,1.0,1.0,weekly,weekly,0.0,maintained_weekly,1.0,1.0,1.0,1.0,1,1
B,207441020,9,2008,11,2012,R9KCNT,R11KCNT,1.0,1.0,weekly,weekly,0.0,maintained_weekly,1.0,1.0,1.0,1.0,1,1
B,207447021,9,2008,11,2012,R9KCNT,R11KCNT,1.0,1.0,weekly,weekly,0.0,maintained_weekly,1.0,1.0,1.0,1.0,1,1
B,207459020,9,2008,11,2012,R9KCNT,R11KCNT,1.0,1.0,weekly,weekly,0.0,maintained_weekly,1.0,1.0,1.0,1.0,1,1
B,207490020,9,2008,11,2012,R9KCNT,R11KCNT,1.0,0.0,weekly,less_than_weekly,-1.0,decreased_below_weekly,0.0,0.0,1.0,0.0,1,0
B,207503010,9,2008,11,2012,R9KCNT,R11KCNT,1.0,1.0,weekly,weekly,0.0,maintained_weekly,1.0,0.0,1.0,1.0,1,1
B,207511020,9,2008,11,2012,R9KCNT,R11KCNT,0.0,1.0,less_than_weekly,weekly,1.0,increased_to_weekly,0.0,1.0,0.0,0.0,0,1
B,207516010,9,2008,11,2012,R9KCNT,R11KCNT,,,no_children,no_children,,,,,,,.k,.k
B,207565021,9,2008,11,2012,R9KCNT,R11KCNT,1.0,1.0,weekly,weekly,0.0,maintained_weekly,0.0,0.0,1.0,1.0,1,1
B,207581010,9,2008,11,2012,R9KCNT,R11KCNT,,,missing_response,leave_behind_not_completed_or_ineligible,,,,,,,.m,.l
B,207650010,9,2008,11,2012,R9KCNT,R11KCNT,1.0,1.0,weekly,weekly,0.0,maintained_weekly,0.0,0.0,1.0,1.0,1,1
B,207728020,9,2008,11,2012,R9KCNT,R11KCNT,1.0,1.0,weekly,weekly,0.0,maintained_weekly,1.0,0.0,1.0,1.0,1,1
B,207810010,9,2008,11,2012,R9KCNT,R11KCNT,,,no_children,no_children,,,,,,,.k,.k
B,207834010,9,2008,11,2012,R9KCNT,R11KCNT,1.0,1.0,weekly,weekly,0.0,maintained_weekly,1.0,1.0,1.0,1.0,1,1
B,207899011,9,2008,11,2012,R9KCNT,R11KCNT,0.0,1.0,less_than_weekly,weekly,1.0,increased_to_weekly,0.0,0.0,0.0,1.0,0,1
B,207901010,9,2008,11,2012,R9KCNT,R11KCNT,1.0,,weekly,missing_response,,,0.0,,1.0,,1,.m
B,207901020,9,2008,11,2012,R9KCNT,R11KCNT,1.0,1.0,weekly,weekly,0.0,maintained_weekly,0.0,1.0,1.0,1.0,1,1
B,207912010,9,2008,11,2012,R9KCNT,R11KCNT,,,no_children,no_children,,,,,,,.k,.k
B,208015010,9,2008,11,2012,R9KCNT,R11KCNT,1.0,1.0,weekly,weekly,0.0,maintained_weekly,,0.0,1.0,1.0,1,1
B,208289020,9,2008,11,2012,R9KCNT,R11KCNT,1.0,1.0,weekly,weekly,0.0,maintained_weekly,1.0,1.0,1.0,1.0,1,1
B,208345020,9,2008,11,2012,R9KCNT,R11KCNT,1.0,1.0,weekly,weekly,0.0,maintained_weekly,1.0,1.0,1.0,1.0,1,1
B,208643010,9,2008,11,2012,R9KCNT,R11KCNT,1.0,1.0,weekly,weekly,0.0,maintained_weekly,0.0,0.0,1.0,1.0,1,1
B,208663020,9,2008,11,2012,R9KCNT,R11KCNT,1.0,1.0,weekly,weekly,0.0,maintained_weekly,1.0,1.0,1.0,1.0,1,1
B,208756020,9,2008,11,2012,R9KCNT,R11KCNT,1.0,1.0,weekly,weekly,0.0,maintained_weekly,1.0,1.0,1.0,1.0,1,1
B,208773020,9,2008,11,2012,R9KCNT,R11KCNT,,,no_children,no_children,,,,,,,.k,.k
B,208806020,9,2008,11,2012,R9KCNT,R11KCNT,1.0,1.0,weekly,weekly,0.0,maintained_weekly,0.0,1.0,1.0,1.0,1,1
B,208867020,9,2008,11,2012,R9KCNT,R11KCNT,0.0,0.0,less_than_weekly,less_than_weekly,0.0,persistently_below_weekly,0.0,0.0,0.0,0.0,0,0
B,208868020,9,2008,11,2012,R9KCNT,R11KCNT,1.0,1.0,weekly,weekly,0.0,maintained_weekly,1.0,1.0,1.0,1.0,1,1
B,210003010,9,2008,11,2012,R9KCNT,R11KCNT,1.0,1.0,weekly,weekly,0.0,maintained_weekly,0.0,0.0,1.0,1.0,1,1
B,210012010,9,2008,11,2012,R9KCNT,R11KCNT,1.0,,weekly,not_interviewed_or_plain_missing,,,0.0,,1.0,,1,.
B,210026020,9,2008,11,2012,R9KCNT,R11KCNT,,,missing_response,missing_response,,,,,,,.m,.m
B,210031010,9,2008,11,2012,R9KCNT,R11KCNT,1.0,1.0,weekly,weekly,0.0,maintained_weekly,1.0,1.0,1.0,1.0,1,1
B,210060010,9,2008,11,2012,R9KCNT,R11KCNT,1.0,1.0,weekly,weekly,0.0,maintained_weekly,0.0,0.0,1.0,1.0,1,1
B,210089010,9,2008,11,2012,R9KCNT,R11KCNT,1.0,0.0,weekly,less_than_weekly,-1.0,decreased_below_weekly,1.0,0.0,1.0,0.0,1,0
B,210089020,9,2008,11,2012,R9KCNT,R11KCNT,0.0,0.0,less_than_weekly,less_than_weekly,0.0,persistently_below_weekly,0.0,0.0,0.0,0.0,0,0
B,210097010,9,2008,11,2012,R9KCNT,R11KCNT,1.0,1.0,weekly,weekly,0.0,maintained_weekly,0.0,0.0,1.0,1.0,1,1
B,210097020,9,2008,11,2012,R9KCNT,R11KCNT,1.0,1.0,weekly,weekly,0.0,maintained_weekly,1.0,1.0,1.0,0.0,1,1
B,210130020,9,2008,11,2012,R9KCNT,R11KCNT,1.0,1.0,weekly,weekly,0.0,maintained_weekly,1.0,1.0,1.0,1.0,1,1
B,210148010,9,2008,11,2012,R9KCNT,R11KCNT,1.0,1.0,weekly,weekly,0.0,maintained_weekly,0.0,0.0,1.0,1.0,1,1
B,210153010,9,2008,11,2012,R9KCNT,R11KCNT,0.0,1.0,less_than_weekly,weekly,1.0,increased_to_weekly,0.0,0.0,0.0,1.0,0,1
B,210164010,9,2008,11,2012,R9KCNT,R11KCNT,,,no_children,no_children,,,,,,,.k,.k
B,210183020,9,2008,11,2012,R9KCNT,R11KCNT,,,no_children,no_children,,,,,,,.k,.k
B,210186010,9,2008,11,2012,R9KCNT,R11KCNT,1.0,1.0,weekly,weekly,0.0,maintained_weekly,1.0,0.0,1.0,1.0,1,1
B,210226010,9,2008,11,2012,R9KCNT,R11KCNT,1.0,0.0,weekly,less_than_weekly,-1.0,decreased_below_weekly,1.0,0.0,1.0,0.0,1,0
B,210251010,9,2008,11,2012,R9KCNT,R11KCNT,1.0,1.0,weekly,weekly,0.0,maintained_weekly,0.0,0.0,1.0,1.0,1,1
B,210260010,9,2008,11,2012,R9KCNT,R11KCNT,1.0,1.0,weekly,weekly,0.0,maintained_weekly,0.0,0.0,1.0,1.0,1,1
B,210284010,9,2008,11,2012,R9KCNT,R11KCNT,,,no_children,no_children,,,,,,,.k,.k
B,210316010,9,2008,11,2012,R9KCNT,R11KCNT,1.0,1.0,weekly,weekly,0.0,maintained_weekly,0.0,1.0,1.0,1.0,1,1
B,210333010,9,2008,11,2012,R9KCNT,R11KCNT,1.0,1.0,weekly,weekly,0.0,maintained_weekly,0.0,0.0,1.0,1.0,1,1
B,210333020,9,2008,11,2012,R9KCNT,R11KCNT,1.0,1.0,weekly,weekly,0.0,maintained_weekly,0.0,0.0,1.0,1.0,1,1
B,210334010,9,2008,11,2012,R9KCNT,R11KCNT,1.0,1.0,weekly,weekly,0.0,maintained_weekly,0.0,0.0,1.0,1.0,1,1
B,210334020,9,2008,11,2012,R9KCNT,R11KCNT,0.0,1.0,less_than_weekly,weekly,1.0,increased_to_weekly,0.0,0.0,0.0,1.0,0,1
B,210348010,9,2008,11,2012,R9KCNT,R11KCNT,1.0,1.0,weekly,weekly,0.0,maintained_weekly,1.0,1.0,1.0,1.0,1,1
B,210349010,9,2008,11,2012,R9KCNT,R11KCNT,0.0,0.0,less_than_weekly,less_than_weekly,0.0,persistently_below_weekly,0.0,0.0,0.0,0.0,0,0
B,210349020,9,2008,11,2012,R9KCNT,R11KCNT,0.0,0.0,less_than_weekly,less_than_weekly,0.0,persistently_below_weekly,0.0,0.0,0.0,0.0,0,0
B,210350010,9,2008,11,2012,R9KCNT,R11KCNT,1.0,1.0,weekly,weekly,0.0,maintained_weekly,0.0,0.0,1.0,1.0,1,1
B,210375020,9,2008,11,2012,R9KCNT,R11KCNT,1.0,1.0,weekly,weekly,0.0,maintained_weekly,1.0,1.0,1.0,1.0,1,1
B,210391010,9,2008,11,2012,R9KCNT,R11KCNT,1.0,1.0,weekly,weekly,0.0,maintained_weekly,0.0,0.0,1.0,1.0,1,1
B,210414010,9,2008,11,2012,R9KCNT,R11KCNT,0.0,0.0,less_than_weekly,less_than_weekly,0.0,persistently_below_weekly,0.0,0.0,0.0,0.0,0,0
B,210445010,9,2008,11,2012,R9KCNT,R11KCNT,,,no_children,no_children,,,,,,,.k,.k
B,210463010,9,2008,11,2012,R9KCNT,R11KCNT,1.0,1.0,weekly,weekly,0.0,maintained_weekly,1.0,0.0,1.0,1.0,1,1
B,210476020,9,2008,11,2012,R9KCNT,R11KCNT,1.0,1.0,weekly,weekly,0.0,maintained_weekly,1.0,0.0,1.0,1.0,1,1
B,210487010,9,2008,11,2012,R9KCNT,R11KCNT,0.0,,less_than_weekly,missing_response,,,0.0,,0.0,,0,.m
B,210494010,9,2008,11,2012,R9KCNT,R11KCNT,,,no_children,no_children,,,,,,,.k,.k
B,210508010,9,2008,11,2012,R9KCNT,R11KCNT,1.0,0.0,weekly,less_than_weekly,-1.0,decreased_below_weekly,0.0,0.0,1.0,0.0,1,0
B,210508020,9,2008,11,2012,R9KCNT,R11KCNT,1.0,1.0,weekly,weekly,0.0,maintained_weekly,1.0,1.0,1.0,1.0,1,1
B,210518010,9,2008,11,2012,R9KCNT,R11KCNT,,1.0,no_children,weekly,,,,1.0,,1.0,.k,1
B,210529010,9,2008,11,2012,R9KCNT,R11KCNT,,,no_children,no_children,,,,,,,.k,.k
B,210529020,9,2008,11,2012,R9KCNT,R11KCNT,,,no_children,no_children,,,,,,,.k,.k
B,210538010,9,2008,11,2012,R9KCNT,R11KCNT,0.0,1.0,less_than_weekly,weekly,1.0,increased_to_weekly,0.0,0.0,0.0,1.0,0,1
B,210554010,9,2008,11,2012,R9KCNT,R11KCNT,0.0,1.0,less_than_weekly,weekly,1.0,increased_to_weekly,0.0,0.0,0.0,1.0,0,1
B,210554020,9,2008,11,2012,R9KCNT,R11KCNT,1.0,1.0,weekly,weekly,0.0,maintained_weekly,0.0,0.0,1.0,1.0,1,1
B,210562020,9,2008,11,2012,R9KCNT,R11KCNT,1.0,1.0,weekly,weekly,0.0,maintained_weekly,1.0,1.0,1.0,1.0,1,1
B,210575020,9,2008,11,2012,R9KCNT,R11KCNT,1.0,1.0,weekly,weekly,0.0,maintained_weekly,0.0,0.0,1.0,1.0,1,1
B,210576010,9,2008,11,2012,R9KCNT,R11KCNT,0.0,1.0,less_than_weekly,weekly,1.0,increased_to_weekly,0.0,0.0,0.0,1.0,0,1
B,210577020,9,2008,11,2012,R9KCNT,R11KCNT,,1.0,missing_response,weekly,,,,1.0,,1.0,.m,1
B,210585010,9,2008,11,2012,R9KCNT,R11KCNT,,,no_children,no_children,,,,,,,.k,.k
B,210591010,9,2008,11,2012,R9KCNT,R11KCNT,1.0,1.0,weekly,weekly,0.0,maintained_weekly,1.0,1.0,1.0,1.0,1,1
B,210601011,9,2008,11,2012,R9KCNT,R11KCNT,1.0,1.0,weekly,weekly,0.0,maintained_weekly,1.0,1.0,1.0,1.0,1,1
B,210623010,9,2008,11,2012,R9KCNT,R11KCNT,0.0,0.0,less_than_weekly,less_than_weekly,0.0,persistently_below_weekly,0.0,0.0,0.0,0.0,0,0
B,210659010,9,2008,11,2012,R9KCNT,R11KCNT,1.0,1.0,weekly,weekly,0.0,maintained_weekly,1.0,1.0,1.0,1.0,1,1
B,210659020,9,2008,11,2012,R9KCNT,R11KCNT,1.0,1.0,weekly,weekly,0.0,maintained_weekly,0.0,1.0,1.0,1.0,1,1
B,210661010,9,2008,11,2012,R9KCNT,R11KCNT,0.0,1.0,less_than_weekly,weekly,1.0,increased_to_weekly,0.0,0.0,0.0,1.0,0,1
B,210661020,9,2008,11,2012,R9KCNT,R11KCNT,,,no_children,no_children,,,,,,,.k,.k
B,210680010,9,2008,11,2012,R9KCNT,R11KCNT,1.0,,weekly,missing_response,,,1.0,,1.0,,1,.m
B,210731020,9,2008,11,2012,R9KCNT,R11KCNT,,1.0,missing_response,weekly,,,,1.0,,1.0,.m,1
B,210738010,9,2008,11,2012,R9KCNT,R11KCNT,1.0,1.0,weekly,weekly,0.0,maintained_weekly,1.0,1.0,1.0,1.0,1,1
B,210740010,9,2008,11,2012,R9KCNT,R11KCNT,0.0,1.0,less_than_weekly,weekly,1.0,increased_to_weekly,0.0,1.0,0.0,1.0,0,1
B,210740020,9,2008,11,2012,R9KCNT,R11KCNT,1.0,1.0,weekly,weekly,0.0,maintained_weekly,1.0,1.0,1.0,1.0,1,1
B,210741010,9,2008,11,2012,R9KCNT,R11KCNT,,0.0,no_children,less_than_weekly,,,,0.0,,0.0,.k,0
B,210748020,9,2008,11,2012,R9KCNT,R11KCNT,1.0,1.0,weekly,weekly,0.0,maintained_weekly,1.0,1.0,1.0,1.0,1,1
B,210814010,9,2008,11,2012,R9KCNT,R11KCNT,1.0,1.0,weekly,weekly,0.0,maintained_weekly,1.0,1.0,1.0,1.0,1,1
B,210828010,9,2008,11,2012,R9KCNT,R11KCNT,1.0,1.0,weekly,weekly,0.0,maintained_weekly,1.0,1.0,1.0,1.0,1,1
B,210835010,9,2008,11,2012,R9KCNT,R11KCNT,,1.0,not_interviewed_or_plain_missing,weekly,,,,1.0,,1.0,.,1
B,210844010,9,2008,11,2012,R9KCNT,R11KCNT,,,no_children,no_children,,,,,,,.k,.k
B,210846010,9,2008,11,2012,R9KCNT,R11KCNT,,,no_children,no_children,,,,,,,.k,.k
B,210861010,9,2008,11,2012,R9KCNT,R11KCNT,0.0,1.0,less_than_weekly,weekly,1.0,increased_to_weekly,,0.0,0.0,1.0,0,1
B,210864020,9,2008,11,2012,R9KCNT,R11KCNT,1.0,1.0,weekly,weekly,0.0,maintained_weekly,0.0,0.0,1.0,1.0,1,1
B,210871010,9,2008,11,2012,R9KCNT,R11KCNT,1.0,1.0,weekly,weekly,0.0,maintained_weekly,0.0,0.0,1.0,1.0,1,1
B,210887020,9,2008,11,2012,R9KCNT,R11KCNT,1.0,1.0,weekly,weekly,0.0,maintained_weekly,0.0,1.0,1.0,1.0,1,1
B,210904010,9,2008,11,2012,R9KCNT,R11KCNT,1.0,0.0,weekly,less_than_weekly,-1.0,decreased_below_weekly,1.0,0.0,1.0,0.0,1,0
B,210906020,9,2008,11,2012,R9KCNT,R11KCNT,1.0,1.0,weekly,weekly,0.0,maintained_weekly,1.0,1.0,1.0,1.0,1,1
B,210918010,9,2008,11,2012,R9KCNT,R11KCNT,1.0,1.0,weekly,weekly,0.0,maintained_weekly,1.0,,1.0,1.0,1,1
B,210921010,9,2008,11,2012,R9KCNT,R11KCNT,1.0,1.0,weekly,weekly,0.0,maintained_weekly,1.0,0.0,1.0,1.0,1,1
B,210921020,9,2008,11,2012,R9KCNT,R11KCNT,1.0,0.0,weekly,less_than_weekly,-1.0,decreased_below_weekly,0.0,0.0,1.0,0.0,1,0
B,210960010,9,2008,11,2012,R9KCNT,R11KCNT,1.0,1.0,weekly,weekly,0.0,maintained_weekly,,0.0,1.0,1.0,1,1
B,210974010,9,2008,11,2012,R9KCNT,R11KCNT,1.0,1.0,weekly,weekly,0.0,maintained_weekly,1.0,1.0,1.0,1.0,1,1
B,211000010,9,2008,11,2012,R9KCNT,R11KCNT,1.0,1.0,weekly,weekly,0.0,maintained_weekly,1.0,1.0,1.0,1.0,1,1
B,211005010,9,2008,11,2012,R9KCNT,R11KCNT,0.0,1.0,less_than_weekly,weekly,1.0,increased_to_weekly,0.0,,0.0,1.0,0,1
B,211036010,9,2008,11,2012,R9KCNT,R11KCNT,,,no_children,no_children,,,,,,,.k,.k
B,211038010,9,2008,11,2012,R9KCNT,R11KCNT,1.0,1.0,weekly,weekly,0.0,maintained_weekly,0.0,0.0,1.0,1.0,1,1
B,211050010,9,2008,11,2012,R9KCNT,R11KCNT,0.0,0.0,less_than_weekly,less_than_weekly,0.0,persistently_below_weekly,0.0,0.0,0.0,0.0,0,0
B,211073020,9,2008,11,2012,R9KCNT,R11KCNT,1.0,,weekly,not_interviewed_or_plain_missing,,,1.0,,1.0,,1,.
B,211090010,9,2008,11,2012,R9KCNT,R11KCNT,0.0,0.0,less_than_weekly,less_than_weekly,0.0,persistently_below_weekly,0.0,0.0,0.0,0.0,0,0
B,211098020,9,2008,11,2012,R9KCNT,R11KCNT,1.0,1.0,weekly,weekly,0.0,maintained_weekly,1.0,1.0,1.0,1.0,1,1
B,211102010,9,2008,11,2012,R9KCNT,R11KCNT,1.0,1.0,weekly,weekly,0.0,maintained_weekly,0.0,0.0,1.0,1.0,1,1
B,211120010,9,2008,11,2012,R9KCNT,R11KCNT,1.0,1.0,weekly,weekly,0.0,maintained_weekly,1.0,1.0,1.0,1.0,1,1
B,211137010,9,2008,11,2012,R9KCNT,R11KCNT,,1.0,missing_response,weekly,,,,1.0,,0.0,.m,1
B,211144010,9,2008,11,2012,R9KCNT,R11KCNT,1.0,,weekly,missing_response,,,1.0,,1.0,,1,.m
B,211157010,9,2008,11,2012,R9KCNT,R11KCNT,1.0,1.0,weekly,weekly,0.0,maintained_weekly,0.0,0.0,1.0,1.0,1,1
B,211185020,9,2008,11,2012,R9KCNT,R11KCNT,1.0,1.0,weekly,weekly,0.0,maintained_weekly,1.0,1.0,1.0,1.0,1,1
B,211190010,9,2008,11,2012,R9KCNT,R11KCNT,0.0,1.0,less_than_weekly,weekly,1.0,increased_to_weekly,0.0,1.0,0.0,0.0,0,1
B,211193010,9,2008,11,2012,R9KCNT,R11KCNT,0.0,1.0,less_than_weekly,weekly,1.0,increased_to_weekly,0.0,0.0,0.0,1.0,0,1
B,211193020,9,2008,11,2012,R9KCNT,R11KCNT,1.0,1.0,weekly,weekly,0.0,maintained_weekly,1.0,1.0,1.0,1.0,1,1
B,211216010,9,2008,11,2012,R9KCNT,R11KCNT,,,no_children,no_children,,,,,,,.k,.k
B,211221010,9,2008,11,2012,R9KCNT,R11KCNT,1.0,1.0,weekly,weekly,0.0,maintained_weekly,1.0,0.0,1.0,1.0,1,1
B,211239010,9,2008,11,2012,R9KCNT,R11KCNT,0.0,1.0,less_than_weekly,weekly,1.0,increased_to_weekly,0.0,1.0,0.0,1.0,0,1
B,211245020,9,2008,11,2012,R9KCNT,R11KCNT,1.0,1.0,weekly,weekly,0.0,maintained_weekly,0.0,0.0,1.0,1.0,1,1
B,211256010,9,2008,11,2012,R9KCNT,R11KCNT,,,no_children,no_children,,,,,,,.k,.k
B,211259010,9,2008,11,2012,R9KCNT,R11KCNT,1.0,1.0,weekly,weekly,0.0,maintained_weekly,1.0,1.0,1.0,1.0,1,1
B,211262010,9,2008,11,2012,R9KCNT,R11KCNT,1.0,1.0,weekly,weekly,0.0,maintained_weekly,1.0,1.0,0.0,1.0,1,1
B,211266010,9,2008,11,2012,R9KCNT,R11KCNT,1.0,0.0,weekly,less_than_weekly,-1.0,decreased_below_weekly,0.0,0.0,1.0,0.0,1,0
B,211276020,9,2008,11,2012,R9KCNT,R11KCNT,1.0,1.0,weekly,weekly,0.0,maintained_weekly,0.0,0.0,1.0,1.0,1,1
B,211278020,9,2008,11,2012,R9KCNT,R11KCNT,1.0,1.0,weekly,weekly,0.0,maintained_weekly,0.0,,1.0,1.0,1,1
B,211279010,9,2008,11,2012,R9KCNT,R11KCNT,1.0,1.0,weekly,weekly,0.0,maintained_weekly,0.0,0.0,1.0,1.0,1,1
B,211283010,9,2008,11,2012,R9KCNT,R11KCNT,1.0,1.0,weekly,weekly,0.0,maintained_weekly,1.0,1.0,1.0,1.0,1,1
B,211283020,9,2008,11,2012,R9KCNT,R11KCNT,1.0,1.0,weekly,weekly,0.0,maintained_weekly,1.0,1.0,1.0,1.0,1,1
B,211284010,9,2008,11,2012,R9KCNT,R11KCNT,0.0,1.0,less_than_weekly,weekly,1.0,increased_to_weekly,0.0,0.0,0.0,1.0,0,1
B,211284020,9,2008,11,2012,R9KCNT,R11KCNT,1.0,1.0,weekly,weekly,0.0,maintained_weekly,0.0,0.0,1.0,1.0,1,1
B,211286010,9,2008,11,2012,R9KCNT,R11KCNT,1.0,,weekly,leave_behind_not_completed_or_ineligible,,,0.0,,1.0,,1,.l
B,211286020,9,2008,11,2012,R9KCNT,R11KCNT,1.0,1.0,weekly,weekly,0.0,maintained_weekly,1.0,0.0,1.0,1.0,1,1
B,211296010,9,2008,11,2012,R9KCNT,R11KCNT,1.0,1.0,weekly,weekly,0.0,maintained_weekly,0.0,0.0,1.0,1.0,1,1
B,211296020,9,2008,11,2012,R9KCNT,R11KCNT,1.0,1.0,weekly,weekly,0.0,maintained_weekly,1.0,1.0,1.0,1.0,1,1
B,211299020,9,2008,11,2012,R9KCNT,R11KCNT,,1.0,no_children,weekly,,,,1.0,,1.0,.k,1
B,211303011,9,2008,11,2012,R9KCNT,R11KCNT,0.0,1.0,less_than_weekly,weekly,1.0,increased_to_weekly,0.0,1.0,,,0,1
B,211305020,9,2008,11,2012,R9KCNT,R11KCNT,1.0,1.0,weekly,weekly,0.0,maintained_weekly,0.0,1.0,1.0,1.0,1,1
B,211329010,9,2008,11,2012,R9KCNT,R11KCNT,1.0,1.0,weekly,weekly,0.0,maintained_weekly,1.0,1.0,1.0,1.0,1,1
B,211330010,9,2008,11,2012,R9KCNT,R11KCNT,1.0,1.0,weekly,weekly,0.0,maintained_weekly,1.0,1.0,0.0,1.0,1,1
B,211331010,9,2008,11,2012,R9KCNT,R11KCNT,1.0,1.0,weekly,weekly,0.0,maintained_weekly,0.0,0.0,1.0,1.0,1,1
B,211335010,9,2008,11,2012,R9KCNT,R11KCNT,0.0,1.0,less_than_weekly,weekly,1.0,increased_to_weekly,0.0,0.0,0.0,1.0,0,1
B,211335020,9,2008,11,2012,R9KCNT,R11KCNT,1.0,1.0,weekly,weekly,0.0,maintained_weekly,1.0,0.0,1.0,1.0,1,1
B,211345010,9,2008,11,2012,R9KCNT,R11KCNT,0.0,1.0,less_than_weekly,weekly,1.0,increased_to_weekly,0.0,1.0,0.0,1.0,0,1
B,211352020,9,2008,11,2012,R9KCNT,R11KCNT,1.0,1.0,weekly,weekly,0.0,maintained_weekly,1.0,1.0,1.0,1.0,1,1
B,211353020,9,2008,11,2012,R9KCNT,R11KCNT,1.0,1.0,weekly,weekly,0.0,maintained_weekly,0.0,1.0,1.0,1.0,1,1
B,211379010,9,2008,11,2012,R9KCNT,R11KCNT,0.0,1.0,less_than_weekly,weekly,1.0,increased_to_weekly,0.0,0.0,0.0,1.0,0,1
B,211380010,9,2008,11,2012,R9KCNT,R11KCNT,1.0,1.0,weekly,weekly,0.0,maintained_weekly,1.0,1.0,1.0,1.0,1,1
B,211387010,9,2008,11,2012,R9KCNT,R11KCNT,0.0,0.0,less_than_weekly,less_than_weekly,0.0,persistently_below_weekly,0.0,0.0,0.0,0.0,0,0
B,211388010,9,2008,11,2012,R9KCNT,R11KCNT,1.0,0.0,weekly,less_than_weekly,-1.0,decreased_below_weekly,,0.0,1.0,0.0,1,0
B,211389010,9,2008,11,2012,R9KCNT,R11KCNT,1.0,1.0,weekly,weekly,0.0,maintained_weekly,1.0,1.0,1.0,1.0,1,1
B,211398010,9,2008,11,2012,R9KCNT,R11KCNT,1.0,1.0,weekly,weekly,0.0,maintained_weekly,1.0,1.0,1.0,1.0,1,1
B,211399010,9,2008,11,2012,R9KCNT,R11KCNT,1.0,1.0,weekly,weekly,0.0,maintained_weekly,0.0,0.0,1.0,1.0,1,1
B,211413020,9,2008,11,2012,R9KCNT,R11KCNT,1.0,1.0,weekly,weekly,0.0,maintained_weekly,0.0,1.0,1.0,1.0,1,1
B,211415020,9,2008,11,2012,R9KCNT,R11KCNT,1.0,1.0,weekly,weekly,0.0,maintained_weekly,1.0,1.0,1.0,1.0,1,1
B,211420010,9,2008,11,2012,R9KCNT,R11KCNT,1.0,1.0,weekly,weekly,0.0,maintained_weekly,0.0,0.0,1.0,1.0,1,1
B,211420020,9,2008,11,2012,R9KCNT,R11KCNT,1.0,1.0,weekly,weekly,0.0,maintained_weekly,0.0,0.0,1.0,1.0,1,1
B,211421010,9,2008,11,2012,R9KCNT,R11KCNT,1.0,1.0,weekly,weekly,0.0,maintained_weekly,0.0,1.0,1.0,1.0,1,1
B,211433010,9,2008,11,2012,R9KCNT,R11KCNT,1.0,1.0,weekly,weekly,0.0,maintained_weekly,0.0,1.0,1.0,0.0,1,1
B,211443010,9,2008,11,2012,R9KCNT,R11KCNT,1.0,1.0,weekly,weekly,0.0,maintained_weekly,1.0,1.0,1.0,1.0,1,1
B,211445010,9,2008,11,2012,R9KCNT,R11KCNT,1.0,1.0,weekly,weekly,0.0,maintained_weekly,1.0,1.0,1.0,1.0,1,1
B,211453010,9,2008,11,2012,R9KCNT,R11KCNT,1.0,1.0,weekly,weekly,0.0,maintained_weekly,1.0,0.0,1.0,1.0,1,1
B,211510010,9,2008,11,2012,R9KCNT,R11KCNT,0.0,0.0,less_than_weekly,less_than_weekly,0.0,persistently_below_weekly,0.0,0.0,0.0,0.0,0,0
B,211513010,9,2008,11,2012,R9KCNT,R11KCNT,,,no_children,missing_response,,,,,,,.k,.m
B,211515010,9,2008,11,2012,R9KCNT,R11KCNT,1.0,1.0,weekly,weekly,0.0,maintained_weekly,1.0,1.0,1.0,1.0,1,1
B,211529020,9,2008,11,2012,R9KCNT,R11KCNT,1.0,1.0,weekly,weekly,0.0,maintained_weekly,1.0,1.0,1.0,1.0,1,1
B,211536020,9,2008,11,2012,R9KCNT,R11KCNT,1.0,1.0,weekly,weekly,0.0,maintained_weekly,0.0,1.0,1.0,1.0,1,1
B,211561010,9,2008,11,2012,R9KCNT,R11KCNT,,,no_children,no_children,,,,,,,.k,.k
B,211562010,9,2008,11,2012,R9KCNT,R11KCNT,1.0,1.0,weekly,weekly,0.0,maintained_weekly,0.0,1.0,1.0,0.0,1,1
B,211577010,9,2008,11,2012,R9KCNT,R11KCNT,,,no_children,no_children,,,,,,,.k,.k
B,211577011,9,2008,11,2012,R9KCNT,R11KCNT,,,no_children,no_children,,,,,,,.k,.k
B,211588020,9,2008,11,2012,R9KCNT,R11KCNT,1.0,1.0,weekly,weekly,0.0,maintained_weekly,1.0,1.0,1.0,1.0,1,1
B,211599010,9,2008,11,2012,R9KCNT,R11KCNT,1.0,1.0,weekly,weekly,0.0,maintained_weekly,1.0,1.0,1.0,1.0,1,1
B,211672010,9,2008,11,2012,R9KCNT,R11KCNT,,,no_children,no_children,,,,,,,.k,.k
B,211689020,9,2008,11,2012,R9KCNT,R11KCNT,1.0,1.0,weekly,weekly,0.0,maintained_weekly,1.0,0.0,1.0,1.0,1,1
B,211701010,9,2008,11,2012,R9KCNT,R11KCNT,1.0,1.0,weekly,weekly,0.0,maintained_weekly,0.0,0.0,1.0,1.0,1,1
B,211701020,9,2008,11,2012,R9KCNT,R11KCNT,1.0,,weekly,missing_response,,,0.0,,1.0,,1,.m
B,211715020,9,2008,11,2012,R9KCNT,R11KCNT,1.0,1.0,weekly,weekly,0.0,maintained_weekly,0.0,0.0,1.0,1.0,1,1
B,211727020,9,2008,11,2012,R9KCNT,R11KCNT,1.0,1.0,weekly,weekly,0.0,maintained_weekly,1.0,0.0,1.0,1.0,1,1
B,211736010,9,2008,11,2012,R9KCNT,R11KCNT,1.0,1.0,weekly,weekly,0.0,maintained_weekly,1.0,1.0,1.0,1.0,1,1
B,211739010,9,2008,11,2012,R9KCNT,R11KCNT,0.0,0.0,less_than_weekly,less_than_weekly,0.0,persistently_below_weekly,0.0,0.0,0.0,0.0,0,0
B,211740010,9,2008,11,2012,R9KCNT,R11KCNT,1.0,1.0,weekly,weekly,0.0,maintained_weekly,0.0,0.0,1.0,1.0,1,1
B,211745010,9,2008,11,2012,R9KCNT,R11KCNT,1.0,1.0,weekly,weekly,0.0,maintained_weekly,0.0,0.0,1.0,1.0,1,1
B,211745020,9,2008,11,2012,R9KCNT,R11KCNT,0.0,0.0,less_than_weekly,less_than_weekly,0.0,persistently_below_weekly,0.0,0.0,0.0,0.0,0,0
B,211751020,9,2008,11,2012,R9KCNT,R11KCNT,1.0,1.0,weekly,weekly,0.0,maintained_weekly,0.0,1.0,1.0,1.0,1,1
B,211755010,9,2008,11,2012,R9KCNT,R11KCNT,0.0,,less_than_weekly,leave_behind_not_completed_or_ineligible,,,0.0,,0.0,,0,.l
B,211770020,9,2008,11,2012,R9KCNT,R11KCNT,,,missing_response,no_children,,,,,,,.m,.k
B,211802010,9,2008,11,2012,R9KCNT,R11KCNT,0.0,1.0,less_than_weekly,weekly,1.0,increased_to_weekly,0.0,1.0,0.0,1.0,0,1
B,211822010,9,2008,11,2012,R9KCNT,R11KCNT,1.0,1.0,weekly,weekly,0.0,maintained_weekly,1.0,1.0,1.0,1.0,1,1
B,211834010,9,2008,11,2012,R9KCNT,R11KCNT,1.0,1.0,weekly,weekly,0.0,maintained_weekly,1.0,1.0,1.0,1.0,1,1
B,211844010,9,2008,11,2012,R9KCNT,R11KCNT,1.0,,weekly,leave_behind_not_completed_or_ineligible,,,0.0,,1.0,,1,.l
B,211857010,9,2008,11,2012,R9KCNT,R11KCNT,1.0,,weekly,missing_response,,,1.0,,1.0,,1,.m
B,211857020,9,2008,11,2012,R9KCNT,R11KCNT,1.0,1.0,weekly,weekly,0.0,maintained_weekly,1.0,1.0,1.0,1.0,1,1
B,211869020,9,2008,11,2012,R9KCNT,R11KCNT,1.0,1.0,weekly,weekly,0.0,maintained_weekly,0.0,1.0,1.0,1.0,1,1
B,211886010,9,2008,11,2012,R9KCNT,R11KCNT,1.0,1.0,weekly,weekly,0.0,maintained_weekly,0.0,1.0,1.0,1.0,1,1
B,211886020,9,2008,11,2012,R9KCNT,R11KCNT,1.0,0.0,weekly,less_than_weekly,-1.0,decreased_below_weekly,0.0,0.0,1.0,0.0,1,0
B,211888010,9,2008,11,2012,R9KCNT,R11KCNT,1.0,,weekly,leave_behind_not_completed_or_ineligible,,,0.0,,1.0,,1,.l
B,211888020,9,2008,11,2012,R9KCNT,R11KCNT,1.0,1.0,weekly,weekly,0.0,maintained_weekly,0.0,0.0,1.0,1.0,1,1
B,211949010,9,2008,11,2012,R9KCNT,R11KCNT,1.0,0.0,weekly,less_than_weekly,-1.0,decreased_below_weekly,0.0,,1.0,0.0,1,0
B,211953020,9,2008,11,2012,R9KCNT,R11KCNT,1.0,,weekly,leave_behind_not_completed_or_ineligible,,,0.0,,1.0,,1,.l
B,211958010,9,2008,11,2012,R9KCNT,R11KCNT,1.0,1.0,weekly,weekly,0.0,maintained_weekly,0.0,1.0,1.0,1.0,1,1
B,211958020,9,2008,11,2012,R9KCNT,R11KCNT,,1.0,no_children,weekly,,,,1.0,,1.0,.k,1
B,211964010,9,2008,11,2012,R9KCNT,R11KCNT,1.0,1.0,weekly,weekly,0.0,maintained_weekly,0.0,1.0,1.0,1.0,1,1
B,211967020,9,2008,11,2012,R9KCNT,R11KCNT,0.0,0.0,less_than_weekly,less_than_weekly,0.0,persistently_below_weekly,0.0,0.0,0.0,0.0,0,0
B,211967021,9,2008,11,2012,R9KCNT,R11KCNT,1.0,1.0,weekly,weekly,0.0,maintained_weekly,0.0,0.0,1.0,1.0,1,1
B,211972010,9,2008,11,2012,R9KCNT,R11KCNT,1.0,1.0,weekly,weekly,0.0,maintained_weekly,0.0,0.0,1.0,1.0,1,1
B,211972020,9,2008,11,2012,R9KCNT,R11KCNT,1.0,1.0,weekly,weekly,0.0,maintained_weekly,0.0,0.0,1.0,1.0,1,1
B,211979020,9,2008,11,2012,R9KCNT,R11KCNT,1.0,1.0,weekly,weekly,0.0,maintained_weekly,1.0,1.0,1.0,1.0,1,1
B,211999010,9,2008,11,2012,R9KCNT,R11KCNT,1.0,0.0,weekly,less_than_weekly,-1.0,decreased_below_weekly,1.0,0.0,1.0,0.0,1,0
B,212003010,9,2008,11,2012,R9KCNT,R11KCNT,1.0,1.0,weekly,weekly,0.0,maintained_weekly,0.0,,1.0,1.0,1,1
B,212028010,9,2008,11,2012,R9KCNT,R11KCNT,1.0,1.0,weekly,weekly,0.0,maintained_weekly,0.0,0.0,1.0,1.0,1,1
B,212028020,9,2008,11,2012,R9KCNT,R11KCNT,1.0,1.0,weekly,weekly,0.0,maintained_weekly,0.0,1.0,1.0,1.0,1,1
B,212046010,9,2008,11,2012,R9KCNT,R11KCNT,1.0,1.0,weekly,weekly,0.0,maintained_weekly,1.0,1.0,1.0,1.0,1,1
B,212064010,9,2008,11,2012,R9KCNT,R11KCNT,1.0,0.0,weekly,less_than_weekly,-1.0,decreased_below_weekly,0.0,0.0,1.0,0.0,1,0
B,212072010,9,2008,11,2012,R9KCNT,R11KCNT,1.0,1.0,weekly,weekly,0.0,maintained_weekly,1.0,0.0,1.0,1.0,1,1
B,212072020,9,2008,11,2012,R9KCNT,R11KCNT,1.0,1.0,weekly,weekly,0.0,maintained_weekly,0.0,0.0,1.0,1.0,1,1
B,212084010,9,2008,11,2012,R9KCNT,R11KCNT,1.0,0.0,weekly,less_than_weekly,-1.0,decreased_below_weekly,0.0,0.0,1.0,0.0,1,0
B,212092010,9,2008,11,2012,R9KCNT,R11KCNT,1.0,1.0,weekly,weekly,0.0,maintained_weekly,1.0,1.0,1.0,1.0,1,1
B,212092020,9,2008,11,2012,R9KCNT,R11KCNT,1.0,1.0,weekly,weekly,0.0,maintained_weekly,1.0,0.0,1.0,1.0,1,1
B,212094010,9,2008,11,2012,R9KCNT,R11KCNT,0.0,1.0,less_than_weekly,weekly,1.0,increased_to_weekly,0.0,0.0,0.0,1.0,0,1
B,212097010,9,2008,11,2012,R9KCNT,R11KCNT,1.0,1.0,weekly,weekly,0.0,maintained_weekly,0.0,1.0,1.0,1.0,1,1
B,212137020,9,2008,11,2012,R9KCNT,R11KCNT,1.0,1.0,weekly,weekly,0.0,maintained_weekly,1.0,,0.0,1.0,1,1
B,212147010,9,2008,11,2012,R9KCNT,R11KCNT,1.0,1.0,weekly,weekly,0.0,maintained_weekly,1.0,,1.0,1.0,1,1
B,212150010,9,2008,11,2012,R9KCNT,R11KCNT,1.0,0.0,weekly,less_than_weekly,-1.0,decreased_below_weekly,0.0,,1.0,0.0,1,0
B,212186010,9,2008,11,2012,R9KCNT,R11KCNT,1.0,1.0,weekly,weekly,0.0,maintained_weekly,0.0,0.0,1.0,1.0,1,1
B,212198010,9,2008,11,2012,R9KCNT,R11KCNT,1.0,1.0,weekly,weekly,0.0,maintained_weekly,1.0,1.0,1.0,1.0,1,1
B,212198020,9,2008,11,2012,R9KCNT,R11KCNT,1.0,1.0,weekly,weekly,0.0,maintained_weekly,1.0,1.0,1.0,1.0,1,1
B,212207010,9,2008,11,2012,R9KCNT,R11KCNT,0.0,1.0,less_than_weekly,weekly,1.0,increased_to_weekly,0.0,0.0,0.0,1.0,0,1
B,212207011,9,2008,11,2012,R9KCNT,R11KCNT,0.0,1.0,less_than_weekly,weekly,1.0,increased_to_weekly,0.0,0.0,0.0,1.0,0,1
B,212216020,9,2008,11,2012,R9KCNT,R11KCNT,1.0,1.0,weekly,weekly,0.0,maintained_weekly,1.0,0.0,1.0,1.0,1,1
B,212225020,9,2008,11,2012,R9KCNT,R11KCNT,1.0,1.0,weekly,weekly,0.0,maintained_weekly,0.0,1.0,1.0,1.0,1,1
B,212234010,9,2008,11,2012,R9KCNT,R11KCNT,1.0,1.0,weekly,weekly,0.0,maintained_weekly,1.0,1.0,1.0,0.0,1,1
B,212259010,9,2008,11,2012,R9KCNT,R11KCNT,1.0,1.0,weekly,weekly,0.0,maintained_weekly,1.0,1.0,1.0,1.0,1,1
B,212259020,9,2008,11,2012,R9KCNT,R11KCNT,1.0,1.0,weekly,weekly,0.0,maintained_weekly,1.0,1.0,1.0,1.0,1,1
B,212263010,9,2008,11,2012,R9KCNT,R11KCNT,1.0,1.0,weekly,weekly,0.0,maintained_weekly,1.0,1.0,1.0,1.0,1,1
B,212263020,9,2008,11,2012,R9KCNT,R11KCNT,1.0,1.0,weekly,weekly,0.0,maintained_weekly,1.0,1.0,1.0,1.0,1,1
B,212272010,9,2008,11,2012,R9KCNT,R11KCNT,1.0,1.0,weekly,weekly,0.0,maintained_weekly,0.0,1.0,1.0,1.0,1,1
B,212288010,9,2008,11,2012,R9KCNT,R11KCNT,1.0,0.0,weekly,less_than_weekly,-1.0,decreased_below_weekly,0.0,0.0,1.0,0.0,1,0
B,212288020,9,2008,11,2012,R9KCNT,R11KCNT,1.0,1.0,weekly,weekly,0.0,maintained_weekly,0.0,0.0,1.0,1.0,1,1
B,212298010,9,2008,11,2012,R9KCNT,R11KCNT,1.0,1.0,weekly,weekly,0.0,maintained_weekly,0.0,0.0,1.0,1.0,1,1
B,212298020,9,2008,11,2012,R9KCNT,R11KCNT,1.0,1.0,weekly,weekly,0.0,maintained_weekly,0.0,0.0,1.0,1.0,1,1
B,212307010,9,2008,11,2012,R9KCNT,R11KCNT,0.0,0.0,less_than_weekly,less_than_weekly,0.0,persistently_below_weekly,0.0,0.0,0.0,0.0,0,0
B,212308010,9,2008,11,2012,R9KCNT,R11KCNT,1.0,1.0,weekly,weekly,0.0,maintained_weekly,0.0,0.0,1.0,1.0,1,1
B,212309010,9,2008,11,2012,R9KCNT,R11KCNT,1.0,1.0,weekly,weekly,0.0,maintained_weekly,1.0,1.0,1.0,1.0,1,1
B,212309011,9,2008,11,2012,R9KCNT,R11KCNT,,0.0,not_interviewed_or_plain_missing,less_than_weekly,,,,0.0,,0.0,.,0
B,212312010,9,2008,11,2012,R9KCNT,R11KCNT,1.0,,weekly,leave_behind_not_completed_or_ineligible,,,1.0,,1.0,,1,.l
B,212331010,9,2008,11,2012,R9KCNT,R11KCNT,,,no_children,no_children,,,,,,,.k,.k
B,212334010,9,2008,11,2012,R9KCNT,R11KCNT,,,no_children,no_children,,,,,,,.k,.k
B,212336010,9,2008,11,2012,R9KCNT,R11KCNT,1.0,1.0,weekly,weekly,0.0,maintained_weekly,0.0,1.0,1.0,1.0,1,1
B,212340020,9,2008,11,2012,R9KCNT,R11KCNT,1.0,1.0,weekly,weekly,0.0,maintained_weekly,0.0,0.0,1.0,1.0,1,1
B,212350010,9,2008,11,2012,R9KCNT,R11KCNT,1.0,1.0,weekly,weekly,0.0,maintained_weekly,0.0,0.0,1.0,1.0,1,1
B,212351010,9,2008,11,2012,R9KCNT,R11KCNT,1.0,1.0,weekly,weekly,0.0,maintained_weekly,0.0,0.0,1.0,1.0,1,1
B,212356010,9,2008,11,2012,R9KCNT,R11KCNT,1.0,1.0,weekly,weekly,0.0,maintained_weekly,1.0,1.0,1.0,1.0,1,1
B,212356020,9,2008,11,2012,R9KCNT,R11KCNT,1.0,0.0,weekly,less_than_weekly,-1.0,decreased_below_weekly,1.0,0.0,0.0,0.0,1,0
B,212363010,9,2008,11,2012,R9KCNT,R11KCNT,1.0,1.0,weekly,weekly,0.0,maintained_weekly,1.0,0.0,1.0,1.0,1,1
B,212375010,9,2008,11,2012,R9KCNT,R11KCNT,0.0,1.0,less_than_weekly,weekly,1.0,increased_to_weekly,0.0,1.0,0.0,0.0,0,1
B,212384010,9,2008,11,2012,R9KCNT,R11KCNT,0.0,1.0,less_than_weekly,weekly,1.0,increased_to_weekly,0.0,1.0,0.0,1.0,0,1
B,212391010,9,2008,11,2012,R9KCNT,R11KCNT,1.0,1.0,weekly,weekly,0.0,maintained_weekly,0.0,0.0,1.0,1.0,1,1
B,212393020,9,2008,11,2012,R9KCNT,R11KCNT,1.0,0.0,weekly,less_than_weekly,-1.0,decreased_below_weekly,0.0,0.0,1.0,0.0,1,0
B,212403020,9,2008,11,2012,R9KCNT,R11KCNT,1.0,1.0,weekly,weekly,0.0,maintained_weekly,1.0,1.0,1.0,1.0,1,1
B,212432010,9,2008,11,2012,R9KCNT,R11KCNT,1.0,1.0,weekly,weekly,0.0,maintained_weekly,0.0,0.0,1.0,1.0,1,1
B,212452010,9,2008,11,2012,R9KCNT,R11KCNT,,,missing_response,missing_response,,,,,,,.m,.m
B,212455020,9,2008,11,2012,R9KCNT,R11KCNT,1.0,1.0,weekly,weekly,0.0,maintained_weekly,0.0,0.0,1.0,1.0,1,1
B,212461020,9,2008,11,2012,R9KCNT,R11KCNT,1.0,0.0,weekly,less_than_weekly,-1.0,decreased_below_weekly,1.0,0.0,1.0,0.0,1,0
B,212473010,9,2008,11,2012,R9KCNT,R11KCNT,1.0,1.0,weekly,weekly,0.0,maintained_weekly,1.0,1.0,1.0,1.0,1,1
B,212474010,9,2008,11,2012,R9KCNT,R11KCNT,1.0,1.0,weekly,weekly,0.0,maintained_weekly,0.0,0.0,1.0,1.0,1,1
B,212477010,9,2008,11,2012,R9KCNT,R11KCNT,1.0,0.0,weekly,less_than_weekly,-1.0,decreased_below_weekly,0.0,0.0,1.0,0.0,1,0
B,212477020,9,2008,11,2012,R9KCNT,R11KCNT,,0.0,missing_response,less_than_weekly,,,,0.0,,0.0,.m,0
B,212488010,9,2008,11,2012,R9KCNT,R11KCNT,0.0,0.0,less_than_weekly,less_than_weekly,0.0,persistently_below_weekly,0.0,0.0,0.0,0.0,0,0
B,212488020,9,2008,11,2012,R9KCNT,R11KCNT,0.0,0.0,less_than_weekly,less_than_weekly,0.0,persistently_below_weekly,0.0,0.0,0.0,0.0,0,0
B,212498010,9,2008,11,2012,R9KCNT,R11KCNT,1.0,1.0,weekly,weekly,0.0,maintained_weekly,0.0,0.0,1.0,1.0,1,1
B,212504010,9,2008,11,2012,R9KCNT,R11KCNT,0.0,1.0,less_than_weekly,weekly,1.0,increased_to_weekly,0.0,1.0,0.0,0.0,0,1
B,212519010,9,2008,11,2012,R9KCNT,R11KCNT,,,no_children,no_children,,,,,,,.k,.k
B,212524010,9,2008,11,2012,R9KCNT,R11KCNT,1.0,1.0,weekly,weekly,0.0,maintained_weekly,0.0,0.0,1.0,1.0,1,1
B,212551011,9,2008,11,2012,R9KCNT,R11KCNT,1.0,1.0,weekly,weekly,0.0,maintained_weekly,1.0,1.0,1.0,1.0,1,1
B,212559010,9,2008,11,2012,R9KCNT,R11KCNT,1.0,1.0,weekly,weekly,0.0,maintained_weekly,1.0,1.0,1.0,1.0,1,1
B,212571020,9,2008,11,2012,R9KCNT,R11KCNT,1.0,1.0,weekly,weekly,0.0,maintained_weekly,0.0,0.0,1.0,1.0,1,1
B,212573010,9,2008,11,2012,R9KCNT,R11KCNT,1.0,1.0,weekly,weekly,0.0,maintained_weekly,0.0,0.0,1.0,1.0,1,1
B,212575010,9,2008,11,2012,R9KCNT,R11KCNT,1.0,1.0,weekly,weekly,0.0,maintained_weekly,0.0,0.0,1.0,1.0,1,1
B,212575011,9,2008,11,2012,R9KCNT,R11KCNT,1.0,1.0,weekly,weekly,0.0,maintained_weekly,,1.0,1.0,1.0,1,1
B,212576020,9,2008,11,2012,R9KCNT,R11KCNT,1.0,1.0,weekly,weekly,0.0,maintained_weekly,1.0,1.0,1.0,0.0,1,1
B,212585010,9,2008,11,2012,R9KCNT,R11KCNT,,,no_children,no_children,,,,,,,.k,.k
B,212586010,9,2008,11,2012,R9KCNT,R11KCNT,1.0,1.0,weekly,weekly,0.0,maintained_weekly,1.0,1.0,1.0,1.0,1,1
B,212596020,9,2008,11,2012,R9KCNT,R11KCNT,1.0,,weekly,no_children,,,,,1.0,,1,.k
B,212601020,9,2008,11,2012,R9KCNT,R11KCNT,1.0,1.0,weekly,weekly,0.0,maintained_weekly,1.0,1.0,0.0,0.0,1,1
B,212606010,9,2008,11,2012,R9KCNT,R11KCNT,1.0,0.0,weekly,less_than_weekly,-1.0,decreased_below_weekly,1.0,0.0,0.0,0.0,1,0
B,212609010,9,2008,11,2012,R9KCNT,R11KCNT,1.0,1.0,weekly,weekly,0.0,maintained_weekly,1.0,1.0,1.0,0.0,1,1
B,212609020,9,2008,11,2012,R9KCNT,R11KCNT,1.0,1.0,weekly,weekly,0.0,maintained_weekly,1.0,1.0,1.0,1.0,1,1
B,212618010,9,2008,11,2012,R9KCNT,R11KCNT,1.0,1.0,weekly,weekly,0.0,maintained_weekly,1.0,1.0,1.0,1.0,1,1
B,212619021,9,2008,11,2012,R9KCNT,R11KCNT,0.0,1.0,less_than_weekly,weekly,1.0,increased_to_weekly,0.0,0.0,0.0,1.0,0,1
B,212630010,9,2008,11,2012,R9KCNT,R11KCNT,0.0,1.0,less_than_weekly,weekly,1.0,increased_to_weekly,0.0,1.0,0.0,1.0,0,1
B,212640010,9,2008,11,2012,R9KCNT,R11KCNT,1.0,1.0,weekly,weekly,0.0,maintained_weekly,1.0,1.0,1.0,1.0,1,1
B,212640020,9,2008,11,2012,R9KCNT,R11KCNT,1.0,1.0,weekly,weekly,0.0,maintained_weekly,1.0,1.0,1.0,1.0,1,1
B,212649010,9,2008,11,2012,R9KCNT,R11KCNT,1.0,1.0,weekly,weekly,0.0,maintained_weekly,1.0,1.0,1.0,1.0,1,1
B,212649020,9,2008,11,2012,R9KCNT,R11KCNT,1.0,1.0,weekly,weekly,0.0,maintained_weekly,1.0,1.0,1.0,1.0,1,1
B,212669010,9,2008,11,2012,R9KCNT,R11KCNT,1.0,1.0,weekly,weekly,0.0,maintained_weekly,1.0,0.0,1.0,1.0,1,1
B,212682010,9,2008,11,2012,R9KCNT,R11KCNT,1.0,1.0,weekly,weekly,0.0,maintained_weekly,1.0,1.0,1.0,1.0,1,1
B,212682020,9,2008,11,2012,R9KCNT,R11KCNT,1.0,1.0,weekly,weekly,0.0,maintained_weekly,1.0,1.0,1.0,1.0,1,1
B,212693010,9,2008,11,2012,R9KCNT,R11KCNT,1.0,1.0,weekly,weekly,0.0,maintained_weekly,1.0,1.0,1.0,1.0,1,1
B,212697010,9,2008,11,2012,R9KCNT,R11KCNT,1.0,1.0,weekly,weekly,0.0,maintained_weekly,1.0,1.0,1.0,1.0,1,1
B,212713010,9,2008,11,2012,R9KCNT,R11KCNT,1.0,1.0,weekly,weekly,0.0,maintained_weekly,1.0,1.0,1.0,1.0,1,1
B,212725010,9,2008,11,2012,R9KCNT,R11KCNT,1.0,1.0,weekly,weekly,0.0,maintained_weekly,0.0,0.0,1.0,1.0,1,1
B,212725020,9,2008,11,2012,R9KCNT,R11KCNT,1.0,1.0,weekly,weekly,0.0,maintained_weekly,0.0,0.0,1.0,1.0,1,1
B,212749020,9,2008,11,2012,R9KCNT,R11KCNT,1.0,1.0,weekly,weekly,0.0,maintained_weekly,1.0,1.0,1.0,1.0,1,1
B,212760010,9,2008,11,2012,R9KCNT,R11KCNT,,1.0,not_interviewed_or_plain_missing,weekly,,,,1.0,,1.0,.,1
B,212764010,9,2008,11,2012,R9KCNT,R11KCNT,1.0,1.0,weekly,weekly,0.0,maintained_weekly,1.0,0.0,1.0,1.0,1,1
B,212773010,9,2008,11,2012,R9KCNT,R11KCNT,0.0,0.0,less_than_weekly,less_than_weekly,0.0,persistently_below_weekly,0.0,0.0,0.0,0.0,0,0
B,212773020,9,2008,11,2012,R9KCNT,R11KCNT,1.0,1.0,weekly,weekly,0.0,maintained_weekly,0.0,1.0,1.0,1.0,1,1
B,212800020,9,2008,11,2012,R9KCNT,R11KCNT,1.0,,weekly,missing_response,,,0.0,,1.0,,1,.m
B,212803010,9,2008,11,2012,R9KCNT,R11KCNT,1.0,1.0,weekly,weekly,0.0,maintained_weekly,1.0,1.0,1.0,1.0,1,1
B,212808020,9,2008,11,2012,R9KCNT,R11KCNT,1.0,1.0,weekly,weekly,0.0,maintained_weekly,1.0,1.0,1.0,1.0,1,1
B,212815010,9,2008,11,2012,R9KCNT,R11KCNT,1.0,1.0,weekly,weekly,0.0,maintained_weekly,0.0,0.0,1.0,1.0,1,1
B,212815020,9,2008,11,2012,R9KCNT,R11KCNT,1.0,1.0,weekly,weekly,0.0,maintained_weekly,0.0,0.0,1.0,1.0,1,1
B,212823010,9,2008,11,2012,R9KCNT,R11KCNT,1.0,1.0,weekly,weekly,0.0,maintained_weekly,1.0,1.0,1.0,1.0,1,1
B,212823020,9,2008,11,2012,R9KCNT,R11KCNT,1.0,1.0,weekly,weekly,0.0,maintained_weekly,1.0,1.0,1.0,1.0,1,1
B,212825010,9,2008,11,2012,R9KCNT,R11KCNT,1.0,1.0,weekly,weekly,0.0,maintained_weekly,0.0,0.0,1.0,1.0,1,1
B,212836010,9,2008,11,2012,R9KCNT,R11KCNT,1.0,1.0,weekly,weekly,0.0,maintained_weekly,1.0,1.0,1.0,1.0,1,1
B,212838020,9,2008,11,2012,R9KCNT,R11KCNT,1.0,1.0,weekly,weekly,0.0,maintained_weekly,0.0,0.0,1.0,1.0,1,1
B,212840010,9,2008,11,2012,R9KCNT,R11KCNT,,,missing_response,missing_response,,,,,,,.m,.m
B,212848010,9,2008,11,2012,R9KCNT,R11KCNT,0.0,0.0,less_than_weekly,less_than_weekly,0.0,persistently_below_weekly,0.0,0.0,0.0,0.0,0,0
B,212848020,9,2008,11,2012,R9KCNT,R11KCNT,0.0,0.0,less_than_weekly,less_than_weekly,0.0,persistently_below_weekly,0.0,0.0,0.0,0.0,0,0
B,212849010,9,2008,11,2012,R9KCNT,R11KCNT,1.0,1.0,weekly,weekly,0.0,maintained_weekly,0.0,0.0,1.0,1.0,1,1
B,212849020,9,2008,11,2012,R9KCNT,R11KCNT,1.0,1.0,weekly,weekly,0.0,maintained_weekly,0.0,0.0,1.0,1.0,1,1
B,212851010,9,2008,11,2012,R9KCNT,R11KCNT,1.0,0.0,weekly,less_than_weekly,-1.0,decreased_below_weekly,1.0,0.0,1.0,0.0,1,0
B,212854010,9,2008,11,2012,R9KCNT,R11KCNT,0.0,1.0,less_than_weekly,weekly,1.0,increased_to_weekly,0.0,0.0,0.0,1.0,0,1
B,212869010,9,2008,11,2012,R9KCNT,R11KCNT,1.0,1.0,weekly,weekly,0.0,maintained_weekly,1.0,1.0,1.0,0.0,1,1
B,212893020,9,2008,11,2012,R9KCNT,R11KCNT,1.0,1.0,weekly,weekly,0.0,maintained_weekly,0.0,1.0,1.0,1.0,1,1
B,212918020,9,2008,11,2012,R9KCNT,R11KCNT,1.0,1.0,weekly,weekly,0.0,maintained_weekly,1.0,1.0,1.0,1.0,1,1
B,212927010,9,2008,11,2012,R9KCNT,R11KCNT,1.0,,weekly,missing_response,,,0.0,,1.0,,1,.m
B,212927020,9,2008,11,2012,R9KCNT,R11KCNT,1.0,1.0,weekly,weekly,0.0,maintained_weekly,0.0,0.0,1.0,1.0,1,1
B,212964010,9,2008,11,2012,R9KCNT,R11KCNT,1.0,1.0,weekly,weekly,0.0,maintained_weekly,0.0,0.0,1.0,1.0,1,1
B,212970020,9,2008,11,2012,R9KCNT,R11KCNT,1.0,1.0,weekly,weekly,0.0,maintained_weekly,0.0,0.0,1.0,1.0,1,1
B,212983010,9,2008,11,2012,R9KCNT,R11KCNT,1.0,1.0,weekly,weekly,0.0,maintained_weekly,1.0,1.0,1.0,1.0,1,1
B,212993010,9,2008,11,2012,R9KCNT,R11KCNT,1.0,0.0,weekly,less_than_weekly,-1.0,decreased_below_weekly,1.0,0.0,1.0,0.0,1,0
B,213000010,9,2008,11,2012,R9KCNT,R11KCNT,1.0,1.0,weekly,weekly,0.0,maintained_weekly,1.0,1.0,1.0,1.0,1,1
B,213011010,9,2008,11,2012,R9KCNT,R11KCNT,1.0,0.0,weekly,less_than_weekly,-1.0,decreased_below_weekly,1.0,0.0,1.0,,1,0
B,213031010,9,2008,11,2012,R9KCNT,R11KCNT,1.0,1.0,weekly,weekly,0.0,maintained_weekly,0.0,0.0,1.0,1.0,1,1
B,213042010,9,2008,11,2012,R9KCNT,R11KCNT,0.0,1.0,less_than_weekly,weekly,1.0,increased_to_weekly,0.0,0.0,0.0,1.0,0,1
B,213042020,9,2008,11,2012,R9KCNT,R11KCNT,1.0,1.0,weekly,weekly,0.0,maintained_weekly,1.0,0.0,1.0,1.0,1,1
B,213045010,9,2008,11,2012,R9KCNT,R11KCNT,1.0,1.0,weekly,weekly,0.0,maintained_weekly,0.0,1.0,1.0,1.0,1,1
B,213049011,9,2008,11,2012,R9KCNT,R11KCNT,1.0,1.0,weekly,weekly,0.0,maintained_weekly,0.0,0.0,1.0,1.0,1,1
B,213081010,9,2008,11,2012,R9KCNT,R11KCNT,1.0,1.0,weekly,weekly,0.0,maintained_weekly,0.0,1.0,1.0,1.0,1,1
B,213087010,9,2008,11,2012,R9KCNT,R11KCNT,1.0,0.0,weekly,less_than_weekly,-1.0,decreased_below_weekly,1.0,0.0,0.0,0.0,1,0
B,213087020,9,2008,11,2012,R9KCNT,R11KCNT,1.0,1.0,weekly,weekly,0.0,maintained_weekly,1.0,0.0,1.0,1.0,1,1
B,213097010,9,2008,11,2012,R9KCNT,R11KCNT,1.0,1.0,weekly,weekly,0.0,maintained_weekly,1.0,1.0,1.0,1.0,1,1
B,213099020,9,2008,11,2012,R9KCNT,R11KCNT,1.0,1.0,weekly,weekly,0.0,maintained_weekly,0.0,0.0,1.0,1.0,1,1
B,213105010,9,2008,11,2012,R9KCNT,R11KCNT,0.0,1.0,less_than_weekly,weekly,1.0,increased_to_weekly,0.0,0.0,0.0,1.0,0,1
B,213114010,9,2008,11,2012,R9KCNT,R11KCNT,1.0,1.0,weekly,weekly,0.0,maintained_weekly,0.0,0.0,1.0,1.0,1,1
B,213117010,9,2008,11,2012,R9KCNT,R11KCNT,1.0,1.0,weekly,weekly,0.0,maintained_weekly,1.0,1.0,1.0,1.0,1,1
B,213119010,9,2008,11,2012,R9KCNT,R11KCNT,1.0,1.0,weekly,weekly,0.0,maintained_weekly,0.0,0.0,1.0,1.0,1,1
B,213126010,9,2008,11,2012,R9KCNT,R11KCNT,1.0,1.0,weekly,weekly,0.0,maintained_weekly,1.0,0.0,1.0,1.0,1,1
B,213126020,9,2008,11,2012,R9KCNT,R11KCNT,1.0,1.0,weekly,weekly,0.0,maintained_weekly,1.0,0.0,1.0,1.0,1,1
B,213130010,9,2008,11,2012,R9KCNT,R11KCNT,,,no_children,no_children,,,,,,,.k,.k
B,213130020,9,2008,11,2012,R9KCNT,R11KCNT,,,no_children,no_children,,,,,,,.k,.k
B,213138010,9,2008,11,2012,R9KCNT,R11KCNT,0.0,,less_than_weekly,missing_response,,,,,0.0,,0,.m
B,213139020,9,2008,11,2012,R9KCNT,R11KCNT,1.0,1.0,weekly,weekly,0.0,maintained_weekly,0.0,1.0,1.0,1.0,1,1
B,213139021,9,2008,11,2012,R9KCNT,R11KCNT,1.0,1.0,weekly,weekly,0.0,maintained_weekly,0.0,1.0,1.0,1.0,1,1
B,213153010,9,2008,11,2012,R9KCNT,R11KCNT,1.0,1.0,weekly,weekly,0.0,maintained_weekly,1.0,1.0,1.0,1.0,1,1
B,213162010,9,2008,11,2012,R9KCNT,R11KCNT,1.0,1.0,weekly,weekly,0.0,maintained_weekly,0.0,0.0,1.0,1.0,1,1
B,213162020,9,2008,11,2012,R9KCNT,R11KCNT,1.0,1.0,weekly,weekly,0.0,maintained_weekly,0.0,0.0,1.0,1.0,1,1
B,213172010,9,2008,11,2012,R9KCNT,R11KCNT,1.0,1.0,weekly,weekly,0.0,maintained_weekly,0.0,0.0,1.0,1.0,1,1
B,213179020,9,2008,11,2012,R9KCNT,R11KCNT,1.0,1.0,weekly,weekly,0.0,maintained_weekly,1.0,0.0,1.0,1.0,1,1
B,213180010,9,2008,11,2012,R9KCNT,R11KCNT,1.0,1.0,weekly,weekly,0.0,maintained_weekly,1.0,1.0,1.0,1.0,1,1
B,213189010,9,2008,11,2012,R9KCNT,R11KCNT,0.0,0.0,less_than_weekly,less_than_weekly,0.0,persistently_below_weekly,0.0,0.0,0.0,0.0,0,0
B,213189020,9,2008,11,2012,R9KCNT,R11KCNT,1.0,0.0,weekly,less_than_weekly,-1.0,decreased_below_weekly,0.0,0.0,1.0,0.0,1,0
B,213190010,9,2008,11,2012,R9KCNT,R11KCNT,,,no_children,no_children,,,,,,,.k,.k
B,213199010,9,2008,11,2012,R9KCNT,R11KCNT,1.0,,weekly,not_interviewed_or_plain_missing,,,1.0,,1.0,,1,.
B,213206011,9,2008,11,2012,R9KCNT,R11KCNT,1.0,1.0,weekly,weekly,0.0,maintained_weekly,0.0,0.0,1.0,1.0,1,1
B,213233010,9,2008,11,2012,R9KCNT,R11KCNT,1.0,1.0,weekly,weekly,0.0,maintained_weekly,0.0,1.0,1.0,1.0,1,1
B,213250010,9,2008,11,2012,R9KCNT,R11KCNT,0.0,0.0,less_than_weekly,less_than_weekly,0.0,persistently_below_weekly,0.0,0.0,0.0,0.0,0,0
B,213250020,9,2008,11,2012,R9KCNT,R11KCNT,1.0,0.0,weekly,less_than_weekly,-1.0,decreased_below_weekly,0.0,,1.0,0.0,1,0
B,213256010,9,2008,11,2012,R9KCNT,R11KCNT,1.0,1.0,weekly,weekly,0.0,maintained_weekly,0.0,0.0,1.0,1.0,1,1
B,213263010,9,2008,11,2012,R9KCNT,R11KCNT,1.0,0.0,weekly,less_than_weekly,-1.0,decreased_below_weekly,0.0,0.0,1.0,0.0,1,0
B,213263020,9,2008,11,2012,R9KCNT,R11KCNT,1.0,0.0,weekly,less_than_weekly,-1.0,decreased_below_weekly,0.0,0.0,1.0,0.0,1,0
B,213285010,9,2008,11,2012,R9KCNT,R11KCNT,0.0,1.0,less_than_weekly,weekly,1.0,increased_to_weekly,0.0,0.0,0.0,1.0,0,1
B,213301010,9,2008,11,2012,R9KCNT,R11KCNT,,,leave_behind_not_completed_or_ineligible,no_children,,,,,,,.l,.k
B,213306010,9,2008,11,2012,R9KCNT,R11KCNT,1.0,1.0,weekly,weekly,0.0,maintained_weekly,1.0,1.0,1.0,1.0,1,1
B,213338010,9,2008,11,2012,R9KCNT,R11KCNT,1.0,1.0,weekly,weekly,0.0,maintained_weekly,0.0,0.0,1.0,1.0,1,1
B,213338020,9,2008,11,2012,R9KCNT,R11KCNT,1.0,1.0,weekly,weekly,0.0,maintained_weekly,0.0,0.0,1.0,1.0,1,1
B,213345020,9,2008,11,2012,R9KCNT,R11KCNT,1.0,1.0,weekly,weekly,0.0,maintained_weekly,0.0,,1.0,1.0,1,1
B,213351010,9,2008,11,2012,R9KCNT,R11KCNT,1.0,1.0,weekly,weekly,0.0,maintained_weekly,0.0,0.0,1.0,1.0,1,1
B,213351020,9,2008,11,2012,R9KCNT,R11KCNT,0.0,0.0,less_than_weekly,less_than_weekly,0.0,persistently_below_weekly,0.0,0.0,0.0,0.0,0,0
B,213355010,9,2008,11,2012,R9KCNT,R11KCNT,1.0,1.0,weekly,weekly,0.0,maintained_weekly,0.0,1.0,1.0,1.0,1,1
B,213359010,9,2008,11,2012,R9KCNT,R11KCNT,1.0,1.0,weekly,weekly,0.0,maintained_weekly,0.0,0.0,1.0,1.0,1,1
B,213365010,9,2008,11,2012,R9KCNT,R11KCNT,1.0,1.0,weekly,weekly,0.0,maintained_weekly,0.0,0.0,1.0,1.0,1,1
B,213365020,9,2008,11,2012,R9KCNT,R11KCNT,1.0,1.0,weekly,weekly,0.0,maintained_weekly,0.0,0.0,1.0,1.0,1,1
B,213367020,9,2008,11,2012,R9KCNT,R11KCNT,1.0,1.0,weekly,weekly,0.0,maintained_weekly,0.0,0.0,1.0,1.0,1,1
B,213381010,9,2008,11,2012,R9KCNT,R11KCNT,1.0,0.0,weekly,less_than_weekly,-1.0,decreased_below_weekly,0.0,0.0,1.0,0.0,1,0
B,213388010,9,2008,11,2012,R9KCNT,R11KCNT,1.0,1.0,weekly,weekly,0.0,maintained_weekly,1.0,1.0,1.0,1.0,1,1
B,213404010,9,2008,11,2012,R9KCNT,R11KCNT,1.0,0.0,weekly,less_than_weekly,-1.0,decreased_below_weekly,0.0,0.0,1.0,0.0,1,0
B,213409020,9,2008,11,2012,R9KCNT,R11KCNT,1.0,1.0,weekly,weekly,0.0,maintained_weekly,1.0,1.0,1.0,0.0,1,1
B,213415020,9,2008,11,2012,R9KCNT,R11KCNT,,,no_children,no_children,,,,,,,.k,.k
B,213419011,9,2008,11,2012,R9KCNT,R11KCNT,,,no_children,no_children,,,,,,,.k,.k
B,213419021,9,2008,11,2012,R9KCNT,R11KCNT,,1.0,not_interviewed_or_plain_missing,weekly,,,,0.0,,1.0,.,1
B,213427010,9,2008,11,2012,R9KCNT,R11KCNT,0.0,,less_than_weekly,leave_behind_not_completed_or_ineligible,,,0.0,,0.0,,0,.l
B,213442010,9,2008,11,2012,R9KCNT,R11KCNT,1.0,1.0,weekly,weekly,0.0,maintained_weekly,0.0,0.0,1.0,1.0,1,1
B,213443010,9,2008,11,2012,R9KCNT,R11KCNT,1.0,1.0,weekly,weekly,0.0,maintained_weekly,1.0,1.0,1.0,1.0,1,1
B,213444020,9,2008,11,2012,R9KCNT,R11KCNT,1.0,1.0,weekly,weekly,0.0,maintained_weekly,0.0,1.0,1.0,1.0,1,1
B,213449010,9,2008,11,2012,R9KCNT,R11KCNT,1.0,1.0,weekly,weekly,0.0,maintained_weekly,0.0,0.0,1.0,1.0,1,1
B,213467010,9,2008,11,2012,R9KCNT,R11KCNT,0.0,0.0,less_than_weekly,less_than_weekly,0.0,persistently_below_weekly,0.0,0.0,0.0,0.0,0,0
B,213467020,9,2008,11,2012,R9KCNT,R11KCNT,0.0,0.0,less_than_weekly,less_than_weekly,0.0,persistently_below_weekly,0.0,0.0,0.0,0.0,0,0
B,213468010,9,2008,11,2012,R9KCNT,R11KCNT,,,missing_response,missing_response,,,,,,,.m,.m
B,213475010,9,2008,11,2012,R9KCNT,R11KCNT,1.0,0.0,weekly,less_than_weekly,-1.0,decreased_below_weekly,0.0,0.0,1.0,0.0,1,0
B,500726011,9,2008,11,2012,R9KCNT,R11KCNT,1.0,1.0,weekly,weekly,0.0,maintained_weekly,0.0,1.0,1.0,1.0,1,1
B,500820011,9,2008,11,2012,R9KCNT,R11KCNT,,1.0,not_interviewed_or_plain_missing,weekly,,,,0.0,,1.0,.,1
B,501599011,9,2008,11,2012,R9KCNT,R11KCNT,,0.0,not_interviewed_or_plain_missing,less_than_weekly,,,,0.0,,0.0,.,0
B,520459011,9,2008,11,2012,R9KCNT,R11KCNT,,,not_interviewed_or_plain_missing,no_children,,,,,,,.,.k
B,522815020,9,2008,11,2012,R9KCNT,R11KCNT,,1.0,not_interviewed_or_plain_missing,weekly,,,,0.0,,1.0,.,1
B,523312010,9,2008,11,2012,R9KCNT,R11KCNT,,1.0,not_interviewed_or_plain_missing,weekly,,,,1.0,,0.0,.,1
B,531159020,9,2008,11,2012,R9KCNT,R11KCNT,,1.0,not_interviewed_or_plain_missing,weekly,,,,0.0,,1.0,.,1
B,532391020,9,2008,11,2012,R9KCNT,R11KCNT,,1.0,not_interviewed_or_plain_missing,weekly,,,,1.0,,1.0,.,1
B,532858020,9,2008,11,2012,R9KCNT,R11KCNT,,1.0,not_interviewed_or_plain_missing,weekly,,,,0.0,,1.0,.,1
B,533574020,9,2008,11,2012,R9KCNT,R11KCNT,,1.0,not_interviewed_or_plain_missing,weekly,,,,0.0,,1.0,.,1
B,534540020,9,2008,11,2012,R9KCNT,R11KCNT,,0.0,not_interviewed_or_plain_missing,less_than_weekly,,,,0.0,,0.0,.,0
B,534632020,9,2008,11,2012,R9KCNT,R11KCNT,,1.0,not_interviewed_or_plain_missing,weekly,,,,1.0,,1.0,.,1
B,535853020,9,2008,11,2012,R9KCNT,R11KCNT,,1.0,not_interviewed_or_plain_missing,weekly,,,,1.0,,1.0,.,1
B,535877020,9,2008,11,2012,R9KCNT,R11KCNT,,0.0,not_interviewed_or_plain_missing,less_than_weekly,,,,,,0.0,.,0
B,900158020,9,2008,11,2012,R9KCNT,R11KCNT,,0.0,not_interviewed_or_plain_missing,less_than_weekly,,,,0.0,,0.0,.,0
B,900571020,9,2008,11,2012,R9KCNT,R11KCNT,,,not_interviewed_or_plain_missing,no_children,,,,,,,.,.k
B,901049020,9,2008,11,2012,R9KCNT,R11KCNT,,1.0,not_interviewed_or_plain_missing,weekly,,,,1.0,,1.0,.,1
B,902646020,9,2008,11,2012,R9KCNT,R11KCNT,,1.0,not_interviewed_or_plain_missing,weekly,,,,0.0,,1.0,.,1
B,903137020,9,2008,11,2012,R9KCNT,R11KCNT,,1.0,not_interviewed_or_plain_missing,weekly,,,,0.0,,1.0,.,1
B,905398020,9,2008,11,2012,R9KCNT,R11KCNT,,1.0,not_interviewed_or_plain_missing,weekly,,,,0.0,,1.0,.,1
B,905779020,9,2008,11,2012,R9KCNT,R11KCNT,,1.0,not_interviewed_or_plain_missing,weekly,,,,1.0,,1.0,.,1
B,906069020,9,2008,11,2012,R9KCNT,R11KCNT,,0.0,not_interviewed_or_plain_missing,less_than_weekly,,,,0.0,,0.0,.,0
B,906307020,9,2008,11,2012,R9KCNT,R11KCNT,,1.0,not_interviewed_or_plain_missing,weekly,,,,0.0,,1.0,.,1
B,906410020,9,2008,11,2012,R9KCNT,R11KCNT,,1.0,not_interviewed_or_plain_missing,weekly,,,,1.0,,1.0,.,1
B,907226020,9,2008,11,2012,R9KCNT,R11KCNT,,1.0,not_interviewed_or_plain_missing,weekly,,,,1.0,,1.0,.,1
B,907453020,9,2008,11,2012,R9KCNT,R11KCNT,,1.0,not_interviewed_or_plain_missing,weekly,,,,0.0,,1.0,.,1
B,907910020,9,2008,11,2012,R9KCNT,R11KCNT,,1.0,not_interviewed_or_plain_missing,weekly,,,,0.0,,1.0,.,1
B,908191020,9,2008,11,2012,R9KCNT,R11KCNT,,1.0,not_interviewed_or_plain_missing,weekly,,,,0.0,,1.0,.,1
B,910847020,9,2008,11,2012,R9KCNT,R11KCNT,,1.0,not_interviewed_or_plain_missing,weekly,,,,0.0,,1.0,.,1
B,911252020,9,2008,11,2012,R9KCNT,R11KCNT,,1.0,not_interviewed_or_plain_missing,weekly,,,,0.0,,1.0,.,1
B,911735020,9,2008,11,2012,R9KCNT,R11KCNT,,0.0,not_interviewed_or_plain_missing,less_than_weekly,,,,0.0,,0.0,.,0
B,911782020,9,2008,11,2012,R9KCNT,R11KCNT,,0.0,not_interviewed_or_plain_missing,less_than_weekly,,,,0.0,,0.0,.,0
B,913790020,9,2008,11,2012,R9KCNT,R11KCNT,,1.0,not_interviewed_or_plain_missing,weekly,,,,0.0,,1.0,.,1
B,914456020,9,2008,11,2012,R9KCNT,R11KCNT,,1.0,not_interviewed_or_plain_missing,weekly,,,,1.0,,1.0,.,1
B,915500020,9,2008,11,2012,R9KCNT,R11KCNT,,1.0,not_interviewed_or_plain_missing,weekly,,,,1.0,,1.0,.,1
B,915536020,9,2008,11,2012,R9KCNT,R11KCNT,,1.0,not_interviewed_or_plain_missing,weekly,,,,0.0,,1.0,.,1
B,915586020,9,2008,11,2012,R9KCNT,R11KCNT,,1.0,not_interviewed_or_plain_missing,weekly,,,,1.0,,1.0,.,1
B,916565020,9,2008,11,2012,R9KCNT,R11KCNT,,0.0,not_interviewed_or_plain_missing,less_than_weekly,,,,0.0,,0.0,.,0
B,920363020,9,2008,11,2012,R9KCNT,R11KCNT,,1.0,not_interviewed_or_plain_missing,weekly,,,,1.0,,1.0,.,1
